{
  "type": "FeatureCollection",
  "provenance": {
    "classification": "observed",
    "generatedFrom": [
      "Planet Crisis Response STAC catalog hosted by Source Cooperative",
      "OpenStreetMap places and waterways fetched with Overpass API"
    ],
    "limitations": [
      "Planet imagery is CC-BY-NC-4.0 and is referenced as metadata/footprints only; imagery pixels are not bundled.",
      "OSM place and tributary completeness depends on community mapping coverage.",
      "These evidence layers do not contain measured water levels or validated inundation polygons."
    ]
  },
  "features": [
    {
      "type": "Feature",
      "properties": {
        "id": "20260527_053217_72_254a",
        "name": "pre-event planetscope 2026-05-27T05:32:17.727510Z",
        "kind": "satellite_scene",
        "phase": "pre-event",
        "sensor": "planetscope",
        "collectionId": "pre-event-planetscope-2026-05-27",
        "collectionTitle": "Trishuli–Bhote Koshi corridor baseline — Pre-event Imagery",
        "datetime": "2026-05-27T05:32:17.727510Z",
        "gsd": 3.7,
        "cloudCover": 41,
        "qualityCategory": "standard",
        "classification": "observed",
        "license": "CC-BY-NC-4.0",
        "sourceUrl": "https://data.source.coop/planet/disasterdata/nepal-flash-flood-2026-08-26/pre-event/planetscope-2026-05-27/items/20260527_053217_72_254a/20260527_053217_72_254a.json",
        "visualHref": "https://data.source.coop/planet/disasterdata/nepal-flash-flood-2026-08-26/pre-event/planetscope-2026-05-27/items/20260527_053217_72_254a/20260527_053217_72_254a_visual.tif",
        "thumbnailHref": "https://data.source.coop/planet/disasterdata/nepal-flash-flood-2026-08-26/pre-event/planetscope-2026-05-27/items/20260527_053217_72_254a/20260527_053217_72_254a_thumbnail.png"
      },
      "geometry": {
        "coordinates": [
          [
            [
              85.17720777636677,
              28.591129032159838
            ],
            [
              85.13725832697908,
              28.420179308654856
            ],
            [
              85.4644408135929,
              28.358812529199696
            ],
            [
              85.5023739152222,
              28.531045374981883
            ],
            [
              85.17720777636677,
              28.591129032159838
            ]
          ]
        ],
        "type": "Polygon"
      }
    },
    {
      "type": "Feature",
      "properties": {
        "id": "20260527_053219_95_254a",
        "name": "pre-event planetscope 2026-05-27T05:32:19.952034Z",
        "kind": "satellite_scene",
        "phase": "pre-event",
        "sensor": "planetscope",
        "collectionId": "pre-event-planetscope-2026-05-27",
        "collectionTitle": "Trishuli–Bhote Koshi corridor baseline — Pre-event Imagery",
        "datetime": "2026-05-27T05:32:19.952034Z",
        "gsd": 3.7,
        "cloudCover": 43,
        "qualityCategory": "test",
        "classification": "observed",
        "license": "CC-BY-NC-4.0",
        "sourceUrl": "https://data.source.coop/planet/disasterdata/nepal-flash-flood-2026-08-26/pre-event/planetscope-2026-05-27/items/20260527_053219_95_254a/20260527_053219_95_254a.json",
        "visualHref": "https://data.source.coop/planet/disasterdata/nepal-flash-flood-2026-08-26/pre-event/planetscope-2026-05-27/items/20260527_053219_95_254a/20260527_053219_95_254a_visual.tif",
        "thumbnailHref": "https://data.source.coop/planet/disasterdata/nepal-flash-flood-2026-08-26/pre-event/planetscope-2026-05-27/items/20260527_053219_95_254a/20260527_053219_95_254a_thumbnail.png"
      },
      "geometry": {
        "coordinates": [
          [
            [
              85.14464440700003,
              28.450563366133586
            ],
            [
              85.10432532900899,
              28.2791801516227
            ],
            [
              85.42936837121549,
              28.2184057303091
            ],
            [
              85.47135821771964,
              28.390358723078133
            ],
            [
              85.14464440700003,
              28.450563366133586
            ]
          ]
        ],
        "type": "Polygon"
      }
    },
    {
      "type": "Feature",
      "properties": {
        "id": "20260527_053221_96_254a",
        "name": "pre-event planetscope 2026-05-27T05:32:21.964727Z",
        "kind": "satellite_scene",
        "phase": "pre-event",
        "sensor": "planetscope",
        "collectionId": "pre-event-planetscope-2026-05-27",
        "collectionTitle": "Trishuli–Bhote Koshi corridor baseline — Pre-event Imagery",
        "datetime": "2026-05-27T05:32:21.964727Z",
        "gsd": 3.7,
        "cloudCover": 52,
        "qualityCategory": "test",
        "classification": "observed",
        "license": "CC-BY-NC-4.0",
        "sourceUrl": "https://data.source.coop/planet/disasterdata/nepal-flash-flood-2026-08-26/pre-event/planetscope-2026-05-27/items/20260527_053221_96_254a/20260527_053221_96_254a.json",
        "visualHref": "https://data.source.coop/planet/disasterdata/nepal-flash-flood-2026-08-26/pre-event/planetscope-2026-05-27/items/20260527_053221_96_254a/20260527_053221_96_254a_visual.tif",
        "thumbnailHref": "https://data.source.coop/planet/disasterdata/nepal-flash-flood-2026-08-26/pre-event/planetscope-2026-05-27/items/20260527_053221_96_254a/20260527_053221_96_254a_thumbnail.png"
      },
      "geometry": {
        "coordinates": [
          [
            [
              85.11097647493564,
              28.3088770252574
            ],
            [
              85.07148111282822,
              28.13743958237263
            ],
            [
              85.39621090232072,
              28.0767541313641
            ],
            [
              85.43719785144634,
              28.248827641595508
            ],
            [
              85.11097647493564,
              28.3088770252574
            ]
          ]
        ],
        "type": "Polygon"
      }
    },
    {
      "type": "Feature",
      "properties": {
        "id": "20260527_053224_18_254a",
        "name": "pre-event planetscope 2026-05-27T05:32:24.189295Z",
        "kind": "satellite_scene",
        "phase": "pre-event",
        "sensor": "planetscope",
        "collectionId": "pre-event-planetscope-2026-05-27",
        "collectionTitle": "Trishuli–Bhote Koshi corridor baseline — Pre-event Imagery",
        "datetime": "2026-05-27T05:32:24.189295Z",
        "gsd": 3.7,
        "cloudCover": 48,
        "qualityCategory": "test",
        "classification": "observed",
        "license": "CC-BY-NC-4.0",
        "sourceUrl": "https://data.source.coop/planet/disasterdata/nepal-flash-flood-2026-08-26/pre-event/planetscope-2026-05-27/items/20260527_053224_18_254a/20260527_053224_18_254a.json",
        "visualHref": "https://data.source.coop/planet/disasterdata/nepal-flash-flood-2026-08-26/pre-event/planetscope-2026-05-27/items/20260527_053224_18_254a/20260527_053224_18_254a_visual.tif",
        "thumbnailHref": "https://data.source.coop/planet/disasterdata/nepal-flash-flood-2026-08-26/pre-event/planetscope-2026-05-27/items/20260527_053224_18_254a/20260527_053224_18_254a_thumbnail.png"
      },
      "geometry": {
        "coordinates": [
          [
            [
              85.07922861726807,
              28.168685036307625
            ],
            [
              85.03895415607086,
              27.99657685898646
            ],
            [
              85.36597167754033,
              27.93522139564853
            ],
            [
              85.40415454926928,
              28.1082291479312
            ],
            [
              85.07922861726807,
              28.168685036307625
            ]
          ]
        ],
        "type": "Polygon"
      }
    },
    {
      "type": "Feature",
      "properties": {
        "id": "20260527_053226_41_254a",
        "name": "pre-event planetscope 2026-05-27T05:32:26.413863Z",
        "kind": "satellite_scene",
        "phase": "pre-event",
        "sensor": "planetscope",
        "collectionId": "pre-event-planetscope-2026-05-27",
        "collectionTitle": "Trishuli–Bhote Koshi corridor baseline — Pre-event Imagery",
        "datetime": "2026-05-27T05:32:26.413863Z",
        "gsd": 3.7,
        "cloudCover": 5,
        "qualityCategory": "test",
        "classification": "observed",
        "license": "CC-BY-NC-4.0",
        "sourceUrl": "https://data.source.coop/planet/disasterdata/nepal-flash-flood-2026-08-26/pre-event/planetscope-2026-05-27/items/20260527_053226_41_254a/20260527_053226_41_254a.json",
        "visualHref": "https://data.source.coop/planet/disasterdata/nepal-flash-flood-2026-08-26/pre-event/planetscope-2026-05-27/items/20260527_053226_41_254a/20260527_053226_41_254a_visual.tif",
        "thumbnailHref": "https://data.source.coop/planet/disasterdata/nepal-flash-flood-2026-08-26/pre-event/planetscope-2026-05-27/items/20260527_053226_41_254a/20260527_053226_41_254a_thumbnail.png"
      },
      "geometry": {
        "coordinates": [
          [
            [
              85.04628144733252,
              28.028221214872758
            ],
            [
              85.00658166921005,
              27.855817868554762
            ],
            [
              85.33257039687703,
              27.79480621616208
            ],
            [
              85.3731194072136,
              27.967899279705794
            ],
            [
              85.04628144733252,
              28.028221214872758
            ]
          ]
        ],
        "type": "Polygon"
      }
    },
    {
      "type": "Feature",
      "properties": {
        "id": "20260826_050125_99_255f",
        "name": "post-event planetscope 2026-08-26T05:01:25.993228Z",
        "kind": "satellite_scene",
        "phase": "post-event",
        "sensor": "planetscope",
        "collectionId": "post-event-planetscope-2026-08-26",
        "collectionTitle": "Flood corridor, same-day coverage — Post-event Imagery",
        "datetime": "2026-08-26T05:01:25.993228Z",
        "gsd": 3.8,
        "cloudCover": 79,
        "qualityCategory": "test",
        "classification": "observed",
        "license": "CC-BY-NC-4.0",
        "sourceUrl": "https://data.source.coop/planet/disasterdata/nepal-flash-flood-2026-08-26/post-event/planetscope-2026-08-26/items/20260826_050125_99_255f/20260826_050125_99_255f.json",
        "visualHref": "https://data.source.coop/planet/disasterdata/nepal-flash-flood-2026-08-26/post-event/planetscope-2026-08-26/items/20260826_050125_99_255f/20260826_050125_99_255f_visual.tif",
        "thumbnailHref": "https://data.source.coop/planet/disasterdata/nepal-flash-flood-2026-08-26/post-event/planetscope-2026-08-26/items/20260826_050125_99_255f/20260826_050125_99_255f_thumbnail.png"
      },
      "geometry": {
        "coordinates": [
          [
            [
              85.07338580084163,
              28.659453856281846
            ],
            [
              85.03219814194125,
              28.48125152832942
            ],
            [
              85.37128222378858,
              28.418252286729754
            ],
            [
              85.41216965361426,
              28.597270598738458
            ],
            [
              85.07338580084163,
              28.659453856281846
            ]
          ]
        ],
        "type": "Polygon"
      }
    },
    {
      "type": "Feature",
      "properties": {
        "id": "20260826_050128_33_255f",
        "name": "post-event planetscope 2026-08-26T05:01:28.330973Z",
        "kind": "satellite_scene",
        "phase": "post-event",
        "sensor": "planetscope",
        "collectionId": "post-event-planetscope-2026-08-26",
        "collectionTitle": "Flood corridor, same-day coverage — Post-event Imagery",
        "datetime": "2026-08-26T05:01:28.330973Z",
        "gsd": 3.8,
        "cloudCover": 78,
        "qualityCategory": "test",
        "classification": "observed",
        "license": "CC-BY-NC-4.0",
        "sourceUrl": "https://data.source.coop/planet/disasterdata/nepal-flash-flood-2026-08-26/post-event/planetscope-2026-08-26/items/20260826_050128_33_255f/20260826_050128_33_255f.json",
        "visualHref": "https://data.source.coop/planet/disasterdata/nepal-flash-flood-2026-08-26/post-event/planetscope-2026-08-26/items/20260826_050128_33_255f/20260826_050128_33_255f_visual.tif",
        "thumbnailHref": "https://data.source.coop/planet/disasterdata/nepal-flash-flood-2026-08-26/post-event/planetscope-2026-08-26/items/20260826_050128_33_255f/20260826_050128_33_255f_thumbnail.png"
      },
      "geometry": {
        "coordinates": [
          [
            [
              85.03879924775968,
              28.512440904959274
            ],
            [
              84.9971583162002,
              28.334423859461427
            ],
            [
              85.33616929652212,
              28.2710944376616
            ],
            [
              85.37774635197097,
              28.45016950176162
            ],
            [
              85.03879924775968,
              28.512440904959274
            ]
          ]
        ],
        "type": "Polygon"
      }
    },
    {
      "type": "Feature",
      "properties": {
        "id": "20260826_050130_66_255f",
        "name": "post-event planetscope 2026-08-26T05:01:30.668664Z",
        "kind": "satellite_scene",
        "phase": "post-event",
        "sensor": "planetscope",
        "collectionId": "post-event-planetscope-2026-08-26",
        "collectionTitle": "Flood corridor, same-day coverage — Post-event Imagery",
        "datetime": "2026-08-26T05:01:30.668664Z",
        "gsd": 3.8,
        "cloudCover": 93,
        "qualityCategory": "test",
        "classification": "observed",
        "license": "CC-BY-NC-4.0",
        "sourceUrl": "https://data.source.coop/planet/disasterdata/nepal-flash-flood-2026-08-26/post-event/planetscope-2026-08-26/items/20260826_050130_66_255f/20260826_050130_66_255f.json",
        "visualHref": "https://data.source.coop/planet/disasterdata/nepal-flash-flood-2026-08-26/post-event/planetscope-2026-08-26/items/20260826_050130_66_255f/20260826_050130_66_255f_visual.tif",
        "thumbnailHref": "https://data.source.coop/planet/disasterdata/nepal-flash-flood-2026-08-26/post-event/planetscope-2026-08-26/items/20260826_050130_66_255f/20260826_050130_66_255f_thumbnail.png"
      },
      "geometry": {
        "coordinates": [
          [
            [
              85.00463444815166,
              28.365421511712128
            ],
            [
              84.96305430294824,
              28.186851517676377
            ],
            [
              85.30301998970121,
              28.12326329258072
            ],
            [
              85.3455059716726,
              28.303215359467025
            ],
            [
              85.00463444815166,
              28.365421511712128
            ]
          ]
        ],
        "type": "Polygon"
      }
    },
    {
      "type": "Feature",
      "properties": {
        "id": "20260826_050133_00_255f",
        "name": "post-event planetscope 2026-08-26T05:01:33.006355Z",
        "kind": "satellite_scene",
        "phase": "post-event",
        "sensor": "planetscope",
        "collectionId": "post-event-planetscope-2026-08-26",
        "collectionTitle": "Flood corridor, same-day coverage — Post-event Imagery",
        "datetime": "2026-08-26T05:01:33.006355Z",
        "gsd": 3.8,
        "cloudCover": 92,
        "qualityCategory": "test",
        "classification": "observed",
        "license": "CC-BY-NC-4.0",
        "sourceUrl": "https://data.source.coop/planet/disasterdata/nepal-flash-flood-2026-08-26/post-event/planetscope-2026-08-26/items/20260826_050133_00_255f/20260826_050133_00_255f.json",
        "visualHref": "https://data.source.coop/planet/disasterdata/nepal-flash-flood-2026-08-26/post-event/planetscope-2026-08-26/items/20260826_050133_00_255f/20260826_050133_00_255f_visual.tif",
        "thumbnailHref": "https://data.source.coop/planet/disasterdata/nepal-flash-flood-2026-08-26/post-event/planetscope-2026-08-26/items/20260826_050133_00_255f/20260826_050133_00_255f_thumbnail.png"
      },
      "geometry": {
        "coordinates": [
          [
            [
              84.97008238567564,
              28.218324448776336
            ],
            [
              84.92900556547414,
              28.03948863063739
            ],
            [
              85.26816596633364,
              27.976293712999166
            ],
            [
              85.31060172181508,
              28.156306901888986
            ],
            [
              84.97008238567564,
              28.218324448776336
            ]
          ]
        ],
        "type": "Polygon"
      }
    },
    {
      "type": "Feature",
      "properties": {
        "id": "20260826_050135_34_255f",
        "name": "post-event planetscope 2026-08-26T05:01:35.344100Z",
        "kind": "satellite_scene",
        "phase": "post-event",
        "sensor": "planetscope",
        "collectionId": "post-event-planetscope-2026-08-26",
        "collectionTitle": "Flood corridor, same-day coverage — Post-event Imagery",
        "datetime": "2026-08-26T05:01:35.344100Z",
        "gsd": 3.8,
        "cloudCover": 62,
        "qualityCategory": "test",
        "classification": "observed",
        "license": "CC-BY-NC-4.0",
        "sourceUrl": "https://data.source.coop/planet/disasterdata/nepal-flash-flood-2026-08-26/post-event/planetscope-2026-08-26/items/20260826_050135_34_255f/20260826_050135_34_255f.json",
        "visualHref": "https://data.source.coop/planet/disasterdata/nepal-flash-flood-2026-08-26/post-event/planetscope-2026-08-26/items/20260826_050135_34_255f/20260826_050135_34_255f_visual.tif",
        "thumbnailHref": "https://data.source.coop/planet/disasterdata/nepal-flash-flood-2026-08-26/post-event/planetscope-2026-08-26/items/20260826_050135_34_255f/20260826_050135_34_255f_thumbnail.png"
      },
      "geometry": {
        "coordinates": [
          [
            [
              84.93579923699247,
              28.071582817644202
            ],
            [
              84.89430713064114,
              27.892219554011852
            ],
            [
              85.232668700625,
              27.82925610548352
            ],
            [
              85.27584467914258,
              28.009128038502393
            ],
            [
              84.93579923699247,
              28.071582817644202
            ]
          ]
        ],
        "type": "Polygon"
      }
    },
    {
      "type": "Feature",
      "properties": {
        "id": "20260826_054456_67_251f",
        "name": "post-event planetscope 2026-08-26T05:44:56.678410Z",
        "kind": "satellite_scene",
        "phase": "post-event",
        "sensor": "planetscope",
        "collectionId": "post-event-planetscope-2026-08-26",
        "collectionTitle": "Flood corridor, same-day coverage — Post-event Imagery",
        "datetime": "2026-08-26T05:44:56.678410Z",
        "gsd": 3.4,
        "cloudCover": 72,
        "qualityCategory": "test",
        "classification": "observed",
        "license": "CC-BY-NC-4.0",
        "sourceUrl": "https://data.source.coop/planet/disasterdata/nepal-flash-flood-2026-08-26/post-event/planetscope-2026-08-26/items/20260826_054456_67_251f/20260826_054456_67_251f.json",
        "visualHref": "https://data.source.coop/planet/disasterdata/nepal-flash-flood-2026-08-26/post-event/planetscope-2026-08-26/items/20260826_054456_67_251f/20260826_054456_67_251f_visual.tif",
        "thumbnailHref": "https://data.source.coop/planet/disasterdata/nepal-flash-flood-2026-08-26/post-event/planetscope-2026-08-26/items/20260826_054456_67_251f/20260826_054456_67_251f_thumbnail.png"
      },
      "geometry": {
        "coordinates": [
          [
            [
              85.34751411552132,
              28.469799735774668
            ],
            [
              85.31064651002573,
              28.310752566967953
            ],
            [
              85.60981464559023,
              28.25602534470174
            ],
            [
              85.64803236569306,
              28.41452215012989
            ],
            [
              85.34751411552132,
              28.469799735774668
            ]
          ]
        ],
        "type": "Polygon"
      }
    },
    {
      "type": "Feature",
      "properties": {
        "id": "20260826_054458_74_251f",
        "name": "post-event planetscope 2026-08-26T05:44:58.741089Z",
        "kind": "satellite_scene",
        "phase": "post-event",
        "sensor": "planetscope",
        "collectionId": "post-event-planetscope-2026-08-26",
        "collectionTitle": "Flood corridor, same-day coverage — Post-event Imagery",
        "datetime": "2026-08-26T05:44:58.741089Z",
        "gsd": 3.4,
        "cloudCover": 88,
        "qualityCategory": "test",
        "classification": "observed",
        "license": "CC-BY-NC-4.0",
        "sourceUrl": "https://data.source.coop/planet/disasterdata/nepal-flash-flood-2026-08-26/post-event/planetscope-2026-08-26/items/20260826_054458_74_251f/20260826_054458_74_251f.json",
        "visualHref": "https://data.source.coop/planet/disasterdata/nepal-flash-flood-2026-08-26/post-event/planetscope-2026-08-26/items/20260826_054458_74_251f/20260826_054458_74_251f_visual.tif",
        "thumbnailHref": "https://data.source.coop/planet/disasterdata/nepal-flash-flood-2026-08-26/post-event/planetscope-2026-08-26/items/20260826_054458_74_251f/20260826_054458_74_251f_thumbnail.png"
      },
      "geometry": {
        "coordinates": [
          [
            [
              85.31712117862214,
              28.33814581742243
            ],
            [
              85.28048165958539,
              28.17898795033341
            ],
            [
              85.58109920881482,
              28.12369797668094
            ],
            [
              85.6179253258761,
              28.28293535536365
            ],
            [
              85.31712117862214,
              28.33814581742243
            ]
          ]
        ],
        "type": "Polygon"
      }
    },
    {
      "type": "Feature",
      "properties": {
        "id": "20260826_054500_80_251f",
        "name": "post-event planetscope 2026-08-26T05:45:00.803768Z",
        "kind": "satellite_scene",
        "phase": "post-event",
        "sensor": "planetscope",
        "collectionId": "post-event-planetscope-2026-08-26",
        "collectionTitle": "Flood corridor, same-day coverage — Post-event Imagery",
        "datetime": "2026-08-26T05:45:00.803768Z",
        "gsd": 3.4,
        "cloudCover": 92,
        "qualityCategory": "test",
        "classification": "observed",
        "license": "CC-BY-NC-4.0",
        "sourceUrl": "https://data.source.coop/planet/disasterdata/nepal-flash-flood-2026-08-26/post-event/planetscope-2026-08-26/items/20260826_054500_80_251f/20260826_054500_80_251f.json",
        "visualHref": "https://data.source.coop/planet/disasterdata/nepal-flash-flood-2026-08-26/post-event/planetscope-2026-08-26/items/20260826_054500_80_251f/20260826_054500_80_251f_visual.tif",
        "thumbnailHref": "https://data.source.coop/planet/disasterdata/nepal-flash-flood-2026-08-26/post-event/planetscope-2026-08-26/items/20260826_054500_80_251f/20260826_054500_80_251f_thumbnail.png"
      },
      "geometry": {
        "coordinates": [
          [
            [
              85.28688785371067,
              28.206509505722945
            ],
            [
              85.24963383887783,
              28.047319463488556
            ],
            [
              85.55226241843836,
              27.99153960229865
            ],
            [
              85.5868076670437,
              28.151312290113733
            ],
            [
              85.28688785371067,
              28.206509505722945
            ]
          ]
        ],
        "type": "Polygon"
      }
    },
    {
      "type": "Feature",
      "properties": {
        "id": "20260826_054502_86_251f",
        "name": "post-event planetscope 2026-08-26T05:45:02.866447Z",
        "kind": "satellite_scene",
        "phase": "post-event",
        "sensor": "planetscope",
        "collectionId": "post-event-planetscope-2026-08-26",
        "collectionTitle": "Flood corridor, same-day coverage — Post-event Imagery",
        "datetime": "2026-08-26T05:45:02.866447Z",
        "gsd": 3.4,
        "cloudCover": 78,
        "qualityCategory": "test",
        "classification": "observed",
        "license": "CC-BY-NC-4.0",
        "sourceUrl": "https://data.source.coop/planet/disasterdata/nepal-flash-flood-2026-08-26/post-event/planetscope-2026-08-26/items/20260826_054502_86_251f/20260826_054502_86_251f.json",
        "visualHref": "https://data.source.coop/planet/disasterdata/nepal-flash-flood-2026-08-26/post-event/planetscope-2026-08-26/items/20260826_054502_86_251f/20260826_054502_86_251f_visual.tif",
        "thumbnailHref": "https://data.source.coop/planet/disasterdata/nepal-flash-flood-2026-08-26/post-event/planetscope-2026-08-26/items/20260826_054502_86_251f/20260826_054502_86_251f_thumbnail.png"
      },
      "geometry": {
        "coordinates": [
          [
            [
              85.25650428209572,
              28.074955061040527
            ],
            [
              85.21985209455237,
              27.915125785181292
            ],
            [
              85.52213913836873,
              27.85934124805603
            ],
            [
              85.55786888340486,
              28.01961024888638
            ],
            [
              85.25650428209572,
              28.074955061040527
            ]
          ]
        ],
        "type": "Polygon"
      }
    },
    {
      "type": "Feature",
      "properties": {
        "id": "20260827_020055_ssc1_u0001",
        "name": "post-event skysat 2026-08-27T02:00:55.499000Z",
        "kind": "satellite_scene",
        "phase": "post-event",
        "sensor": "skysat",
        "collectionId": "post-event-skysat-2026-08-27",
        "collectionTitle": "Rasuwagadhi and Syabrubesi (SkySat) — Post-event Imagery",
        "datetime": "2026-08-27T02:00:55.499000Z",
        "gsd": 0.81,
        "cloudCover": 50,
        "qualityCategory": "standard",
        "classification": "observed",
        "license": "CC-BY-NC-4.0",
        "sourceUrl": "https://data.source.coop/planet/disasterdata/nepal-flash-flood-2026-08-26/post-event/skysat-2026-08-27/items/20260827_020055_ssc1_u0001/20260827_020055_ssc1_u0001.json",
        "visualHref": "https://data.source.coop/planet/disasterdata/nepal-flash-flood-2026-08-26/post-event/skysat-2026-08-27/items/20260827_020055_ssc1_u0001/20260827_020055_ssc1_u0001_visual.tif",
        "thumbnailHref": "https://data.source.coop/planet/disasterdata/nepal-flash-flood-2026-08-26/post-event/skysat-2026-08-27/items/20260827_020055_ssc1_u0001/20260827_020055_ssc1_u0001_thumbnail.png"
      },
      "geometry": {
        "coordinates": [
          [
            [
              85.32114085801727,
              28.171077693706355
            ],
            [
              85.3243458115284,
              28.17708407168436
            ],
            [
              85.3241516251604,
              28.177177188054323
            ],
            [
              85.3287670071533,
              28.18835240475101
            ],
            [
              85.32877924123345,
              28.188346158728912
            ],
            [
              85.331054261508,
              28.194180187240114
            ],
            [
              85.31211251427347,
              28.20776318153041
            ],
            [
              85.31557392383466,
              28.215341255933758
            ],
            [
              85.31522464160805,
              28.215579593145236
            ],
            [
              85.31917743753385,
              28.222918968052664
            ],
            [
              85.31904974347863,
              28.22300962471533
            ],
            [
              85.32344982758069,
              28.2338738578716
            ],
            [
              85.32648866914589,
              28.242393099007504
            ],
            [
              85.32675083517704,
              28.24219869751734
            ],
            [
              85.32918338642195,
              28.247004442010212
            ],
            [
              85.32912538804412,
              28.24704826280331
            ],
            [
              85.329700707389,
              28.248026460515966
            ],
            [
              85.32992622105675,
              28.248471984970642
            ],
            [
              85.32995161048778,
              28.248453063305377
            ],
            [
              85.3324213345973,
              28.252652258928308
            ],
            [
              85.33240192279462,
              28.25266619580855
            ],
            [
              85.33669197346246,
              28.2611162223158
            ],
            [
              85.33676160387881,
              28.261071733049633
            ],
            [
              85.33970270515233,
              28.269815433426864
            ],
            [
              85.33921142211328,
              28.27023192336639
            ],
            [
              85.34230774713605,
              28.275823467647424
            ],
            [
              85.34207796531902,
              28.27597840590403
            ],
            [
              85.34533717213043,
              28.281030972780904
            ],
            [
              85.34491886318777,
              28.2812405798093
            ],
            [
              85.34805039617122,
              28.28605317435688
            ],
            [
              85.3476837175714,
              28.286214107282934
            ],
            [
              85.35109691069003,
              28.294206617240846
            ],
            [
              85.3508300693508,
              28.294351147035997
            ],
            [
              85.35447157545921,
              28.303560043094468
            ],
            [
              85.35422779191195,
              28.303658594259712
            ],
            [
              85.35801720217201,
              28.313252037927302
            ],
            [
              85.35782959185417,
              28.31330545333326
            ],
            [
              85.36198576468273,
              28.324736880633466
            ],
            [
              85.36179601257093,
              28.324825884122323
            ],
            [
              85.36636916504254,
              28.335131258344067
            ],
            [
              85.36654707676996,
              28.335043460746096
            ],
            [
              85.36993027156639,
              28.342251065898353
            ],
            [
              85.3700537489037,
              28.342184394171696
            ],
            [
              85.37401345397059,
              28.350008946276844
            ],
            [
              85.37421607475217,
              28.34990477140238
            ],
            [
              85.3775969014329,
              28.35688652865901
            ],
            [
              85.3774902413363,
              28.356917444011515
            ],
            [
              85.38197714736818,
              28.366090958282122
            ],
            [
              85.40460542653729,
              28.362119308204672
            ],
            [
              85.39993816254535,
              28.35041093014755
            ],
            [
              85.39991508332939,
              28.350417619641746
            ],
            [
              85.3956179390073,
              28.336923303099574
            ],
            [
              85.3952515298837,
              28.337118647164253
            ],
            [
              85.3915577903164,
              28.329532398513063
            ],
            [
              85.39143612684883,
              28.329597163925197
            ],
            [
              85.3901842277649,
              28.32726978721265
            ],
            [
              85.40582112084911,
              28.314418356424767
            ],
            [
              85.4080736983042,
              28.319572194835214
            ],
            [
              85.408345235202,
              28.319478778210634
            ],
            [
              85.41235228630848,
              28.326876499558274
            ],
            [
              85.41246420378214,
              28.32683200967305
            ],
            [
              85.41699889438013,
              28.339526479311125
            ],
            [
              85.41708350366896,
              28.33947630150778
            ],
            [
              85.4212949978883,
              28.351367833584664
            ],
            [
              85.44279778676618,
              28.33403301592662
            ],
            [
              85.43825428960103,
              28.325207441871797
            ],
            [
              85.43819896131302,
              28.325237816243988
            ],
            [
              85.43426123191483,
              28.317127492185445
            ],
            [
              85.43405613532231,
              28.317205286754813
            ],
            [
              85.430191284732,
              28.310832507445415
            ],
            [
              85.43001988499014,
              28.31089083812071
            ],
            [
              85.42607359912103,
              28.301861490046978
            ],
            [
              85.42573720289813,
              28.301975486180076
            ],
            [
              85.42338677142592,
              28.296930094359006
            ],
            [
              85.42343102536648,
              28.296920447072555
            ],
            [
              85.42305612712445,
              28.296220339544174
            ],
            [
              85.42252886742688,
              28.29508853383225
            ],
            [
              85.42245675467412,
              28.295101035376426
            ],
            [
              85.42003306045694,
              28.290574883003064
            ],
            [
              85.42015249580204,
              28.29055956537894
            ],
            [
              85.41646282010481,
              28.28114923504014
            ],
            [
              85.41668382132256,
              28.281098918084812
            ],
            [
              85.41325983291368,
              28.273750625946345
            ],
            [
              85.41367929603673,
              28.273617841167766
            ],
            [
              85.41048882159677,
              28.267830070580896
            ],
            [
              85.410769823726,
              28.267740300349615
            ],
            [
              85.40733495373274,
              28.25756519548911
            ],
            [
              85.40758135264842,
              28.257502715953038
            ],
            [
              85.40672777075376,
              28.255766539210185
            ],
            [
              85.40617023497414,
              28.254114952677853
            ],
            [
              85.40595276353856,
              28.254190182552435
            ],
            [
              85.40410024771303,
              28.250422184528805
            ],
            [
              85.4045619134114,
              28.25024588880814
            ],
            [
              85.40129428281749,
              28.24451094182105
            ],
            [
              85.4013996993396,
              28.244478637538275
            ],
            [
              85.39701522447852,
              28.233254851910484
            ],
            [
              85.396464462944,
              28.23345389440417
            ],
            [
              85.39418217169234,
              28.227736371749895
            ],
            [
              85.39445640893018,
              28.22764701806546
            ],
            [
              85.3900805029818,
              28.218830544735198
            ],
            [
              85.38992763903785,
              28.218858219999227
            ],
            [
              85.38729259579962,
              28.213435895591523
            ],
            [
              85.38280713380355,
              28.201548049796077
            ],
            [
              85.38238319445945,
              28.20163708496918
            ],
            [
              85.38008650422374,
              28.196172692550334
            ],
            [
              85.38037198249627,
              28.196110408632972
            ],
            [
              85.37717719632366,
              28.18989276013442
            ],
            [
              85.37306831257055,
              28.1808515432756
            ],
            [
              85.35366171439517,
              28.183695850466826
            ],
            [
              85.34993868657381,
              28.1745498216267
            ],
            [
              85.3498485522143,
              28.17459547126166
            ],
            [
              85.34744506338303,
              28.169003158574004
            ],
            [
              85.34751398240996,
              28.168973106787757
            ],
            [
              85.34386483541506,
              28.160952003686578
            ],
            [
              85.34431101541442,
              28.160704617022265
            ],
            [
              85.3400893291629,
              28.15314106832143
            ],
            [
              85.31803360881246,
              28.164697379109853
            ],
            [
              85.32131055135228,
              28.170988212711293
            ],
            [
              85.32114085801727,
              28.171077693706355
            ]
          ]
        ],
        "type": "Polygon"
      }
    },
    {
      "type": "Feature",
      "properties": {
        "id": "20260827_020055_ssc1_u0002",
        "name": "post-event skysat 2026-08-27T02:00:55.499000Z",
        "kind": "satellite_scene",
        "phase": "post-event",
        "sensor": "skysat",
        "collectionId": "post-event-skysat-2026-08-27",
        "collectionTitle": "Rasuwagadhi and Syabrubesi (SkySat) — Post-event Imagery",
        "datetime": "2026-08-27T02:00:55.499000Z",
        "gsd": 0.79,
        "cloudCover": 50,
        "qualityCategory": "standard",
        "classification": "observed",
        "license": "CC-BY-NC-4.0",
        "sourceUrl": "https://data.source.coop/planet/disasterdata/nepal-flash-flood-2026-08-26/post-event/skysat-2026-08-27/items/20260827_020055_ssc1_u0002/20260827_020055_ssc1_u0002.json",
        "visualHref": "https://data.source.coop/planet/disasterdata/nepal-flash-flood-2026-08-26/post-event/skysat-2026-08-27/items/20260827_020055_ssc1_u0002/20260827_020055_ssc1_u0002_visual.tif",
        "thumbnailHref": "https://data.source.coop/planet/disasterdata/nepal-flash-flood-2026-08-26/post-event/skysat-2026-08-27/items/20260827_020055_ssc1_u0002/20260827_020055_ssc1_u0002_thumbnail.png"
      },
      "geometry": {
        "coordinates": [
          [
            [
              85.28861691093543,
              28.09669317194252
            ],
            [
              85.28850542681442,
              28.096737030824602
            ],
            [
              85.29198417434417,
              28.104129762262943
            ],
            [
              85.29188893908459,
              28.10417308845204
            ],
            [
              85.29612257425856,
              28.11229813480566
            ],
            [
              85.2961383267641,
              28.112292645245024
            ],
            [
              85.29790629784861,
              28.11564463613596
            ],
            [
              85.27866937363794,
              28.124249155998797
            ],
            [
              85.28239657194611,
              28.133663472956933
            ],
            [
              85.2821264961374,
              28.133836071329668
            ],
            [
              85.28578016527305,
              28.14245175885462
            ],
            [
              85.28562784085926,
              28.14254406019108
            ],
            [
              85.28993529758857,
              28.151672798005254
            ],
            [
              85.2899777759277,
              28.151646097365077
            ],
            [
              85.29286794640026,
              28.159500379366335
            ],
            [
              85.29261864676842,
              28.15969157625948
            ],
            [
              85.29600282987506,
              28.166181585128236
            ],
            [
              85.29589809501965,
              28.166254763069084
            ],
            [
              85.29921265977133,
              28.172427063867783
            ],
            [
              85.29906518297729,
              28.172493346883698
            ],
            [
              85.30241906715665,
              28.17841951612065
            ],
            [
              85.30220108653208,
              28.178503826985917
            ],
            [
              85.30591809685279,
              28.187703322471535
            ],
            [
              85.30915631982228,
              28.19712739720371
            ],
            [
              85.30882141514849,
              28.197360241491953
            ],
            [
              85.31336265100809,
              28.210064167443992
            ],
            [
              85.33504543156684,
              28.193701558025626
            ],
            [
              85.33165403293548,
              28.18520010568687
            ],
            [
              85.33182560786031,
              28.18508293300441
            ],
            [
              85.32829868390252,
              28.177328335038574
            ],
            [
              85.32853065194226,
              28.177197327432193
            ],
            [
              85.3253132195962,
              28.171523355539385
            ],
            [
              85.32551196104382,
              28.171447692390778
            ],
            [
              85.32235076885271,
              28.164947578856587
            ],
            [
              85.33915209928826,
              28.156437463962313
            ],
            [
              85.34106420174254,
              28.16018376443395
            ],
            [
              85.3409272442028,
              28.160244249602727
            ],
            [
              85.34405550438467,
              28.166944948397532
            ],
            [
              85.34402306492764,
              28.16695128895101
            ],
            [
              85.34739427339456,
              28.17525798752086
            ],
            [
              85.34725653669602,
              28.17528412195811
            ],
            [
              85.3516751463768,
              28.18621103185393
            ],
            [
              85.37428924611466,
              28.183039418271342
            ],
            [
              85.37074161360549,
              28.173471667372723
            ],
            [
              85.37102427608313,
              28.17341235342691
            ],
            [
              85.36738760136528,
              28.164481787588283
            ],
            [
              85.36363751380772,
              28.15213721450967
            ],
            [
              85.36413052263464,
              28.151913342471335
            ],
            [
              85.36022746605384,
              28.14553433740717
            ],
            [
              85.35756420842681,
              28.14057063579844
            ],
            [
              85.35763491558478,
              28.140542928314364
            ],
            [
              85.35348887458758,
              28.133187692032397
            ],
            [
              85.35343266578786,
              28.133208532303332
            ],
            [
              85.35008923221054,
              28.126999507666135
            ],
            [
              85.35002423804237,
              28.127017908070137
            ],
            [
              85.34755039222011,
              28.122371539041932
            ],
            [
              85.34755173672524,
              28.12237119400291
            ],
            [
              85.34402965050424,
              28.11516216036011
            ],
            [
              85.33986293034788,
              28.10357905168672
            ],
            [
              85.32054129913992,
              28.108874339871004
            ],
            [
              85.31741426104784,
              28.100706417420145
            ],
            [
              85.31690679722973,
              28.100933773657623
            ],
            [
              85.31468986745563,
              28.09568355502098
            ],
            [
              85.31488636502701,
              28.095592642228013
            ],
            [
              85.31161067572619,
              28.089604905484613
            ],
            [
              85.31169588958923,
              28.089570720336614
            ],
            [
              85.30757659152012,
              28.08220613716806
            ],
            [
              85.28527349759734,
              28.089936139853375
            ],
            [
              85.28861691093543,
              28.09669317194252
            ]
          ]
        ],
        "type": "Polygon"
      }
    },
    {
      "type": "Feature",
      "properties": {
        "id": "20260827_060956_98_3009",
        "name": "post-event pelican 2026-08-27T06:09:56.991050Z",
        "kind": "satellite_scene",
        "phase": "post-event",
        "sensor": "pelican",
        "collectionId": "post-event-pelican-2026-08-27",
        "collectionTitle": "Syabrubesi to Rasuwagadhi (Pelican) — Post-event Imagery",
        "datetime": "2026-08-27T06:09:56.991050Z",
        "gsd": 0.55,
        "cloudCover": 85,
        "qualityCategory": "standard",
        "classification": "observed",
        "license": "CC-BY-NC-4.0",
        "sourceUrl": "https://data.source.coop/planet/disasterdata/nepal-flash-flood-2026-08-26/post-event/pelican-2026-08-27/items/20260827_060956_98_3009/20260827_060956_98_3009.json",
        "visualHref": "https://data.source.coop/planet/disasterdata/nepal-flash-flood-2026-08-26/post-event/pelican-2026-08-27/items/20260827_060956_98_3009/20260827_060956_98_3009_visual.tif",
        "thumbnailHref": "https://data.source.coop/planet/disasterdata/nepal-flash-flood-2026-08-26/post-event/pelican-2026-08-27/items/20260827_060956_98_3009/20260827_060956_98_3009_thumbnail.png"
      },
      "geometry": {
        "coordinates": [
          [
            [
              85.33889798257499,
              28.35121763114424
            ],
            [
              85.31918550951734,
              28.2661375282364
            ],
            [
              85.41382376956273,
              28.24911357422872
            ],
            [
              85.43406669026984,
              28.334115698528574
            ],
            [
              85.33889798257499,
              28.35121763114424
            ]
          ]
        ],
        "type": "Polygon"
      }
    },
    {
      "type": "Feature",
      "properties": {
        "id": "20260827_060958_31_3009",
        "name": "post-event pelican 2026-08-27T06:09:58.325153Z",
        "kind": "satellite_scene",
        "phase": "post-event",
        "sensor": "pelican",
        "collectionId": "post-event-pelican-2026-08-27",
        "collectionTitle": "Syabrubesi to Rasuwagadhi (Pelican) — Post-event Imagery",
        "datetime": "2026-08-27T06:09:58.325153Z",
        "gsd": 0.55,
        "cloudCover": 83,
        "qualityCategory": "standard",
        "classification": "observed",
        "license": "CC-BY-NC-4.0",
        "sourceUrl": "https://data.source.coop/planet/disasterdata/nepal-flash-flood-2026-08-26/post-event/pelican-2026-08-27/items/20260827_060958_31_3009/20260827_060958_31_3009.json",
        "visualHref": "https://data.source.coop/planet/disasterdata/nepal-flash-flood-2026-08-26/post-event/pelican-2026-08-27/items/20260827_060958_31_3009/20260827_060958_31_3009_visual.tif",
        "thumbnailHref": "https://data.source.coop/planet/disasterdata/nepal-flash-flood-2026-08-26/post-event/pelican-2026-08-27/items/20260827_060958_31_3009/20260827_060958_31_3009_thumbnail.png"
      },
      "geometry": {
        "coordinates": [
          [
            [
              85.319185511185,
              28.266137537093854
            ],
            [
              85.30034743620647,
              28.180734134683757
            ],
            [
              85.39456628148966,
              28.16367614661627
            ],
            [
              85.41382377185238,
              28.249113582914816
            ],
            [
              85.319185511185,
              28.266137537093854
            ]
          ]
        ],
        "type": "Polygon"
      }
    },
    {
      "type": "Feature",
      "properties": {
        "id": "20260827_060959_65_3009",
        "name": "post-event pelican 2026-08-27T06:09:59.659256Z",
        "kind": "satellite_scene",
        "phase": "post-event",
        "sensor": "pelican",
        "collectionId": "post-event-pelican-2026-08-27",
        "collectionTitle": "Syabrubesi to Rasuwagadhi (Pelican) — Post-event Imagery",
        "datetime": "2026-08-27T06:09:59.659256Z",
        "gsd": 0.55,
        "cloudCover": 85,
        "qualityCategory": "standard",
        "classification": "observed",
        "license": "CC-BY-NC-4.0",
        "sourceUrl": "https://data.source.coop/planet/disasterdata/nepal-flash-flood-2026-08-26/post-event/pelican-2026-08-27/items/20260827_060959_65_3009/20260827_060959_65_3009.json",
        "visualHref": "https://data.source.coop/planet/disasterdata/nepal-flash-flood-2026-08-26/post-event/pelican-2026-08-27/items/20260827_060959_65_3009/20260827_060959_65_3009_visual.tif",
        "thumbnailHref": "https://data.source.coop/planet/disasterdata/nepal-flash-flood-2026-08-26/post-event/pelican-2026-08-27/items/20260827_060959_65_3009/20260827_060959_65_3009_thumbnail.png"
      },
      "geometry": {
        "coordinates": [
          [
            [
              85.30034744184549,
              28.18073415867211
            ],
            [
              85.28073829606639,
              28.095776128649252
            ],
            [
              85.37404990755967,
              28.07866185523995
            ],
            [
              85.39456628534676,
              28.163676171304477
            ],
            [
              85.30034744184549,
              28.18073415867211
            ]
          ]
        ],
        "type": "Polygon"
      }
    },
    {
      "type": "Feature",
      "properties": {
        "id": "20260828_045742_14_2544",
        "name": "post-event planetscope 2026-08-28T04:57:42.145508Z",
        "kind": "satellite_scene",
        "phase": "post-event",
        "sensor": "planetscope",
        "collectionId": "post-event-planetscope-2026-08-28",
        "collectionTitle": "Corridor and lower Trishuli, two days after — Post-event Imagery",
        "datetime": "2026-08-28T04:57:42.145508Z",
        "gsd": 3.9,
        "cloudCover": 68,
        "qualityCategory": "standard",
        "classification": "observed",
        "license": "CC-BY-NC-4.0",
        "sourceUrl": "https://data.source.coop/planet/disasterdata/nepal-flash-flood-2026-08-26/post-event/planetscope-2026-08-28/items/20260828_045742_14_2544/20260828_045742_14_2544.json",
        "visualHref": "https://data.source.coop/planet/disasterdata/nepal-flash-flood-2026-08-26/post-event/planetscope-2026-08-28/items/20260828_045742_14_2544/20260828_045742_14_2544_visual.tif",
        "thumbnailHref": "https://data.source.coop/planet/disasterdata/nepal-flash-flood-2026-08-26/post-event/planetscope-2026-08-28/items/20260828_045742_14_2544/20260828_045742_14_2544_thumbnail.png"
      },
      "geometry": {
        "coordinates": [
          [
            [
              85.23411160439707,
              28.51154094977862
            ],
            [
              85.19377406868671,
              28.33079770115687
            ],
            [
              85.53561037031398,
              28.270142509302794
            ],
            [
              85.57679596355482,
              28.44922977663641
            ],
            [
              85.23411160439707,
              28.51154094977862
            ]
          ]
        ],
        "type": "Polygon"
      }
    },
    {
      "type": "Feature",
      "properties": {
        "id": "20260828_045744_48_2544",
        "name": "post-event planetscope 2026-08-28T04:57:44.481921Z",
        "kind": "satellite_scene",
        "phase": "post-event",
        "sensor": "planetscope",
        "collectionId": "post-event-planetscope-2026-08-28",
        "collectionTitle": "Corridor and lower Trishuli, two days after — Post-event Imagery",
        "datetime": "2026-08-28T04:57:44.481921Z",
        "gsd": 3.8,
        "cloudCover": 81,
        "qualityCategory": "standard",
        "classification": "observed",
        "license": "CC-BY-NC-4.0",
        "sourceUrl": "https://data.source.coop/planet/disasterdata/nepal-flash-flood-2026-08-26/post-event/planetscope-2026-08-28/items/20260828_045744_48_2544/20260828_045744_48_2544.json",
        "visualHref": "https://data.source.coop/planet/disasterdata/nepal-flash-flood-2026-08-26/post-event/planetscope-2026-08-28/items/20260828_045744_48_2544/20260828_045744_48_2544_visual.tif",
        "thumbnailHref": "https://data.source.coop/planet/disasterdata/nepal-flash-flood-2026-08-26/post-event/planetscope-2026-08-28/items/20260828_045744_48_2544/20260828_045744_48_2544_thumbnail.png"
      },
      "geometry": {
        "coordinates": [
          [
            [
              85.20143122140615,
              28.363831110956383
            ],
            [
              85.15919520420613,
              28.183465187707444
            ],
            [
              85.50104232209779,
              28.122752444890036
            ],
            [
              85.5426473696999,
              28.30185393864909
            ],
            [
              85.20143122140615,
              28.363831110956383
            ]
          ]
        ],
        "type": "Polygon"
      }
    },
    {
      "type": "Feature",
      "properties": {
        "id": "20260828_045746_81_2544",
        "name": "post-event planetscope 2026-08-28T04:57:46.818334Z",
        "kind": "satellite_scene",
        "phase": "post-event",
        "sensor": "planetscope",
        "collectionId": "post-event-planetscope-2026-08-28",
        "collectionTitle": "Corridor and lower Trishuli, two days after — Post-event Imagery",
        "datetime": "2026-08-28T04:57:46.818334Z",
        "gsd": 3.9,
        "cloudCover": 90,
        "qualityCategory": "standard",
        "classification": "observed",
        "license": "CC-BY-NC-4.0",
        "sourceUrl": "https://data.source.coop/planet/disasterdata/nepal-flash-flood-2026-08-26/post-event/planetscope-2026-08-28/items/20260828_045746_81_2544/20260828_045746_81_2544.json",
        "visualHref": "https://data.source.coop/planet/disasterdata/nepal-flash-flood-2026-08-26/post-event/planetscope-2026-08-28/items/20260828_045746_81_2544/20260828_045746_81_2544_visual.tif",
        "thumbnailHref": "https://data.source.coop/planet/disasterdata/nepal-flash-flood-2026-08-26/post-event/planetscope-2026-08-28/items/20260828_045746_81_2544/20260828_045746_81_2544_thumbnail.png"
      },
      "geometry": {
        "coordinates": [
          [
            [
              85.16648018971613,
              28.217082400954734
            ],
            [
              85.12356002817629,
              28.036418968801243
            ],
            [
              85.46568961598241,
              27.975449588695692
            ],
            [
              85.50830728348727,
              28.154861778171778
            ],
            [
              85.16648018971613,
              28.217082400954734
            ]
          ]
        ],
        "type": "Polygon"
      }
    },
    {
      "type": "Feature",
      "properties": {
        "id": "20260828_045749_15_2544",
        "name": "post-event planetscope 2026-08-28T04:57:49.154803Z",
        "kind": "satellite_scene",
        "phase": "post-event",
        "sensor": "planetscope",
        "collectionId": "post-event-planetscope-2026-08-28",
        "collectionTitle": "Corridor and lower Trishuli, two days after — Post-event Imagery",
        "datetime": "2026-08-28T04:57:49.154803Z",
        "gsd": 3.9,
        "cloudCover": 64,
        "qualityCategory": "standard",
        "classification": "observed",
        "license": "CC-BY-NC-4.0",
        "sourceUrl": "https://data.source.coop/planet/disasterdata/nepal-flash-flood-2026-08-26/post-event/planetscope-2026-08-28/items/20260828_045749_15_2544/20260828_045749_15_2544.json",
        "visualHref": "https://data.source.coop/planet/disasterdata/nepal-flash-flood-2026-08-26/post-event/planetscope-2026-08-28/items/20260828_045749_15_2544/20260828_045749_15_2544_visual.tif",
        "thumbnailHref": "https://data.source.coop/planet/disasterdata/nepal-flash-flood-2026-08-26/post-event/planetscope-2026-08-28/items/20260828_045749_15_2544/20260828_045749_15_2544_thumbnail.png"
      },
      "geometry": {
        "coordinates": [
          [
            [
              85.13116366045651,
              28.070843587931353
            ],
            [
              85.08796975929091,
              27.88944257790656
            ],
            [
              85.4311649736829,
              27.828279650768987
            ],
            [
              85.47321251723257,
              28.0086368369297
            ],
            [
              85.13116366045651,
              28.070843587931353
            ]
          ]
        ],
        "type": "Polygon"
      }
    },
    {
      "type": "Feature",
      "properties": {
        "id": "20260828_050143_19_2520",
        "name": "post-event planetscope 2026-08-28T05:01:43.195327Z",
        "kind": "satellite_scene",
        "phase": "post-event",
        "sensor": "planetscope",
        "collectionId": "post-event-planetscope-2026-08-28",
        "collectionTitle": "Corridor and lower Trishuli, two days after — Post-event Imagery",
        "datetime": "2026-08-28T05:01:43.195327Z",
        "gsd": 3.8,
        "cloudCover": 80,
        "qualityCategory": "standard",
        "classification": "observed",
        "license": "CC-BY-NC-4.0",
        "sourceUrl": "https://data.source.coop/planet/disasterdata/nepal-flash-flood-2026-08-26/post-event/planetscope-2026-08-28/items/20260828_050143_19_2520/20260828_050143_19_2520.json",
        "visualHref": "https://data.source.coop/planet/disasterdata/nepal-flash-flood-2026-08-26/post-event/planetscope-2026-08-28/items/20260828_050143_19_2520/20260828_050143_19_2520_visual.tif",
        "thumbnailHref": "https://data.source.coop/planet/disasterdata/nepal-flash-flood-2026-08-26/post-event/planetscope-2026-08-28/items/20260828_050143_19_2520/20260828_050143_19_2520_thumbnail.png"
      },
      "geometry": {
        "coordinates": [
          [
            [
              84.95234299638581,
              27.952812407448334
            ],
            [
              84.91060169755904,
              27.77334378523296
            ],
            [
              85.24872477405216,
              27.71068135156745
            ],
            [
              85.29142091243781,
              27.890404074410558
            ],
            [
              84.95234299638581,
              27.952812407448334
            ]
          ]
        ],
        "type": "Polygon"
      }
    },
    {
      "type": "Feature",
      "properties": {
        "id": "osm-place-node-268669741",
        "name": "आबूखैरेनी बजार",
        "kind": "observed_community",
        "place": "town",
        "corridorKm": 126.3,
        "classification": "observed",
        "source": "OpenStreetMap",
        "osmType": "node",
        "osmId": 268669741
      },
      "geometry": {
        "type": "Point",
        "coordinates": [
          84.538429,
          27.90423
        ]
      }
    },
    {
      "type": "Feature",
      "properties": {
        "id": "osm-place-node-268864226",
        "name": "बेत्रावती",
        "kind": "observed_community",
        "place": "hamlet",
        "corridorKm": 42.4,
        "classification": "observed",
        "source": "OpenStreetMap",
        "osmType": "node",
        "osmId": 268864226
      },
      "geometry": {
        "type": "Point",
        "coordinates": [
          85.185953,
          27.973108
        ]
      }
    },
    {
      "type": "Feature",
      "properties": {
        "id": "osm-place-node-269569034",
        "name": "गोठेन",
        "kind": "observed_community",
        "place": "hamlet",
        "corridorKm": 19,
        "classification": "observed",
        "source": "OpenStreetMap",
        "osmType": "node",
        "osmId": 269569034
      },
      "geometry": {
        "type": "Point",
        "coordinates": [
          85.257103,
          28.158039
        ]
      }
    },
    {
      "type": "Feature",
      "properties": {
        "id": "osm-place-node-269569475",
        "name": "गोदाम",
        "kind": "observed_community",
        "place": "hamlet",
        "corridorKm": 17.8,
        "classification": "observed",
        "source": "OpenStreetMap",
        "osmType": "node",
        "osmId": 269569475
      },
      "geometry": {
        "type": "Point",
        "coordinates": [
          85.276837,
          28.157393
        ]
      }
    },
    {
      "type": "Feature",
      "properties": {
        "id": "osm-place-node-269569477",
        "name": "बाहुनडाँडा",
        "kind": "observed_community",
        "place": "hamlet",
        "corridorKm": 14.6,
        "classification": "observed",
        "source": "OpenStreetMap",
        "osmType": "node",
        "osmId": 269569477
      },
      "geometry": {
        "type": "Point",
        "coordinates": [
          85.321936,
          28.166555
        ]
      }
    },
    {
      "type": "Feature",
      "properties": {
        "id": "osm-place-node-269569692",
        "name": "ठुलो भार्खु",
        "kind": "observed_community",
        "place": "hamlet",
        "corridorKm": 19,
        "classification": "observed",
        "source": "OpenStreetMap",
        "osmType": "node",
        "osmId": 269569692
      },
      "geometry": {
        "type": "Point",
        "coordinates": [
          85.31212,
          28.129782
        ]
      }
    },
    {
      "type": "Feature",
      "properties": {
        "id": "osm-place-node-279339374",
        "name": "मासटार",
        "kind": "observed_community",
        "place": "hamlet",
        "corridorKm": 76.9,
        "classification": "observed",
        "source": "OpenStreetMap",
        "osmType": "node",
        "osmId": 279339374
      },
      "geometry": {
        "type": "Point",
        "coordinates": [
          84.961754,
          27.811688
        ]
      }
    },
    {
      "type": "Feature",
      "properties": {
        "id": "osm-place-node-279339376",
        "name": "कुरिनटार",
        "kind": "observed_community",
        "place": "hamlet",
        "corridorKm": 121,
        "classification": "observed",
        "source": "OpenStreetMap",
        "osmType": "node",
        "osmId": 279339376
      },
      "geometry": {
        "type": "Point",
        "coordinates": [
          84.622807,
          27.872427
        ]
      }
    },
    {
      "type": "Feature",
      "properties": {
        "id": "osm-place-node-279374584",
        "name": "गजुरी",
        "kind": "observed_community",
        "place": "village",
        "corridorKm": 87.3,
        "classification": "observed",
        "source": "OpenStreetMap",
        "osmType": "node",
        "osmId": 279374584
      },
      "geometry": {
        "type": "Point",
        "coordinates": [
          84.877119,
          27.80468
        ]
      }
    },
    {
      "type": "Feature",
      "properties": {
        "id": "osm-place-node-279374585",
        "name": "आदमघाट",
        "kind": "observed_community",
        "place": "hamlet",
        "corridorKm": 80.1,
        "classification": "observed",
        "source": "OpenStreetMap",
        "osmType": "node",
        "osmId": 279374585
      },
      "geometry": {
        "type": "Point",
        "coordinates": [
          84.942947,
          27.806968
        ]
      }
    },
    {
      "type": "Feature",
      "properties": {
        "id": "osm-place-node-279374592",
        "name": "गल्छी",
        "kind": "observed_community",
        "place": "town",
        "corridorKm": 72.9,
        "classification": "observed",
        "source": "OpenStreetMap",
        "osmType": "node",
        "osmId": 279374592
      },
      "geometry": {
        "type": "Point",
        "coordinates": [
          85.000461,
          27.797396
        ]
      }
    },
    {
      "type": "Feature",
      "properties": {
        "id": "osm-place-node-567088223",
        "name": "मुग्लिङ",
        "kind": "observed_community",
        "place": "hamlet",
        "corridorKm": 129.5,
        "classification": "observed",
        "source": "OpenStreetMap",
        "osmType": "node",
        "osmId": 567088223
      },
      "geometry": {
        "type": "Point",
        "coordinates": [
          84.560951,
          27.856162
        ]
      }
    },
    {
      "type": "Feature",
      "properties": {
        "id": "osm-place-node-567090203",
        "name": "भरतपुर",
        "kind": "observed_community",
        "place": "city",
        "corridorKm": 160.2,
        "classification": "observed",
        "source": "OpenStreetMap",
        "osmType": "node",
        "osmId": 567090203
      },
      "geometry": {
        "type": "Point",
        "coordinates": [
          84.430165,
          27.68119
        ]
      }
    },
    {
      "type": "Feature",
      "properties": {
        "id": "osm-place-node-601106206",
        "name": "दुर्सागाङ",
        "kind": "observed_community",
        "place": "hamlet",
        "corridorKm": 14.6,
        "classification": "observed",
        "source": "OpenStreetMap",
        "osmType": "node",
        "osmId": 601106206
      },
      "geometry": {
        "type": "Point",
        "coordinates": [
          85.355744,
          28.134476
        ]
      }
    },
    {
      "type": "Feature",
      "properties": {
        "id": "osm-place-node-601594281",
        "name": "चंदन बाडी",
        "kind": "observed_community",
        "place": "hamlet",
        "corridorKm": 19,
        "classification": "observed",
        "source": "OpenStreetMap",
        "osmType": "node",
        "osmId": 601594281
      },
      "geometry": {
        "type": "Point",
        "coordinates": [
          85.340162,
          28.110871
        ]
      }
    },
    {
      "type": "Feature",
      "properties": {
        "id": "osm-place-node-992955542",
        "name": "रसुवागढी",
        "kind": "observed_community",
        "place": "hamlet",
        "corridorKm": 0,
        "classification": "observed",
        "source": "OpenStreetMap",
        "osmType": "node",
        "osmId": 992955542
      },
      "geometry": {
        "type": "Point",
        "coordinates": [
          85.377779,
          28.277775
        ]
      }
    },
    {
      "type": "Feature",
      "properties": {
        "id": "osm-place-node-1537553862",
        "name": "विशालटार",
        "kind": "observed_community",
        "place": "hamlet",
        "corridorKm": 100.7,
        "classification": "observed",
        "source": "OpenStreetMap",
        "osmType": "node",
        "osmId": 1537553862
      },
      "geometry": {
        "type": "Point",
        "coordinates": [
          84.764117,
          27.813127
        ]
      }
    },
    {
      "type": "Feature",
      "properties": {
        "id": "osm-place-node-1537553866",
        "name": "सलाङघाट",
        "kind": "observed_community",
        "place": "hamlet",
        "corridorKm": 96.3,
        "classification": "observed",
        "source": "OpenStreetMap",
        "osmType": "node",
        "osmId": 1537553866
      },
      "geometry": {
        "type": "Point",
        "coordinates": [
          84.808347,
          27.816359
        ]
      }
    },
    {
      "type": "Feature",
      "properties": {
        "id": "osm-place-node-1547068160",
        "name": "शेर्पागाउँ",
        "kind": "observed_community",
        "place": "hamlet",
        "corridorKm": 12.4,
        "classification": "observed",
        "source": "OpenStreetMap",
        "osmType": "node",
        "osmId": 1547068160
      },
      "geometry": {
        "type": "Point",
        "coordinates": [
          85.397048,
          28.162501
        ]
      }
    },
    {
      "type": "Feature",
      "properties": {
        "id": "osm-place-node-1851061582",
        "name": "दाङमाई",
        "kind": "observed_community",
        "place": "hamlet",
        "corridorKm": 53.6,
        "classification": "observed",
        "source": "OpenStreetMap",
        "osmType": "node",
        "osmId": 1851061582
      },
      "geometry": {
        "type": "Point",
        "coordinates": [
          85.194453,
          27.86644
        ]
      }
    },
    {
      "type": "Feature",
      "properties": {
        "id": "osm-place-node-1869598518",
        "name": "काजिन डाँडा",
        "kind": "observed_community",
        "place": "hamlet",
        "corridorKm": 53.6,
        "classification": "observed",
        "source": "OpenStreetMap",
        "osmType": "node",
        "osmId": 1869598518
      },
      "geometry": {
        "type": "Point",
        "coordinates": [
          85.180529,
          27.862587
        ]
      }
    },
    {
      "type": "Feature",
      "properties": {
        "id": "osm-place-node-1875033817",
        "name": "लौके कोटघाडेरी",
        "kind": "observed_community",
        "place": "hamlet",
        "corridorKm": 53.6,
        "classification": "observed",
        "source": "OpenStreetMap",
        "osmType": "node",
        "osmId": 1875033817
      },
      "geometry": {
        "type": "Point",
        "coordinates": [
          85.191843,
          27.84917
        ]
      }
    },
    {
      "type": "Feature",
      "properties": {
        "id": "osm-place-node-1875573901",
        "name": "पल्लो दाङमाई",
        "kind": "observed_community",
        "place": "hamlet",
        "corridorKm": 53.6,
        "classification": "observed",
        "source": "OpenStreetMap",
        "osmType": "node",
        "osmId": 1875573901
      },
      "geometry": {
        "type": "Point",
        "coordinates": [
          85.178317,
          27.851636
        ]
      }
    },
    {
      "type": "Feature",
      "properties": {
        "id": "osm-place-node-1995767582",
        "name": "देवघाट",
        "kind": "observed_community",
        "place": "hamlet",
        "corridorKm": 160.2,
        "classification": "observed",
        "source": "OpenStreetMap",
        "osmType": "node",
        "osmId": 1995767582
      },
      "geometry": {
        "type": "Point",
        "coordinates": [
          84.425426,
          27.739188
        ]
      }
    },
    {
      "type": "Feature",
      "properties": {
        "id": "osm-place-node-2140333103",
        "name": "सिम्ले बजार",
        "kind": "observed_community",
        "place": "hamlet",
        "corridorKm": 71.8,
        "classification": "observed",
        "source": "OpenStreetMap",
        "osmType": "node",
        "osmId": 2140333103
      },
      "geometry": {
        "type": "Point",
        "coordinates": [
          85.045127,
          27.754945
        ]
      }
    },
    {
      "type": "Feature",
      "properties": {
        "id": "osm-place-node-2524771371",
        "name": "江村",
        "kind": "observed_community",
        "place": "village",
        "corridorKm": 0,
        "classification": "observed",
        "source": "OpenStreetMap",
        "osmType": "node",
        "osmId": 2524771371
      },
      "geometry": {
        "type": "Point",
        "coordinates": [
          85.336595,
          28.313422
        ]
      }
    },
    {
      "type": "Feature",
      "properties": {
        "id": "osm-place-node-2527671108",
        "name": "拉比村",
        "kind": "observed_community",
        "place": "village",
        "corridorKm": 0,
        "classification": "observed",
        "source": "OpenStreetMap",
        "osmType": "node",
        "osmId": 2527671108
      },
      "geometry": {
        "type": "Point",
        "coordinates": [
          85.402557,
          28.320307
        ]
      }
    },
    {
      "type": "Feature",
      "properties": {
        "id": "osm-place-node-2554000784",
        "name": "तातोपानी",
        "kind": "observed_community",
        "place": "hamlet",
        "corridorKm": 7.8,
        "classification": "observed",
        "source": "OpenStreetMap",
        "osmType": "node",
        "osmId": 2554000784
      },
      "geometry": {
        "type": "Point",
        "coordinates": [
          85.29882,
          28.220065
        ]
      }
    },
    {
      "type": "Feature",
      "properties": {
        "id": "osm-place-node-2554091027",
        "name": "नागथली",
        "kind": "observed_community",
        "place": "hamlet",
        "corridorKm": 10.1,
        "classification": "observed",
        "source": "OpenStreetMap",
        "osmType": "node",
        "osmId": 2554091027
      },
      "geometry": {
        "type": "Point",
        "coordinates": [
          85.315833,
          28.207902
        ]
      }
    },
    {
      "type": "Feature",
      "properties": {
        "id": "osm-place-node-2554587303",
        "name": "लिङलिङ",
        "kind": "observed_community",
        "place": "hamlet",
        "corridorKm": 7.8,
        "classification": "observed",
        "source": "OpenStreetMap",
        "osmType": "node",
        "osmId": 2554587303
      },
      "geometry": {
        "type": "Point",
        "coordinates": [
          85.357696,
          28.210855
        ]
      }
    },
    {
      "type": "Feature",
      "properties": {
        "id": "osm-place-node-2772174431",
        "name": "गोङ्गाङ",
        "kind": "observed_community",
        "place": "hamlet",
        "corridorKm": 11.3,
        "classification": "observed",
        "source": "OpenStreetMap",
        "osmType": "node",
        "osmId": 2772174431
      },
      "geometry": {
        "type": "Point",
        "coordinates": [
          85.297723,
          28.198919
        ]
      }
    },
    {
      "type": "Feature",
      "properties": {
        "id": "osm-place-node-2772174479",
        "name": "ब्रिमडाङ",
        "kind": "observed_community",
        "place": "hamlet",
        "corridorKm": 11.3,
        "classification": "observed",
        "source": "OpenStreetMap",
        "osmType": "node",
        "osmId": 2772174479
      },
      "geometry": {
        "type": "Point",
        "coordinates": [
          85.309891,
          28.203639
        ]
      }
    },
    {
      "type": "Feature",
      "properties": {
        "id": "osm-place-node-2820552513",
        "name": "ब्राबल",
        "kind": "observed_community",
        "place": "village",
        "corridorKm": 14.6,
        "classification": "observed",
        "source": "OpenStreetMap",
        "osmType": "node",
        "osmId": 2820552513
      },
      "geometry": {
        "type": "Point",
        "coordinates": [
          85.339156,
          28.143574
        ]
      }
    },
    {
      "type": "Feature",
      "properties": {
        "id": "osm-place-node-2828873676",
        "name": "खाङजिम",
        "kind": "observed_community",
        "place": "hamlet",
        "corridorKm": 12.4,
        "classification": "observed",
        "source": "OpenStreetMap",
        "osmType": "node",
        "osmId": 2828873676
      },
      "geometry": {
        "type": "Point",
        "coordinates": [
          85.359136,
          28.176807
        ]
      }
    },
    {
      "type": "Feature",
      "properties": {
        "id": "osm-place-node-2857852085",
        "name": "भैंसे",
        "kind": "observed_community",
        "place": "hamlet",
        "corridorKm": 44.6,
        "classification": "observed",
        "source": "OpenStreetMap",
        "osmType": "node",
        "osmId": 2857852085
      },
      "geometry": {
        "type": "Point",
        "coordinates": [
          85.170331,
          27.960367
        ]
      }
    },
    {
      "type": "Feature",
      "properties": {
        "id": "osm-place-node-2862498799",
        "name": "फिस्लिङ",
        "kind": "observed_community",
        "place": "hamlet",
        "corridorKm": 114.5,
        "classification": "observed",
        "source": "OpenStreetMap",
        "osmType": "node",
        "osmId": 2862498799
      },
      "geometry": {
        "type": "Point",
        "coordinates": [
          84.661724,
          27.842805
        ]
      }
    },
    {
      "type": "Feature",
      "properties": {
        "id": "osm-place-node-2862517103",
        "name": "घाटबेंसी",
        "kind": "observed_community",
        "place": "hamlet",
        "corridorKm": 84.1,
        "classification": "observed",
        "source": "OpenStreetMap",
        "osmType": "node",
        "osmId": 2862517103
      },
      "geometry": {
        "type": "Point",
        "coordinates": [
          84.905268,
          27.804498
        ]
      }
    },
    {
      "type": "Feature",
      "properties": {
        "id": "osm-place-node-3013890962",
        "name": "मलेखु",
        "kind": "observed_community",
        "place": "hamlet",
        "corridorKm": 93.2,
        "classification": "observed",
        "source": "OpenStreetMap",
        "osmType": "node",
        "osmId": 3013890962
      },
      "geometry": {
        "type": "Point",
        "coordinates": [
          84.82724,
          27.813705
        ]
      }
    },
    {
      "type": "Feature",
      "properties": {
        "id": "osm-place-node-3013890964",
        "name": "पुराणो मलेखु",
        "kind": "observed_community",
        "place": "hamlet",
        "corridorKm": 91,
        "classification": "observed",
        "source": "OpenStreetMap",
        "osmType": "node",
        "osmId": 3013890964
      },
      "geometry": {
        "type": "Point",
        "coordinates": [
          84.836209,
          27.806219
        ]
      }
    },
    {
      "type": "Feature",
      "properties": {
        "id": "osm-place-node-3415524998",
        "name": "अर्चले",
        "kind": "observed_community",
        "place": "hamlet",
        "corridorKm": 38,
        "classification": "observed",
        "source": "OpenStreetMap",
        "osmType": "node",
        "osmId": 3415524998
      },
      "geometry": {
        "type": "Point",
        "coordinates": [
          85.176503,
          28.01704
        ]
      }
    },
    {
      "type": "Feature",
      "properties": {
        "id": "osm-place-node-3415524999",
        "name": "शान्ति बजार",
        "kind": "observed_community",
        "place": "hamlet",
        "corridorKm": 36.9,
        "classification": "observed",
        "source": "OpenStreetMap",
        "osmType": "node",
        "osmId": 3415524999
      },
      "geometry": {
        "type": "Point",
        "coordinates": [
          85.181411,
          28.017255
        ]
      }
    },
    {
      "type": "Feature",
      "properties": {
        "id": "osm-place-node-3415525225",
        "name": "सिम्ले",
        "kind": "observed_community",
        "place": "hamlet",
        "corridorKm": 35.9,
        "classification": "observed",
        "source": "OpenStreetMap",
        "osmType": "node",
        "osmId": 3415525225
      },
      "geometry": {
        "type": "Point",
        "coordinates": [
          85.191197,
          28.0292
        ]
      }
    },
    {
      "type": "Feature",
      "properties": {
        "id": "osm-place-node-3415530606",
        "name": "हाकु बेसी",
        "kind": "observed_community",
        "place": "hamlet",
        "corridorKm": 21.2,
        "classification": "observed",
        "source": "OpenStreetMap",
        "osmType": "node",
        "osmId": 3415530606
      },
      "geometry": {
        "type": "Point",
        "coordinates": [
          85.279073,
          28.116482
        ]
      }
    },
    {
      "type": "Feature",
      "properties": {
        "id": "osm-place-node-3415530630",
        "name": "सानाे भार्खु",
        "kind": "observed_community",
        "place": "hamlet",
        "corridorKm": 16.9,
        "classification": "observed",
        "source": "OpenStreetMap",
        "osmType": "node",
        "osmId": 3415530630
      },
      "geometry": {
        "type": "Point",
        "coordinates": [
          85.319665,
          28.13748
        ]
      }
    },
    {
      "type": "Feature",
      "properties": {
        "id": "osm-place-node-3415532806",
        "name": "चिप्लेटी",
        "kind": "observed_community",
        "place": "hamlet",
        "corridorKm": 31.4,
        "classification": "observed",
        "source": "OpenStreetMap",
        "osmType": "node",
        "osmId": 3415532806
      },
      "geometry": {
        "type": "Point",
        "coordinates": [
          85.199547,
          28.062106
        ]
      }
    },
    {
      "type": "Feature",
      "properties": {
        "id": "osm-place-node-3415533959",
        "name": "मैलुङ",
        "kind": "observed_community",
        "place": "hamlet",
        "corridorKm": 30.4,
        "classification": "observed",
        "source": "OpenStreetMap",
        "osmType": "node",
        "osmId": 3415533959
      },
      "geometry": {
        "type": "Point",
        "coordinates": [
          85.207003,
          28.071774
        ]
      }
    },
    {
      "type": "Feature",
      "properties": {
        "id": "osm-place-node-3415536482",
        "name": "सानो हाकु",
        "kind": "observed_community",
        "place": "hamlet",
        "corridorKm": 21.2,
        "classification": "observed",
        "source": "OpenStreetMap",
        "osmType": "node",
        "osmId": 3415536482
      },
      "geometry": {
        "type": "Point",
        "coordinates": [
          85.270152,
          28.124172
        ]
      }
    },
    {
      "type": "Feature",
      "properties": {
        "id": "osm-place-node-3415543901",
        "name": "डाल्फेडी",
        "kind": "observed_community",
        "place": "hamlet",
        "corridorKm": 5.5,
        "classification": "observed",
        "source": "OpenStreetMap",
        "osmType": "node",
        "osmId": 3415543901
      },
      "geometry": {
        "type": "Point",
        "coordinates": [
          85.353164,
          28.229005
        ]
      }
    },
    {
      "type": "Feature",
      "properties": {
        "id": "osm-place-node-3415546447",
        "name": "ग्रे",
        "kind": "observed_community",
        "place": "hamlet",
        "corridorKm": 17.8,
        "classification": "observed",
        "source": "OpenStreetMap",
        "osmType": "node",
        "osmId": 3415546447
      },
      "geometry": {
        "type": "Point",
        "coordinates": [
          85.295571,
          28.142498
        ]
      }
    },
    {
      "type": "Feature",
      "properties": {
        "id": "osm-place-node-3415550685",
        "name": "ग्राङ",
        "kind": "observed_community",
        "place": "village",
        "corridorKm": 32.5,
        "classification": "observed",
        "source": "OpenStreetMap",
        "osmType": "node",
        "osmId": 3415550685
      },
      "geometry": {
        "type": "Point",
        "coordinates": [
          85.226004,
          28.057347
        ]
      }
    },
    {
      "type": "Feature",
      "properties": {
        "id": "osm-place-node-3415553188",
        "name": "ठाडे",
        "kind": "observed_community",
        "place": "hamlet",
        "corridorKm": 26.9,
        "classification": "observed",
        "source": "OpenStreetMap",
        "osmType": "node",
        "osmId": 3415553188
      },
      "geometry": {
        "type": "Point",
        "coordinates": [
          85.244093,
          28.077556
        ]
      }
    },
    {
      "type": "Feature",
      "properties": {
        "id": "osm-place-node-3478161247",
        "name": "भञ्ज्याङथोक",
        "kind": "observed_community",
        "place": "hamlet",
        "corridorKm": 62.6,
        "classification": "observed",
        "source": "OpenStreetMap",
        "osmType": "node",
        "osmId": 3478161247
      },
      "geometry": {
        "type": "Point",
        "coordinates": [
          85.060228,
          27.890996
        ]
      }
    },
    {
      "type": "Feature",
      "properties": {
        "id": "osm-place-node-3478161252",
        "name": "तारकेश्वर",
        "kind": "observed_community",
        "place": "village",
        "corridorKm": 62.6,
        "classification": "observed",
        "source": "OpenStreetMap",
        "osmType": "node",
        "osmId": 3478161252
      },
      "geometry": {
        "type": "Point",
        "coordinates": [
          85.065384,
          27.895505
        ]
      }
    },
    {
      "type": "Feature",
      "properties": {
        "id": "osm-place-node-3480075072",
        "name": "गैंडाकोट",
        "kind": "observed_community",
        "place": "town",
        "corridorKm": 160.2,
        "classification": "observed",
        "source": "OpenStreetMap",
        "osmType": "node",
        "osmId": 3480075072
      },
      "geometry": {
        "type": "Point",
        "coordinates": [
          84.391263,
          27.705659
        ]
      }
    },
    {
      "type": "Feature",
      "properties": {
        "id": "osm-place-node-3480119120",
        "name": "Makaising",
        "kind": "observed_community",
        "place": "hamlet",
        "corridorKm": 115.7,
        "classification": "observed",
        "source": "OpenStreetMap",
        "osmType": "node",
        "osmId": 3480119120
      },
      "geometry": {
        "type": "Point",
        "coordinates": [
          84.687927,
          27.886465
        ]
      }
    },
    {
      "type": "Feature",
      "properties": {
        "id": "osm-place-node-3481214428",
        "name": "Dandagaun",
        "kind": "observed_community",
        "place": "village",
        "corridorKm": 125.1,
        "classification": "observed",
        "source": "OpenStreetMap",
        "osmType": "node",
        "osmId": 3481214428
      },
      "geometry": {
        "type": "Point",
        "coordinates": [
          84.564211,
          27.904664
        ]
      }
    },
    {
      "type": "Feature",
      "properties": {
        "id": "osm-place-node-3484103336",
        "name": "Kotgau",
        "kind": "observed_community",
        "place": "village",
        "corridorKm": 126.3,
        "classification": "observed",
        "source": "OpenStreetMap",
        "osmType": "node",
        "osmId": 3484103336
      },
      "geometry": {
        "type": "Point",
        "coordinates": [
          84.569092,
          27.888158
        ]
      }
    },
    {
      "type": "Feature",
      "properties": {
        "id": "osm-place-node-3488022931",
        "name": "खर्क",
        "kind": "observed_community",
        "place": "hamlet",
        "corridorKm": 55.9,
        "classification": "observed",
        "source": "OpenStreetMap",
        "osmType": "node",
        "osmId": 3488022931
      },
      "geometry": {
        "type": "Point",
        "coordinates": [
          85.160014,
          27.835929
        ]
      }
    },
    {
      "type": "Feature",
      "properties": {
        "id": "osm-place-node-3494541109",
        "name": "Dalgaun",
        "kind": "observed_community",
        "place": "hamlet",
        "corridorKm": 4.4,
        "classification": "observed",
        "source": "OpenStreetMap",
        "osmType": "node",
        "osmId": 3494541109
      },
      "geometry": {
        "type": "Point",
        "coordinates": [
          85.342146,
          28.255755
        ]
      }
    },
    {
      "type": "Feature",
      "properties": {
        "id": "osm-place-node-3495645010",
        "name": "जर्सा डाँडा",
        "kind": "observed_community",
        "place": "hamlet",
        "corridorKm": 21.2,
        "classification": "observed",
        "source": "OpenStreetMap",
        "osmType": "node",
        "osmId": 3495645010
      },
      "geometry": {
        "type": "Point",
        "coordinates": [
          85.243002,
          28.16286
        ]
      }
    },
    {
      "type": "Feature",
      "properties": {
        "id": "osm-place-node-3495754793",
        "name": "भ्रजम",
        "kind": "observed_community",
        "place": "hamlet",
        "corridorKm": 11.3,
        "classification": "observed",
        "source": "OpenStreetMap",
        "osmType": "node",
        "osmId": 3495754793
      },
      "geometry": {
        "type": "Point",
        "coordinates": [
          85.31696,
          28.187739
        ]
      }
    },
    {
      "type": "Feature",
      "properties": {
        "id": "osm-place-node-3495857671",
        "name": "ठुलो स्याप्रु",
        "kind": "observed_community",
        "place": "hamlet",
        "corridorKm": 13.5,
        "classification": "observed",
        "source": "OpenStreetMap",
        "osmType": "node",
        "osmId": 3495857671
      },
      "geometry": {
        "type": "Point",
        "coordinates": [
          85.360692,
          28.143045
        ]
      }
    },
    {
      "type": "Feature",
      "properties": {
        "id": "osm-place-node-3499801960",
        "name": "बिदुर",
        "kind": "observed_community",
        "place": "town",
        "corridorKm": 52.5,
        "classification": "observed",
        "source": "OpenStreetMap",
        "osmType": "node",
        "osmId": 3499801960
      },
      "geometry": {
        "type": "Point",
        "coordinates": [
          85.146446,
          27.89526
        ]
      }
    },
    {
      "type": "Feature",
      "properties": {
        "id": "osm-place-node-3504477174",
        "name": "गोगने",
        "kind": "observed_community",
        "place": "hamlet",
        "corridorKm": 28.1,
        "classification": "observed",
        "source": "OpenStreetMap",
        "osmType": "node",
        "osmId": 3504477174
      },
      "geometry": {
        "type": "Point",
        "coordinates": [
          85.222256,
          28.088865
        ]
      }
    },
    {
      "type": "Feature",
      "properties": {
        "id": "osm-place-node-3504477175",
        "name": "झर्कलेरी",
        "kind": "observed_community",
        "place": "hamlet",
        "corridorKm": 36.9,
        "classification": "observed",
        "source": "OpenStreetMap",
        "osmType": "node",
        "osmId": 3504477175
      },
      "geometry": {
        "type": "Point",
        "coordinates": [
          85.171444,
          28.028076
        ]
      }
    },
    {
      "type": "Feature",
      "properties": {
        "id": "osm-place-node-3691065952",
        "name": "सातदोबाटो",
        "kind": "observed_community",
        "place": "hamlet",
        "corridorKm": 38,
        "classification": "observed",
        "source": "OpenStreetMap",
        "osmType": "node",
        "osmId": 3691065952
      },
      "geometry": {
        "type": "Point",
        "coordinates": [
          85.163805,
          28.003649
        ]
      }
    },
    {
      "type": "Feature",
      "properties": {
        "id": "osm-place-node-3691071165",
        "name": "नुचेत गाउँ",
        "kind": "observed_community",
        "place": "hamlet",
        "corridorKm": 38,
        "classification": "observed",
        "source": "OpenStreetMap",
        "osmType": "node",
        "osmId": 3691071165
      },
      "geometry": {
        "type": "Point",
        "coordinates": [
          85.133997,
          28.003938
        ]
      }
    },
    {
      "type": "Feature",
      "properties": {
        "id": "osm-place-node-4156044161",
        "name": "देवीघाट",
        "kind": "observed_community",
        "place": "hamlet",
        "corridorKm": 58.2,
        "classification": "observed",
        "source": "OpenStreetMap",
        "osmType": "node",
        "osmId": 4156044161
      },
      "geometry": {
        "type": "Point",
        "coordinates": [
          85.110063,
          27.860032
        ]
      }
    },
    {
      "type": "Feature",
      "properties": {
        "id": "osm-place-node-4226430344",
        "name": "कार्की गाउँ",
        "kind": "observed_community",
        "place": "hamlet",
        "corridorKm": 39.1,
        "classification": "observed",
        "source": "OpenStreetMap",
        "osmType": "node",
        "osmId": 4226430344
      },
      "geometry": {
        "type": "Point",
        "coordinates": [
          85.172694,
          28.00017
        ]
      }
    },
    {
      "type": "Feature",
      "properties": {
        "id": "osm-place-node-4312151846",
        "name": "Bhogteni",
        "kind": "observed_community",
        "place": "village",
        "corridorKm": 125.1,
        "classification": "observed",
        "source": "OpenStreetMap",
        "osmType": "node",
        "osmId": 4312151846
      },
      "geometry": {
        "type": "Point",
        "coordinates": [
          84.573363,
          27.929191
        ]
      }
    },
    {
      "type": "Feature",
      "properties": {
        "id": "osm-place-node-4727563924",
        "name": "भैरमकोट",
        "kind": "observed_community",
        "place": "hamlet",
        "corridorKm": 45.6,
        "classification": "observed",
        "source": "OpenStreetMap",
        "osmType": "node",
        "osmId": 4727563924
      },
      "geometry": {
        "type": "Point",
        "coordinates": [
          85.141717,
          27.954687
        ]
      }
    },
    {
      "type": "Feature",
      "properties": {
        "id": "osm-place-node-4727563926",
        "name": "भ्यागुते",
        "kind": "observed_community",
        "place": "hamlet",
        "corridorKm": 45.6,
        "classification": "observed",
        "source": "OpenStreetMap",
        "osmType": "node",
        "osmId": 4727563926
      },
      "geometry": {
        "type": "Point",
        "coordinates": [
          85.143789,
          27.951689
        ]
      }
    },
    {
      "type": "Feature",
      "properties": {
        "id": "osm-place-node-4727563927",
        "name": "गगते",
        "kind": "observed_community",
        "place": "hamlet",
        "corridorKm": 45.6,
        "classification": "observed",
        "source": "OpenStreetMap",
        "osmType": "node",
        "osmId": 4727563927
      },
      "geometry": {
        "type": "Point",
        "coordinates": [
          85.146451,
          27.954586
        ]
      }
    },
    {
      "type": "Feature",
      "properties": {
        "id": "osm-place-node-4727563929",
        "name": "गैराथोक",
        "kind": "observed_community",
        "place": "village",
        "corridorKm": 45.6,
        "classification": "observed",
        "source": "OpenStreetMap",
        "osmType": "node",
        "osmId": 4727563929
      },
      "geometry": {
        "type": "Point",
        "coordinates": [
          85.130973,
          27.958029
        ]
      }
    },
    {
      "type": "Feature",
      "properties": {
        "id": "osm-place-node-4727563930",
        "name": "जफाती",
        "kind": "observed_community",
        "place": "hamlet",
        "corridorKm": 45.6,
        "classification": "observed",
        "source": "OpenStreetMap",
        "osmType": "node",
        "osmId": 4727563930
      },
      "geometry": {
        "type": "Point",
        "coordinates": [
          85.149533,
          27.956038
        ]
      }
    },
    {
      "type": "Feature",
      "properties": {
        "id": "osm-place-node-4793464260",
        "name": "फेदी बजार",
        "kind": "observed_community",
        "place": "village",
        "corridorKm": 126.3,
        "classification": "observed",
        "source": "OpenStreetMap",
        "osmType": "node",
        "osmId": 4793464260
      },
      "geometry": {
        "type": "Point",
        "coordinates": [
          84.542665,
          27.910431
        ]
      }
    },
    {
      "type": "Feature",
      "properties": {
        "id": "osm-place-node-4800345719",
        "name": "Silintar",
        "kind": "observed_community",
        "place": "hamlet",
        "corridorKm": 125.1,
        "classification": "observed",
        "source": "OpenStreetMap",
        "osmType": "node",
        "osmId": 4800345719
      },
      "geometry": {
        "type": "Point",
        "coordinates": [
          84.590809,
          27.882025
        ]
      }
    },
    {
      "type": "Feature",
      "properties": {
        "id": "osm-place-node-4800364653",
        "name": "Gyajhadada",
        "kind": "observed_community",
        "place": "hamlet",
        "corridorKm": 126.3,
        "classification": "observed",
        "source": "OpenStreetMap",
        "osmType": "node",
        "osmId": 4800364653
      },
      "geometry": {
        "type": "Point",
        "coordinates": [
          84.570004,
          27.877
        ]
      }
    },
    {
      "type": "Feature",
      "properties": {
        "id": "osm-place-node-4800371211",
        "name": "Namjun",
        "kind": "observed_community",
        "place": "hamlet",
        "corridorKm": 126.3,
        "classification": "observed",
        "source": "OpenStreetMap",
        "osmType": "node",
        "osmId": 4800371211
      },
      "geometry": {
        "type": "Point",
        "coordinates": [
          84.543877,
          27.894773
        ]
      }
    },
    {
      "type": "Feature",
      "properties": {
        "id": "osm-place-node-4894808470",
        "name": "Ghyalchok",
        "kind": "observed_community",
        "place": "village",
        "corridorKm": 99.7,
        "classification": "observed",
        "source": "OpenStreetMap",
        "osmType": "node",
        "osmId": 4894808470
      },
      "geometry": {
        "type": "Point",
        "coordinates": [
          84.772468,
          27.810645
        ]
      }
    },
    {
      "type": "Feature",
      "properties": {
        "id": "osm-place-node-4894828107",
        "name": "Ghyalchok",
        "kind": "observed_community",
        "place": "village",
        "corridorKm": 103.9,
        "classification": "observed",
        "source": "OpenStreetMap",
        "osmType": "node",
        "osmId": 4894828107
      },
      "geometry": {
        "type": "Point",
        "coordinates": [
          84.738073,
          27.811328
        ]
      }
    },
    {
      "type": "Feature",
      "properties": {
        "id": "osm-place-node-4894877151",
        "name": "Bhumlichok",
        "kind": "observed_community",
        "place": "village",
        "corridorKm": 108.8,
        "classification": "observed",
        "source": "OpenStreetMap",
        "osmType": "node",
        "osmId": 4894877151
      },
      "geometry": {
        "type": "Point",
        "coordinates": [
          84.700297,
          27.827004
        ]
      }
    },
    {
      "type": "Feature",
      "properties": {
        "id": "osm-place-node-4896396585",
        "name": "Darbhung",
        "kind": "observed_community",
        "place": "village",
        "corridorKm": 101.7,
        "classification": "observed",
        "source": "OpenStreetMap",
        "osmType": "node",
        "osmId": 4896396585
      },
      "geometry": {
        "type": "Point",
        "coordinates": [
          84.731496,
          27.869178
        ]
      }
    },
    {
      "type": "Feature",
      "properties": {
        "id": "osm-place-node-4901439809",
        "name": "Manakamana",
        "kind": "observed_community",
        "place": "village",
        "corridorKm": 125.1,
        "classification": "observed",
        "source": "OpenStreetMap",
        "osmType": "node",
        "osmId": 4901439809
      },
      "geometry": {
        "type": "Point",
        "coordinates": [
          84.568857,
          27.908724
        ]
      }
    },
    {
      "type": "Feature",
      "properties": {
        "id": "osm-place-node-4901511974",
        "name": "Bakrang",
        "kind": "observed_community",
        "place": "village",
        "corridorKm": 125.1,
        "classification": "observed",
        "source": "OpenStreetMap",
        "osmType": "node",
        "osmId": 4901511974
      },
      "geometry": {
        "type": "Point",
        "coordinates": [
          84.578435,
          27.928919
        ]
      }
    },
    {
      "type": "Feature",
      "properties": {
        "id": "osm-place-node-4905343545",
        "name": "Deurali",
        "kind": "observed_community",
        "place": "hamlet",
        "corridorKm": 126.3,
        "classification": "observed",
        "source": "OpenStreetMap",
        "osmType": "node",
        "osmId": 4905343545
      },
      "geometry": {
        "type": "Point",
        "coordinates": [
          84.542507,
          27.917325
        ]
      }
    },
    {
      "type": "Feature",
      "properties": {
        "id": "osm-place-node-4912203436",
        "name": "Bakrang",
        "kind": "observed_community",
        "place": "village",
        "corridorKm": 125.1,
        "classification": "observed",
        "source": "OpenStreetMap",
        "osmType": "node",
        "osmId": 4912203436
      },
      "geometry": {
        "type": "Point",
        "coordinates": [
          84.59053,
          27.936573
        ]
      }
    },
    {
      "type": "Feature",
      "properties": {
        "id": "osm-place-node-4914163421",
        "name": "Makaising",
        "kind": "observed_community",
        "place": "village",
        "corridorKm": 117.7,
        "classification": "observed",
        "source": "OpenStreetMap",
        "osmType": "node",
        "osmId": 4914163421
      },
      "geometry": {
        "type": "Point",
        "coordinates": [
          84.655493,
          27.875049
        ]
      }
    },
    {
      "type": "Feature",
      "properties": {
        "id": "osm-place-node-4914188615",
        "name": "Tanglichok",
        "kind": "observed_community",
        "place": "village",
        "corridorKm": 117.7,
        "classification": "observed",
        "source": "OpenStreetMap",
        "osmType": "node",
        "osmId": 4914188615
      },
      "geometry": {
        "type": "Point",
        "coordinates": [
          84.674489,
          27.885565
        ]
      }
    },
    {
      "type": "Feature",
      "properties": {
        "id": "osm-place-node-4935223349",
        "name": "खाल्टे",
        "kind": "observed_community",
        "place": "hamlet",
        "corridorKm": 77.9,
        "classification": "observed",
        "source": "OpenStreetMap",
        "osmType": "node",
        "osmId": 4935223349
      },
      "geometry": {
        "type": "Point",
        "coordinates": [
          84.954042,
          27.879543
        ]
      }
    },
    {
      "type": "Feature",
      "properties": {
        "id": "osm-place-node-4941661567",
        "name": "Dhussa",
        "kind": "observed_community",
        "place": "village",
        "corridorKm": 102.8,
        "classification": "observed",
        "source": "OpenStreetMap",
        "osmType": "node",
        "osmId": 4941661567
      },
      "geometry": {
        "type": "Point",
        "coordinates": [
          84.751626,
          27.803861
        ]
      }
    },
    {
      "type": "Feature",
      "properties": {
        "id": "osm-place-node-4967937739",
        "name": "धइबुङ",
        "kind": "observed_community",
        "place": "hamlet",
        "corridorKm": 39.1,
        "classification": "observed",
        "source": "OpenStreetMap",
        "osmType": "node",
        "osmId": 4967937739
      },
      "geometry": {
        "type": "Point",
        "coordinates": [
          85.21124,
          28.00215
        ]
      }
    },
    {
      "type": "Feature",
      "properties": {
        "id": "osm-place-node-5086621424",
        "name": "热索",
        "kind": "observed_community",
        "place": "village",
        "corridorKm": 0,
        "classification": "observed",
        "source": "OpenStreetMap",
        "osmType": "node",
        "osmId": 5086621424
      },
      "geometry": {
        "type": "Point",
        "coordinates": [
          85.378218,
          28.280321
        ]
      }
    },
    {
      "type": "Feature",
      "properties": {
        "id": "osm-place-node-5190630980",
        "name": "कुसुन्डे गाउँ",
        "kind": "observed_community",
        "place": "hamlet",
        "corridorKm": 84.1,
        "classification": "observed",
        "source": "OpenStreetMap",
        "osmType": "node",
        "osmId": 5190630980
      },
      "geometry": {
        "type": "Point",
        "coordinates": [
          84.912926,
          27.86158
        ]
      }
    },
    {
      "type": "Feature",
      "properties": {
        "id": "osm-place-node-5235619896",
        "name": "पिपलटार",
        "kind": "observed_community",
        "place": "hamlet",
        "corridorKm": 55.9,
        "classification": "observed",
        "source": "OpenStreetMap",
        "osmType": "node",
        "osmId": 5235619896
      },
      "geometry": {
        "type": "Point",
        "coordinates": [
          85.128121,
          27.865576
        ]
      }
    },
    {
      "type": "Feature",
      "properties": {
        "id": "osm-place-node-5265300677",
        "name": "दुवारे गाउँ",
        "kind": "observed_community",
        "place": "hamlet",
        "corridorKm": 93.2,
        "classification": "observed",
        "source": "OpenStreetMap",
        "osmType": "node",
        "osmId": 5265300677
      },
      "geometry": {
        "type": "Point",
        "coordinates": [
          84.810489,
          27.868397
        ]
      }
    },
    {
      "type": "Feature",
      "properties": {
        "id": "osm-place-node-5265300678",
        "name": "नहर्की गाउँ",
        "kind": "observed_community",
        "place": "hamlet",
        "corridorKm": 96.3,
        "classification": "observed",
        "source": "OpenStreetMap",
        "osmType": "node",
        "osmId": 5265300678
      },
      "geometry": {
        "type": "Point",
        "coordinates": [
          84.806235,
          27.872598
        ]
      }
    },
    {
      "type": "Feature",
      "properties": {
        "id": "osm-place-node-5411466640",
        "name": "पाङलिङ",
        "kind": "observed_community",
        "place": "hamlet",
        "corridorKm": 20.1,
        "classification": "observed",
        "source": "OpenStreetMap",
        "osmType": "node",
        "osmId": 5411466640
      },
      "geometry": {
        "type": "Point",
        "coordinates": [
          85.281065,
          28.131252
        ]
      }
    },
    {
      "type": "Feature",
      "properties": {
        "id": "osm-place-node-5674852181",
        "name": "गोइराङ",
        "kind": "observed_community",
        "place": "hamlet",
        "corridorKm": 110,
        "classification": "observed",
        "source": "OpenStreetMap",
        "osmType": "node",
        "osmId": 5674852181
      },
      "geometry": {
        "type": "Point",
        "coordinates": [
          84.676132,
          27.783923
        ]
      }
    },
    {
      "type": "Feature",
      "properties": {
        "id": "osm-place-node-8435208930",
        "name": "नवलपुर",
        "kind": "observed_community",
        "place": "hamlet",
        "corridorKm": 84.1,
        "classification": "observed",
        "source": "OpenStreetMap",
        "osmType": "node",
        "osmId": 8435208930
      },
      "geometry": {
        "type": "Point",
        "coordinates": [
          84.910707,
          27.849398
        ]
      }
    },
    {
      "type": "Feature",
      "properties": {
        "id": "osm-place-node-10207187270",
        "name": "National Rainbow Trout Research Station, Dhunche",
        "kind": "observed_community",
        "place": "hamlet",
        "corridorKm": 20.1,
        "classification": "observed",
        "source": "OpenStreetMap",
        "osmType": "node",
        "osmId": 10207187270
      },
      "geometry": {
        "type": "Point",
        "coordinates": [
          85.304715,
          28.110411
        ]
      }
    },
    {
      "type": "Feature",
      "properties": {
        "id": "osm-place-node-10207223745",
        "name": "Pasture and Fodder Research Station, Dhunche",
        "kind": "observed_community",
        "place": "hamlet",
        "corridorKm": 20.1,
        "classification": "observed",
        "source": "OpenStreetMap",
        "osmType": "node",
        "osmId": 10207223745
      },
      "geometry": {
        "type": "Point",
        "coordinates": [
          85.302123,
          28.112386
        ]
      }
    },
    {
      "type": "Feature",
      "properties": {
        "id": "osm-place-node-10603458426",
        "name": "सालिम भित्ता",
        "kind": "observed_community",
        "place": "hamlet",
        "corridorKm": 36.9,
        "classification": "observed",
        "source": "OpenStreetMap",
        "osmType": "node",
        "osmId": 10603458426
      },
      "geometry": {
        "type": "Point",
        "coordinates": [
          85.181726,
          28.02356
        ]
      }
    },
    {
      "type": "Feature",
      "properties": {
        "id": "osm-place-node-10603466952",
        "name": "ढुङ्गे",
        "kind": "observed_community",
        "place": "hamlet",
        "corridorKm": 36.9,
        "classification": "observed",
        "source": "OpenStreetMap",
        "osmType": "node",
        "osmId": 10603466952
      },
      "geometry": {
        "type": "Point",
        "coordinates": [
          85.203098,
          28.014235
        ]
      }
    },
    {
      "type": "Feature",
      "properties": {
        "id": "osm-place-node-10603476241",
        "name": "घोर्मु",
        "kind": "observed_community",
        "place": "hamlet",
        "corridorKm": 33.7,
        "classification": "observed",
        "source": "OpenStreetMap",
        "osmType": "node",
        "osmId": 10603476241
      },
      "geometry": {
        "type": "Point",
        "coordinates": [
          85.252595,
          28.0135
        ]
      }
    },
    {
      "type": "Feature",
      "properties": {
        "id": "osm-place-node-10603537479",
        "name": "नौविसे फाँट",
        "kind": "observed_community",
        "place": "hamlet",
        "corridorKm": 41.2,
        "classification": "observed",
        "source": "OpenStreetMap",
        "osmType": "node",
        "osmId": 10603537479
      },
      "geometry": {
        "type": "Point",
        "coordinates": [
          85.182562,
          27.984691
        ]
      }
    },
    {
      "type": "Feature",
      "properties": {
        "id": "osm-place-node-10603584476",
        "name": "धर्नाभदौरे",
        "kind": "observed_community",
        "place": "hamlet",
        "corridorKm": 31.4,
        "classification": "observed",
        "source": "OpenStreetMap",
        "osmType": "node",
        "osmId": 10603584476
      },
      "geometry": {
        "type": "Point",
        "coordinates": [
          85.200166,
          28.066419
        ]
      }
    },
    {
      "type": "Feature",
      "properties": {
        "id": "osm-place-node-10603590046",
        "name": "सिरुचेत",
        "kind": "observed_community",
        "place": "hamlet",
        "corridorKm": 30.4,
        "classification": "observed",
        "source": "OpenStreetMap",
        "osmType": "node",
        "osmId": 10603590046
      },
      "geometry": {
        "type": "Point",
        "coordinates": [
          85.198569,
          28.071436
        ]
      }
    },
    {
      "type": "Feature",
      "properties": {
        "id": "osm-place-node-10603591893",
        "name": "खालचेत",
        "kind": "observed_community",
        "place": "hamlet",
        "corridorKm": 39.1,
        "classification": "observed",
        "source": "OpenStreetMap",
        "osmType": "node",
        "osmId": 10603591893
      },
      "geometry": {
        "type": "Point",
        "coordinates": [
          85.237744,
          27.999579
        ]
      }
    },
    {
      "type": "Feature",
      "properties": {
        "id": "osm-place-node-10603591972",
        "name": "सरसिउ",
        "kind": "observed_community",
        "place": "hamlet",
        "corridorKm": 35.9,
        "classification": "observed",
        "source": "OpenStreetMap",
        "osmType": "node",
        "osmId": 10603591972
      },
      "geometry": {
        "type": "Point",
        "coordinates": [
          85.248163,
          28.004241
        ]
      }
    },
    {
      "type": "Feature",
      "properties": {
        "id": "osm-place-node-10833649292",
        "name": "पाजुङ",
        "kind": "observed_community",
        "place": "hamlet",
        "corridorKm": 11.3,
        "classification": "observed",
        "source": "OpenStreetMap",
        "osmType": "node",
        "osmId": 10833649292
      },
      "geometry": {
        "type": "Point",
        "coordinates": [
          85.327556,
          28.186028
        ]
      }
    },
    {
      "type": "Feature",
      "properties": {
        "id": "osm-place-node-10872918443",
        "name": "तीनघरे",
        "kind": "observed_community",
        "place": "hamlet",
        "corridorKm": 101.7,
        "classification": "observed",
        "source": "OpenStreetMap",
        "osmType": "node",
        "osmId": 10872918443
      },
      "geometry": {
        "type": "Point",
        "coordinates": [
          84.726072,
          27.865651
        ]
      }
    },
    {
      "type": "Feature",
      "properties": {
        "id": "osm-place-node-10872945017",
        "name": "हात डाँडा",
        "kind": "observed_community",
        "place": "hamlet",
        "corridorKm": 100.7,
        "classification": "observed",
        "source": "OpenStreetMap",
        "osmType": "node",
        "osmId": 10872945017
      },
      "geometry": {
        "type": "Point",
        "coordinates": [
          84.752912,
          27.852879
        ]
      }
    },
    {
      "type": "Feature",
      "properties": {
        "id": "osm-place-node-10873361312",
        "name": "डाँडा गाउँ",
        "kind": "observed_community",
        "place": "village",
        "corridorKm": 100.7,
        "classification": "observed",
        "source": "OpenStreetMap",
        "osmType": "node",
        "osmId": 10873361312
      },
      "geometry": {
        "type": "Point",
        "coordinates": [
          84.75162,
          27.849772
        ]
      }
    },
    {
      "type": "Feature",
      "properties": {
        "id": "osm-place-node-10873361313",
        "name": "राणा गाउँ",
        "kind": "observed_community",
        "place": "village",
        "corridorKm": 101.7,
        "classification": "observed",
        "source": "OpenStreetMap",
        "osmType": "node",
        "osmId": 10873361313
      },
      "geometry": {
        "type": "Point",
        "coordinates": [
          84.7361,
          27.856882
        ]
      }
    },
    {
      "type": "Feature",
      "properties": {
        "id": "osm-place-node-10873361314",
        "name": "रौथोक",
        "kind": "observed_community",
        "place": "village",
        "corridorKm": 101.7,
        "classification": "observed",
        "source": "OpenStreetMap",
        "osmType": "node",
        "osmId": 10873361314
      },
      "geometry": {
        "type": "Point",
        "coordinates": [
          84.738708,
          27.858172
        ]
      }
    },
    {
      "type": "Feature",
      "properties": {
        "id": "osm-place-node-10873361315",
        "name": "सौमुरे गाउँ",
        "kind": "observed_community",
        "place": "village",
        "corridorKm": 101.7,
        "classification": "observed",
        "source": "OpenStreetMap",
        "osmType": "node",
        "osmId": 10873361315
      },
      "geometry": {
        "type": "Point",
        "coordinates": [
          84.732876,
          27.856948
        ]
      }
    },
    {
      "type": "Feature",
      "properties": {
        "id": "osm-place-node-10916416973",
        "name": "Yangdi",
        "kind": "observed_community",
        "place": "hamlet",
        "corridorKm": 117.7,
        "classification": "observed",
        "source": "OpenStreetMap",
        "osmType": "node",
        "osmId": 10916416973
      },
      "geometry": {
        "type": "Point",
        "coordinates": [
          84.687772,
          27.90189
        ]
      }
    },
    {
      "type": "Feature",
      "properties": {
        "id": "osm-place-node-10916458475",
        "name": "Tolak Gaun",
        "kind": "observed_community",
        "place": "hamlet",
        "corridorKm": 114.5,
        "classification": "observed",
        "source": "OpenStreetMap",
        "osmType": "node",
        "osmId": 10916458475
      },
      "geometry": {
        "type": "Point",
        "coordinates": [
          84.719814,
          27.861663
        ]
      }
    },
    {
      "type": "Feature",
      "properties": {
        "id": "osm-place-node-10916480234",
        "name": "Siran Gaun",
        "kind": "observed_community",
        "place": "hamlet",
        "corridorKm": 115.7,
        "classification": "observed",
        "source": "OpenStreetMap",
        "osmType": "node",
        "osmId": 10916480234
      },
      "geometry": {
        "type": "Point",
        "coordinates": [
          84.696114,
          27.879213
        ]
      }
    },
    {
      "type": "Feature",
      "properties": {
        "id": "osm-place-node-10923411849",
        "name": "बडहरे",
        "kind": "observed_community",
        "place": "hamlet",
        "corridorKm": 40.1,
        "classification": "observed",
        "source": "OpenStreetMap",
        "osmType": "node",
        "osmId": 10923411849
      },
      "geometry": {
        "type": "Point",
        "coordinates": [
          85.236994,
          27.984765
        ]
      }
    },
    {
      "type": "Feature",
      "properties": {
        "id": "osm-place-node-10923413444",
        "name": "कोमु",
        "kind": "observed_community",
        "place": "hamlet",
        "corridorKm": 35.9,
        "classification": "observed",
        "source": "OpenStreetMap",
        "osmType": "node",
        "osmId": 10923413444
      },
      "geometry": {
        "type": "Point",
        "coordinates": [
          85.253778,
          28.009205
        ]
      }
    },
    {
      "type": "Feature",
      "properties": {
        "id": "osm-place-node-11021810387",
        "name": "दासढुंगा",
        "kind": "observed_community",
        "place": "hamlet",
        "corridorKm": 150.7,
        "classification": "observed",
        "source": "OpenStreetMap",
        "osmType": "node",
        "osmId": 11021810387
      },
      "geometry": {
        "type": "Point",
        "coordinates": [
          84.453723,
          27.780207
        ]
      }
    },
    {
      "type": "Feature",
      "properties": {
        "id": "osm-place-node-11027128962",
        "name": "Jalbire",
        "kind": "observed_community",
        "place": "hamlet",
        "corridorKm": 135.1,
        "classification": "observed",
        "source": "OpenStreetMap",
        "osmType": "node",
        "osmId": 11027128962
      },
      "geometry": {
        "type": "Point",
        "coordinates": [
          84.521609,
          27.824861
        ]
      }
    },
    {
      "type": "Feature",
      "properties": {
        "id": "osm-place-node-11186154604",
        "name": "भञ्ज्याङ",
        "kind": "observed_community",
        "place": "hamlet",
        "corridorKm": 12.4,
        "classification": "observed",
        "source": "OpenStreetMap",
        "osmType": "node",
        "osmId": 11186154604
      },
      "geometry": {
        "type": "Point",
        "coordinates": [
          85.355198,
          28.168619
        ]
      }
    },
    {
      "type": "Feature",
      "properties": {
        "id": "osm-place-node-11186154605",
        "name": "सुर्का",
        "kind": "observed_community",
        "place": "hamlet",
        "corridorKm": 12.4,
        "classification": "observed",
        "source": "OpenStreetMap",
        "osmType": "node",
        "osmId": 11186154605
      },
      "geometry": {
        "type": "Point",
        "coordinates": [
          85.361934,
          28.171068
        ]
      }
    },
    {
      "type": "Feature",
      "properties": {
        "id": "osm-place-node-11470833293",
        "name": "राम्चे",
        "kind": "observed_community",
        "place": "hamlet",
        "corridorKm": 67.6,
        "classification": "observed",
        "source": "OpenStreetMap",
        "osmType": "node",
        "osmId": 11470833293
      },
      "geometry": {
        "type": "Point",
        "coordinates": [
          84.973446,
          27.87389
        ]
      }
    },
    {
      "type": "Feature",
      "properties": {
        "id": "osm-place-node-11470833294",
        "name": "देउराली",
        "kind": "observed_community",
        "place": "hamlet",
        "corridorKm": 67.6,
        "classification": "observed",
        "source": "OpenStreetMap",
        "osmType": "node",
        "osmId": 11470833294
      },
      "geometry": {
        "type": "Point",
        "coordinates": [
          84.985765,
          27.874636
        ]
      }
    },
    {
      "type": "Feature",
      "properties": {
        "id": "osm-place-node-11470833295",
        "name": "फ्याक्से",
        "kind": "observed_community",
        "place": "hamlet",
        "corridorKm": 77.9,
        "classification": "observed",
        "source": "OpenStreetMap",
        "osmType": "node",
        "osmId": 11470833295
      },
      "geometry": {
        "type": "Point",
        "coordinates": [
          84.957781,
          27.872458
        ]
      }
    },
    {
      "type": "Feature",
      "properties": {
        "id": "osm-place-node-11470833296",
        "name": "जल्किनी",
        "kind": "observed_community",
        "place": "hamlet",
        "corridorKm": 77.9,
        "classification": "observed",
        "source": "OpenStreetMap",
        "osmType": "node",
        "osmId": 11470833296
      },
      "geometry": {
        "type": "Point",
        "coordinates": [
          84.937974,
          27.853268
        ]
      }
    },
    {
      "type": "Feature",
      "properties": {
        "id": "osm-place-node-11470833297",
        "name": "भोर्ले",
        "kind": "observed_community",
        "place": "village",
        "corridorKm": 77.9,
        "classification": "observed",
        "source": "OpenStreetMap",
        "osmType": "node",
        "osmId": 11470833297
      },
      "geometry": {
        "type": "Point",
        "coordinates": [
          84.950087,
          27.854653
        ]
      }
    },
    {
      "type": "Feature",
      "properties": {
        "id": "osm-place-node-11470833298",
        "name": "स्यालडाँडा गाउँ",
        "kind": "observed_community",
        "place": "hamlet",
        "corridorKm": 77.9,
        "classification": "observed",
        "source": "OpenStreetMap",
        "osmType": "node",
        "osmId": 11470833298
      },
      "geometry": {
        "type": "Point",
        "coordinates": [
          84.963935,
          27.867024
        ]
      }
    },
    {
      "type": "Feature",
      "properties": {
        "id": "osm-place-node-11470833300",
        "name": "पहारेछाप",
        "kind": "observed_community",
        "place": "hamlet",
        "corridorKm": 67.6,
        "classification": "observed",
        "source": "OpenStreetMap",
        "osmType": "node",
        "osmId": 11470833300
      },
      "geometry": {
        "type": "Point",
        "coordinates": [
          84.977683,
          27.864439
        ]
      }
    },
    {
      "type": "Feature",
      "properties": {
        "id": "osm-place-node-11470833301",
        "name": "देविथान",
        "kind": "observed_community",
        "place": "hamlet",
        "corridorKm": 67.6,
        "classification": "observed",
        "source": "OpenStreetMap",
        "osmType": "node",
        "osmId": 11470833301
      },
      "geometry": {
        "type": "Point",
        "coordinates": [
          84.980557,
          27.861833
        ]
      }
    },
    {
      "type": "Feature",
      "properties": {
        "id": "osm-place-node-11470833302",
        "name": "गैरीगाउँ",
        "kind": "observed_community",
        "place": "hamlet",
        "corridorKm": 67.6,
        "classification": "observed",
        "source": "OpenStreetMap",
        "osmType": "node",
        "osmId": 11470833302
      },
      "geometry": {
        "type": "Point",
        "coordinates": [
          84.986421,
          27.859613
        ]
      }
    },
    {
      "type": "Feature",
      "properties": {
        "id": "osm-place-node-11470888785",
        "name": "जामुने",
        "kind": "observed_community",
        "place": "hamlet",
        "corridorKm": 66.6,
        "classification": "observed",
        "source": "OpenStreetMap",
        "osmType": "node",
        "osmId": 11470888785
      },
      "geometry": {
        "type": "Point",
        "coordinates": [
          84.985094,
          27.883899
        ]
      }
    },
    {
      "type": "Feature",
      "properties": {
        "id": "osm-place-node-11470888963",
        "name": "ढुसणी",
        "kind": "observed_community",
        "place": "hamlet",
        "corridorKm": 65.6,
        "classification": "observed",
        "source": "OpenStreetMap",
        "osmType": "node",
        "osmId": 11470888963
      },
      "geometry": {
        "type": "Point",
        "coordinates": [
          84.986074,
          27.894874
        ]
      }
    },
    {
      "type": "Feature",
      "properties": {
        "id": "osm-place-node-11470888966",
        "name": "डाँडा बासा",
        "kind": "observed_community",
        "place": "hamlet",
        "corridorKm": 66.6,
        "classification": "observed",
        "source": "OpenStreetMap",
        "osmType": "node",
        "osmId": 11470888966
      },
      "geometry": {
        "type": "Point",
        "coordinates": [
          84.978948,
          27.889204
        ]
      }
    },
    {
      "type": "Feature",
      "properties": {
        "id": "osm-place-node-11765507564",
        "name": "महेश-दोभान",
        "kind": "observed_community",
        "place": "hamlet",
        "corridorKm": 75.2,
        "classification": "observed",
        "source": "OpenStreetMap",
        "osmType": "node",
        "osmId": 11765507564
      },
      "geometry": {
        "type": "Point",
        "coordinates": [
          84.980042,
          27.801045
        ]
      }
    },
    {
      "type": "Feature",
      "properties": {
        "id": "osm-place-node-12117869411",
        "name": "चौकीडांडा",
        "kind": "observed_community",
        "place": "hamlet",
        "corridorKm": 141.6,
        "classification": "observed",
        "source": "OpenStreetMap",
        "osmType": "node",
        "osmId": 12117869411
      },
      "geometry": {
        "type": "Point",
        "coordinates": [
          84.474153,
          27.796568
        ]
      }
    },
    {
      "type": "Feature",
      "properties": {
        "id": "osm-place-node-13233416299",
        "name": "इच्छाकामना",
        "kind": "observed_community",
        "place": "village",
        "corridorKm": 119.9,
        "classification": "observed",
        "source": "OpenStreetMap",
        "osmType": "node",
        "osmId": 13233416299
      },
      "geometry": {
        "type": "Point",
        "coordinates": [
          84.621558,
          27.870166
        ]
      }
    },
    {
      "type": "Feature",
      "properties": {
        "id": "osm-place-node-13235260367",
        "name": "बेनीघाट रोराङ",
        "kind": "observed_community",
        "place": "village",
        "corridorKm": 99.7,
        "classification": "observed",
        "source": "OpenStreetMap",
        "osmType": "node",
        "osmId": 13235260367
      },
      "geometry": {
        "type": "Point",
        "coordinates": [
          84.769707,
          27.80742
        ]
      }
    },
    {
      "type": "Feature",
      "properties": {
        "id": "osm-place-node-13235260368",
        "name": "सिद्धलेक",
        "kind": "observed_community",
        "place": "village",
        "corridorKm": 96.3,
        "classification": "observed",
        "source": "OpenStreetMap",
        "osmType": "node",
        "osmId": 13235260368
      },
      "geometry": {
        "type": "Point",
        "coordinates": [
          84.795009,
          27.857243
        ]
      }
    },
    {
      "type": "Feature",
      "properties": {
        "id": "osm-place-node-13242877440",
        "name": "उत्तरगया",
        "kind": "observed_community",
        "place": "village",
        "corridorKm": 38,
        "classification": "observed",
        "source": "OpenStreetMap",
        "osmType": "node",
        "osmId": 13242877440
      },
      "geometry": {
        "type": "Point",
        "coordinates": [
          85.195168,
          28.011614
        ]
      }
    },
    {
      "type": "Feature",
      "properties": {
        "id": "osm-place-node-13242877441",
        "name": "कालिका",
        "kind": "observed_community",
        "place": "village",
        "corridorKm": 39.1,
        "classification": "observed",
        "source": "OpenStreetMap",
        "osmType": "node",
        "osmId": 13242877441
      },
      "geometry": {
        "type": "Point",
        "coordinates": [
          85.213432,
          28.005941
        ]
      }
    },
    {
      "type": "Feature",
      "properties": {
        "id": "osm-place-node-13242877442",
        "name": "आमाछोदिङ्मो",
        "kind": "observed_community",
        "place": "village",
        "corridorKm": 14.6,
        "classification": "observed",
        "source": "OpenStreetMap",
        "osmType": "node",
        "osmId": 13242877442
      },
      "geometry": {
        "type": "Point",
        "coordinates": [
          85.313093,
          28.170578
        ]
      }
    },
    {
      "type": "Feature",
      "properties": {
        "id": "osm-place-node-13242877445",
        "name": "गोसाइँकुण्ड",
        "kind": "observed_community",
        "place": "village",
        "corridorKm": 20.1,
        "classification": "observed",
        "source": "OpenStreetMap",
        "osmType": "node",
        "osmId": 13242877445
      },
      "geometry": {
        "type": "Point",
        "coordinates": [
          85.298525,
          28.110361
        ]
      }
    },
    {
      "type": "Feature",
      "properties": {
        "id": "osm-place-node-13369073585",
        "name": "किस्पाङ",
        "kind": "observed_community",
        "place": "village",
        "corridorKm": 38,
        "classification": "observed",
        "source": "OpenStreetMap",
        "osmType": "node",
        "osmId": 13369073585
      },
      "geometry": {
        "type": "Point",
        "coordinates": [
          85.137775,
          28.004245
        ]
      }
    },
    {
      "type": "Feature",
      "properties": {
        "id": "osm-place-node-13370197377",
        "name": "सूर्यगढी",
        "kind": "observed_community",
        "place": "village",
        "corridorKm": 42.4,
        "classification": "observed",
        "source": "OpenStreetMap",
        "osmType": "node",
        "osmId": 13370197377
      },
      "geometry": {
        "type": "Point",
        "coordinates": [
          85.228904,
          27.950578
        ]
      }
    },
    {
      "type": "Feature",
      "properties": {
        "id": "osm-place-node-13370197382",
        "name": "बेलकोटगढी",
        "kind": "observed_community",
        "place": "town",
        "corridorKm": 58.2,
        "classification": "observed",
        "source": "OpenStreetMap",
        "osmType": "node",
        "osmId": 13370197382
      },
      "geometry": {
        "type": "Point",
        "coordinates": [
          85.13254,
          27.839165
        ]
      }
    },
    {
      "type": "Feature",
      "properties": {
        "id": "osm-place-node-14127413536",
        "name": "स्याफ्रु बेसी",
        "kind": "observed_community",
        "place": "hamlet",
        "corridorKm": 13.5,
        "classification": "observed",
        "source": "OpenStreetMap",
        "osmType": "node",
        "osmId": 14127413536
      },
      "geometry": {
        "type": "Point",
        "coordinates": [
          85.342743,
          28.164569
        ]
      }
    },
    {
      "type": "Feature",
      "properties": {
        "id": "osm-waterway-24624637",
        "name": "Mailung Khola",
        "kind": "observed_tributary",
        "waterway": "river",
        "corridorKm": 30.4,
        "classification": "observed",
        "source": "OpenStreetMap",
        "osmType": "way",
        "osmId": 24624637
      },
      "geometry": {
        "type": "LineString",
        "coordinates": [
          [
            85.197349,
            28.214925
          ],
          [
            85.197528,
            28.214602
          ],
          [
            85.1976,
            28.214333
          ],
          [
            85.197725,
            28.214104
          ],
          [
            85.197851,
            28.214002
          ],
          [
            85.198363,
            28.213787
          ],
          [
            85.198713,
            28.213508
          ],
          [
            85.199001,
            28.213464
          ],
          [
            85.199445,
            28.213101
          ],
          [
            85.199737,
            28.213011
          ],
          [
            85.199784,
            28.212996
          ],
          [
            85.200096,
            28.212834
          ],
          [
            85.200443,
            28.212302
          ],
          [
            85.20055,
            28.212059
          ],
          [
            85.200576,
            28.211948
          ],
          [
            85.200672,
            28.211743
          ],
          [
            85.20081,
            28.21162
          ],
          [
            85.20092,
            28.211475
          ],
          [
            85.201166,
            28.211318
          ],
          [
            85.201331,
            28.211244
          ],
          [
            85.201447,
            28.211172
          ],
          [
            85.201496,
            28.210816
          ],
          [
            85.201507,
            28.210441
          ],
          [
            85.201554,
            28.210314
          ],
          [
            85.201847,
            28.210058
          ],
          [
            85.202125,
            28.209608
          ],
          [
            85.202114,
            28.209463
          ],
          [
            85.202041,
            28.20922
          ],
          [
            85.202059,
            28.20908
          ],
          [
            85.202253,
            28.20882
          ],
          [
            85.202531,
            28.208459
          ],
          [
            85.202554,
            28.208261
          ],
          [
            85.202536,
            28.208044
          ],
          [
            85.202665,
            28.207744
          ],
          [
            85.203128,
            28.206653
          ],
          [
            85.203178,
            28.206316
          ],
          [
            85.203525,
            28.205717
          ],
          [
            85.203696,
            28.20537
          ],
          [
            85.203767,
            28.205069
          ],
          [
            85.203929,
            28.204757
          ],
          [
            85.204237,
            28.20412
          ],
          [
            85.204318,
            28.203869
          ],
          [
            85.204245,
            28.203512
          ],
          [
            85.204235,
            28.203103
          ],
          [
            85.20402,
            28.202533
          ],
          [
            85.203881,
            28.202089
          ],
          [
            85.203598,
            28.201579
          ],
          [
            85.203396,
            28.200967
          ],
          [
            85.203264,
            28.200526
          ],
          [
            85.203141,
            28.20025
          ],
          [
            85.203216,
            28.199938
          ],
          [
            85.2036,
            28.199452
          ],
          [
            85.203719,
            28.199245
          ],
          [
            85.203734,
            28.199074
          ],
          [
            85.203593,
            28.198798
          ],
          [
            85.20353,
            28.198602
          ],
          [
            85.20353,
            28.19829
          ],
          [
            85.203635,
            28.197517
          ],
          [
            85.203481,
            28.197257
          ],
          [
            85.203314,
            28.197188
          ],
          [
            85.203001,
            28.196992
          ],
          [
            85.20271,
            28.196819
          ],
          [
            85.202757,
            28.196644
          ],
          [
            85.202741,
            28.196409
          ],
          [
            85.202756,
            28.196157
          ],
          [
            85.202618,
            28.195851
          ],
          [
            85.202522,
            28.195479
          ],
          [
            85.202647,
            28.195282
          ],
          [
            85.202736,
            28.19508
          ],
          [
            85.20253,
            28.194908
          ],
          [
            85.202533,
            28.194688
          ],
          [
            85.202623,
            28.194449
          ],
          [
            85.202554,
            28.194316
          ],
          [
            85.202439,
            28.194176
          ],
          [
            85.202108,
            28.194085
          ],
          [
            85.20162,
            28.193558
          ],
          [
            85.201426,
            28.193397
          ],
          [
            85.201432,
            28.193216
          ],
          [
            85.201335,
            28.192818
          ],
          [
            85.200871,
            28.192653
          ],
          [
            85.200772,
            28.192403
          ],
          [
            85.200639,
            28.192159
          ],
          [
            85.200544,
            28.191614
          ],
          [
            85.200483,
            28.191031
          ],
          [
            85.200582,
            28.190815
          ],
          [
            85.200522,
            28.190495
          ],
          [
            85.200763,
            28.190126
          ],
          [
            85.200541,
            28.18956
          ],
          [
            85.200273,
            28.188762
          ],
          [
            85.20036,
            28.18816
          ],
          [
            85.200157,
            28.187468
          ],
          [
            85.199882,
            28.186891
          ],
          [
            85.199609,
            28.186788
          ],
          [
            85.19883,
            28.186165
          ],
          [
            85.1985,
            28.18596
          ],
          [
            85.19838,
            28.185468
          ],
          [
            85.198594,
            28.185045
          ],
          [
            85.19872,
            28.184801
          ],
          [
            85.198689,
            28.184634
          ],
          [
            85.198547,
            28.184255
          ],
          [
            85.198616,
            28.183676
          ],
          [
            85.198623,
            28.183598
          ],
          [
            85.198785,
            28.183434
          ],
          [
            85.199152,
            28.183159
          ],
          [
            85.199455,
            28.182856
          ],
          [
            85.199565,
            28.18247
          ],
          [
            85.199354,
            28.182277
          ],
          [
            85.199131,
            28.181849
          ],
          [
            85.199172,
            28.181457
          ],
          [
            85.199809,
            28.180923
          ],
          [
            85.200252,
            28.180352
          ],
          [
            85.200404,
            28.179248
          ],
          [
            85.200253,
            28.178172
          ],
          [
            85.19997,
            28.176975
          ],
          [
            85.199778,
            28.175692
          ],
          [
            85.198752,
            28.174818
          ],
          [
            85.198192,
            28.173845
          ],
          [
            85.197929,
            28.17317
          ],
          [
            85.197081,
            28.172119
          ],
          [
            85.196705,
            28.170782
          ],
          [
            85.196384,
            28.169386
          ],
          [
            85.196048,
            28.168332
          ],
          [
            85.196273,
            28.167338
          ],
          [
            85.196453,
            28.167182
          ],
          [
            85.196639,
            28.166959
          ],
          [
            85.196761,
            28.166811
          ],
          [
            85.196847,
            28.165979
          ],
          [
            85.19715,
            28.165685
          ],
          [
            85.197728,
            28.164793
          ],
          [
            85.19805,
            28.163867
          ],
          [
            85.19803,
            28.162958
          ],
          [
            85.19806,
            28.161604
          ],
          [
            85.198879,
            28.160679
          ],
          [
            85.199445,
            28.160008
          ],
          [
            85.199647,
            28.159589
          ],
          [
            85.199677,
            28.159375
          ],
          [
            85.199222,
            28.158711
          ],
          [
            85.198535,
            28.157349
          ],
          [
            85.198342,
            28.154947
          ],
          [
            85.198075,
            28.154243
          ],
          [
            85.198363,
            28.153414
          ],
          [
            85.198175,
            28.15244
          ],
          [
            85.197992,
            28.15117
          ],
          [
            85.197835,
            28.149775
          ],
          [
            85.198132,
            28.148981
          ],
          [
            85.198445,
            28.148377
          ],
          [
            85.198707,
            28.147814
          ],
          [
            85.198813,
            28.147222
          ],
          [
            85.198917,
            28.147093
          ],
          [
            85.199233,
            28.146701
          ],
          [
            85.199324,
            28.146469
          ],
          [
            85.198829,
            28.146224
          ],
          [
            85.198394,
            28.145904
          ],
          [
            85.19798,
            28.145373
          ],
          [
            85.197849,
            28.144181
          ],
          [
            85.197849,
            28.141911
          ],
          [
            85.198479,
            28.140984
          ],
          [
            85.197884,
            28.140077
          ],
          [
            85.197847,
            28.138725
          ],
          [
            85.198707,
            28.138581
          ],
          [
            85.198551,
            28.137229
          ],
          [
            85.198853,
            28.136762
          ],
          [
            85.199219,
            28.136195
          ],
          [
            85.199222,
            28.134494
          ],
          [
            85.199165,
            28.133375
          ],
          [
            85.199609,
            28.132438
          ],
          [
            85.199305,
            28.13167
          ],
          [
            85.199204,
            28.130883
          ],
          [
            85.19911,
            28.130154
          ],
          [
            85.199475,
            28.128764
          ],
          [
            85.199641,
            28.12827
          ],
          [
            85.199737,
            28.127984
          ],
          [
            85.199695,
            28.126401
          ],
          [
            85.199423,
            28.125942
          ],
          [
            85.199016,
            28.125611
          ],
          [
            85.19932,
            28.125181
          ],
          [
            85.199533,
            28.124503
          ],
          [
            85.199393,
            28.121928
          ],
          [
            85.199737,
            28.120112
          ],
          [
            85.201453,
            28.118598
          ],
          [
            85.202246,
            28.117213
          ],
          [
            85.2029,
            28.115942
          ],
          [
            85.20317,
            28.115418
          ],
          [
            85.202753,
            28.113366
          ],
          [
            85.201195,
            28.112466
          ],
          [
            85.200423,
            28.110876
          ],
          [
            85.198682,
            28.108267
          ],
          [
            85.198137,
            28.107741
          ],
          [
            85.198361,
            28.10734
          ],
          [
            85.198423,
            28.106935
          ],
          [
            85.198147,
            28.106112
          ],
          [
            85.198254,
            28.105604
          ],
          [
            85.198056,
            28.105003
          ],
          [
            85.197939,
            28.104853
          ],
          [
            85.197904,
            28.104822
          ],
          [
            85.197822,
            28.104793
          ],
          [
            85.197544,
            28.104739
          ],
          [
            85.197473,
            28.104689
          ],
          [
            85.197432,
            28.104619
          ],
          [
            85.197382,
            28.104474
          ],
          [
            85.197324,
            28.104361
          ],
          [
            85.197262,
            28.104149
          ],
          [
            85.19722,
            28.103914
          ],
          [
            85.197215,
            28.103788
          ],
          [
            85.197224,
            28.103728
          ],
          [
            85.197299,
            28.103466
          ],
          [
            85.197483,
            28.102941
          ],
          [
            85.197503,
            28.102814
          ],
          [
            85.197502,
            28.102654
          ],
          [
            85.197487,
            28.102488
          ],
          [
            85.19744,
            28.102241
          ],
          [
            85.197386,
            28.102145
          ],
          [
            85.197283,
            28.102005
          ],
          [
            85.196834,
            28.101445
          ],
          [
            85.196804,
            28.101387
          ],
          [
            85.196787,
            28.101293
          ],
          [
            85.196805,
            28.101224
          ],
          [
            85.196856,
            28.101124
          ],
          [
            85.196846,
            28.101053
          ],
          [
            85.196812,
            28.100995
          ],
          [
            85.196749,
            28.100921
          ],
          [
            85.196524,
            28.100706
          ],
          [
            85.196432,
            28.100572
          ],
          [
            85.196401,
            28.100504
          ],
          [
            85.19636,
            28.100371
          ],
          [
            85.196337,
            28.100164
          ],
          [
            85.196349,
            28.100058
          ],
          [
            85.196475,
            28.099619
          ],
          [
            85.196497,
            28.09944
          ],
          [
            85.196479,
            28.099307
          ],
          [
            85.196394,
            28.099109
          ],
          [
            85.196362,
            28.099004
          ],
          [
            85.19636,
            28.098948
          ],
          [
            85.196373,
            28.098894
          ],
          [
            85.196397,
            28.098843
          ],
          [
            85.196473,
            28.098751
          ],
          [
            85.196572,
            28.098673
          ],
          [
            85.196764,
            28.098556
          ],
          [
            85.196835,
            28.098489
          ],
          [
            85.196909,
            28.098368
          ],
          [
            85.196943,
            28.098243
          ],
          [
            85.19694,
            28.098126
          ],
          [
            85.196846,
            28.09779
          ],
          [
            85.196804,
            28.097541
          ],
          [
            85.196815,
            28.097386
          ],
          [
            85.196854,
            28.097256
          ],
          [
            85.196932,
            28.09711
          ],
          [
            85.197063,
            28.09695
          ],
          [
            85.197158,
            28.096883
          ],
          [
            85.197367,
            28.096786
          ],
          [
            85.197482,
            28.096715
          ],
          [
            85.197628,
            28.096591
          ],
          [
            85.197724,
            28.096478
          ],
          [
            85.197752,
            28.096421
          ],
          [
            85.197764,
            28.096353
          ],
          [
            85.197769,
            28.096099
          ],
          [
            85.197781,
            28.096013
          ],
          [
            85.197827,
            28.095886
          ],
          [
            85.197907,
            28.095748
          ],
          [
            85.19791,
            28.095742
          ],
          [
            85.197946,
            28.095634
          ],
          [
            85.197958,
            28.095549
          ],
          [
            85.197953,
            28.09546
          ],
          [
            85.197915,
            28.09538
          ],
          [
            85.197837,
            28.095323
          ],
          [
            85.197562,
            28.095227
          ],
          [
            85.197429,
            28.095153
          ],
          [
            85.197337,
            28.095064
          ],
          [
            85.197302,
            28.094988
          ],
          [
            85.197295,
            28.094943
          ],
          [
            85.197305,
            28.094834
          ],
          [
            85.197322,
            28.094769
          ],
          [
            85.197494,
            28.094271
          ],
          [
            85.197581,
            28.09387
          ],
          [
            85.197652,
            28.093669
          ],
          [
            85.197733,
            28.093552
          ],
          [
            85.198037,
            28.093307
          ],
          [
            85.19819,
            28.09324
          ],
          [
            85.198406,
            28.093204
          ],
          [
            85.198576,
            28.093155
          ],
          [
            85.198819,
            28.093048
          ],
          [
            85.198943,
            28.092977
          ],
          [
            85.199012,
            28.092923
          ],
          [
            85.199124,
            28.092774
          ],
          [
            85.199201,
            28.092709
          ],
          [
            85.199308,
            28.092657
          ],
          [
            85.199377,
            28.092639
          ],
          [
            85.19944,
            28.09262
          ],
          [
            85.199485,
            28.092591
          ],
          [
            85.199514,
            28.092555
          ],
          [
            85.199538,
            28.092465
          ],
          [
            85.199539,
            28.092309
          ],
          [
            85.199554,
            28.092209
          ],
          [
            85.199566,
            28.092159
          ],
          [
            85.199568,
            28.092045
          ],
          [
            85.199549,
            28.091922
          ],
          [
            85.199477,
            28.09162
          ],
          [
            85.199452,
            28.091295
          ],
          [
            85.199458,
            28.091073
          ],
          [
            85.199498,
            28.090718
          ],
          [
            85.19959,
            28.090191
          ],
          [
            85.199597,
            28.090038
          ],
          [
            85.199583,
            28.089772
          ],
          [
            85.199595,
            28.089673
          ],
          [
            85.199617,
            28.089574
          ],
          [
            85.199682,
            28.089386
          ],
          [
            85.199806,
            28.089133
          ],
          [
            85.199828,
            28.088998
          ],
          [
            85.199827,
            28.088882
          ],
          [
            85.19981,
            28.088788
          ],
          [
            85.19971,
            28.088442
          ],
          [
            85.199693,
            28.088323
          ],
          [
            85.199696,
            28.088258
          ],
          [
            85.19973,
            28.088095
          ],
          [
            85.199874,
            28.087619
          ],
          [
            85.199908,
            28.087457
          ],
          [
            85.199908,
            28.087387
          ],
          [
            85.199894,
            28.087317
          ],
          [
            85.199831,
            28.087178
          ],
          [
            85.199538,
            28.086757
          ],
          [
            85.199506,
            28.086686
          ],
          [
            85.199493,
            28.086617
          ],
          [
            85.199498,
            28.086552
          ],
          [
            85.199543,
            28.086434
          ],
          [
            85.199613,
            28.086335
          ],
          [
            85.199704,
            28.086231
          ],
          [
            85.199718,
            28.086208
          ],
          [
            85.199714,
            28.086163
          ],
          [
            85.199679,
            28.08612
          ],
          [
            85.199506,
            28.085999
          ],
          [
            85.19945,
            28.085943
          ],
          [
            85.199281,
            28.08568
          ],
          [
            85.19926,
            28.085628
          ],
          [
            85.199248,
            28.08553
          ],
          [
            85.199302,
            28.085275
          ],
          [
            85.199318,
            28.085233
          ],
          [
            85.199355,
            28.085185
          ],
          [
            85.199545,
            28.085022
          ],
          [
            85.199958,
            28.084737
          ],
          [
            85.200022,
            28.084665
          ],
          [
            85.200072,
            28.084582
          ],
          [
            85.200107,
            28.084492
          ],
          [
            85.200128,
            28.084395
          ],
          [
            85.200121,
            28.084266
          ],
          [
            85.200084,
            28.084097
          ],
          [
            85.199919,
            28.083607
          ],
          [
            85.199839,
            28.083255
          ],
          [
            85.199789,
            28.083152
          ],
          [
            85.199747,
            28.083112
          ],
          [
            85.199668,
            28.083064
          ],
          [
            85.199636,
            28.083046
          ],
          [
            85.199497,
            28.082966
          ],
          [
            85.199542,
            28.082378
          ],
          [
            85.199392,
            28.081923
          ],
          [
            85.199631,
            28.08127
          ],
          [
            85.199669,
            28.081107
          ],
          [
            85.199704,
            28.080708
          ],
          [
            85.199895,
            28.080134
          ],
          [
            85.200055,
            28.079838
          ],
          [
            85.200834,
            28.079561
          ],
          [
            85.201757,
            28.078741
          ],
          [
            85.201874,
            28.078646
          ],
          [
            85.201996,
            28.078569
          ],
          [
            85.202334,
            28.078509
          ],
          [
            85.202848,
            28.07824
          ],
          [
            85.203588,
            28.077389
          ],
          [
            85.204191,
            28.077019
          ],
          [
            85.205034,
            28.075994
          ],
          [
            85.205566,
            28.074903
          ],
          [
            85.205819,
            28.074371
          ],
          [
            85.206313,
            28.073921
          ],
          [
            85.207148,
            28.073416
          ],
          [
            85.207446,
            28.072911
          ],
          [
            85.207483,
            28.072201
          ],
          [
            85.207804,
            28.07165
          ],
          [
            85.208088,
            28.07157
          ],
          [
            85.208309,
            28.071507
          ]
        ]
      }
    },
    {
      "type": "Feature",
      "properties": {
        "id": "osm-waterway-25708647",
        "name": "Narayani",
        "kind": "observed_tributary",
        "waterway": "river",
        "corridorKm": 160.2,
        "classification": "observed",
        "source": "OpenStreetMap",
        "osmType": "way",
        "osmId": 25708647
      },
      "geometry": {
        "type": "LineString",
        "coordinates": [
          [
            84.421982,
            27.741265
          ],
          [
            84.421955,
            27.74032
          ],
          [
            84.422083,
            27.739371
          ],
          [
            84.422438,
            27.738288
          ],
          [
            84.423055,
            27.737123
          ],
          [
            84.423613,
            27.73618
          ],
          [
            84.425334,
            27.733236
          ],
          [
            84.425753,
            27.732201
          ],
          [
            84.426,
            27.731308
          ],
          [
            84.426355,
            27.728301
          ],
          [
            84.426472,
            27.727111
          ],
          [
            84.426703,
            27.725927
          ],
          [
            84.429698,
            27.716673
          ],
          [
            84.430473,
            27.7139
          ],
          [
            84.430935,
            27.711715
          ],
          [
            84.43146,
            27.708635
          ],
          [
            84.431482,
            27.707859
          ],
          [
            84.431261,
            27.707052
          ],
          [
            84.430946,
            27.706282
          ],
          [
            84.430259,
            27.705361
          ],
          [
            84.429102,
            27.704553
          ],
          [
            84.424068,
            27.702062
          ],
          [
            84.420678,
            27.700364
          ],
          [
            84.419423,
            27.700013
          ],
          [
            84.417985,
            27.699813
          ],
          [
            84.416137,
            27.699449
          ],
          [
            84.412816,
            27.698402
          ],
          [
            84.408793,
            27.697181
          ],
          [
            84.407052,
            27.696384
          ],
          [
            84.405408,
            27.695466
          ],
          [
            84.402729,
            27.693791
          ],
          [
            84.401227,
            27.692898
          ],
          [
            84.400079,
            27.692242
          ],
          [
            84.398662,
            27.691435
          ],
          [
            84.396688,
            27.690532
          ],
          [
            84.395615,
            27.689915
          ],
          [
            84.394317,
            27.689107
          ],
          [
            84.393234,
            27.688357
          ],
          [
            84.392375,
            27.687663
          ],
          [
            84.391195,
            27.686932
          ],
          [
            84.390004,
            27.686305
          ],
          [
            84.388395,
            27.685735
          ],
          [
            84.385994,
            27.684496
          ],
          [
            84.383516,
            27.683895
          ],
          [
            84.380575,
            27.683815
          ],
          [
            84.378299,
            27.683958
          ],
          [
            84.37743,
            27.68372
          ],
          [
            84.3767,
            27.683331
          ],
          [
            84.375971,
            27.682704
          ],
          [
            84.375027,
            27.682229
          ],
          [
            84.373922,
            27.682058
          ],
          [
            84.372731,
            27.682219
          ],
          [
            84.372087,
            27.682618
          ],
          [
            84.370349,
            27.684317
          ],
          [
            84.367549,
            27.686637
          ],
          [
            84.366336,
            27.68791
          ],
          [
            84.364212,
            27.690336
          ],
          [
            84.363625,
            27.691278
          ],
          [
            84.363289,
            27.692195
          ],
          [
            84.362743,
            27.693212
          ],
          [
            84.362099,
            27.694005
          ],
          [
            84.361329,
            27.694699
          ],
          [
            84.358161,
            27.696781
          ],
          [
            84.355547,
            27.698095
          ],
          [
            84.351922,
            27.69957
          ],
          [
            84.350004,
            27.700624
          ],
          [
            84.348772,
            27.70169
          ],
          [
            84.347778,
            27.702495
          ],
          [
            84.346994,
            27.702817
          ],
          [
            84.346014,
            27.702842
          ],
          [
            84.344334,
            27.702458
          ],
          [
            84.342249,
            27.701714
          ],
          [
            84.340191,
            27.700772
          ],
          [
            84.338287,
            27.699496
          ],
          [
            84.336761,
            27.698417
          ],
          [
            84.333764,
            27.696954
          ],
          [
            84.329965,
            27.69499
          ],
          [
            84.329434,
            27.694743
          ],
          [
            84.327262,
            27.693589
          ],
          [
            84.325481,
            27.692214
          ],
          [
            84.323915,
            27.690494
          ],
          [
            84.32281,
            27.688784
          ],
          [
            84.321147,
            27.686542
          ],
          [
            84.320127,
            27.685402
          ],
          [
            84.31987,
            27.685003
          ],
          [
            84.319752,
            27.684452
          ],
          [
            84.319762,
            27.684034
          ],
          [
            84.319859,
            27.68334
          ],
          [
            84.320084,
            27.682732
          ],
          [
            84.320481,
            27.681535
          ],
          [
            84.320547,
            27.680486
          ],
          [
            84.320396,
            27.679635
          ],
          [
            84.319741,
            27.678562
          ],
          [
            84.318851,
            27.677602
          ],
          [
            84.316571,
            27.675972
          ],
          [
            84.315814,
            27.675635
          ],
          [
            84.314607,
            27.675388
          ],
          [
            84.313808,
            27.675379
          ],
          [
            84.312773,
            27.675602
          ],
          [
            84.309828,
            27.675759
          ],
          [
            84.308648,
            27.675616
          ],
          [
            84.307703,
            27.675369
          ],
          [
            84.304999,
            27.674314
          ],
          [
            84.303659,
            27.67383
          ],
          [
            84.301277,
            27.673374
          ],
          [
            84.297432,
            27.672997
          ],
          [
            84.294957,
            27.673222
          ],
          [
            84.292494,
            27.673801
          ],
          [
            84.291127,
            27.674466
          ],
          [
            84.289769,
            27.675282
          ]
        ]
      }
    },
    {
      "type": "Feature",
      "properties": {
        "id": "osm-waterway-26951232",
        "name": "Seti Khola",
        "kind": "observed_tributary",
        "waterway": "river",
        "corridorKm": 142.6,
        "classification": "observed",
        "source": "OpenStreetMap",
        "osmType": "way",
        "osmId": 26951232
      },
      "geometry": {
        "type": "LineString",
        "coordinates": [
          [
            84.273871,
            27.942806
          ],
          [
            84.273839,
            27.940632
          ],
          [
            84.27429,
            27.938893
          ],
          [
            84.274853,
            27.937711
          ],
          [
            84.275216,
            27.937172
          ],
          [
            84.276431,
            27.936027
          ],
          [
            84.277499,
            27.934955
          ],
          [
            84.27887,
            27.934055
          ],
          [
            84.279117,
            27.933833
          ],
          [
            84.279339,
            27.933385
          ],
          [
            84.280124,
            27.932713
          ],
          [
            84.280455,
            27.932541
          ],
          [
            84.281221,
            27.932108
          ],
          [
            84.28141,
            27.93195
          ],
          [
            84.281933,
            27.931271
          ],
          [
            84.282336,
            27.930664
          ],
          [
            84.282387,
            27.930408
          ],
          [
            84.282484,
            27.929947
          ],
          [
            84.282585,
            27.929772
          ],
          [
            84.282627,
            27.929635
          ],
          [
            84.282635,
            27.929133
          ],
          [
            84.282797,
            27.928485
          ],
          [
            84.283778,
            27.927261
          ],
          [
            84.284142,
            27.926867
          ],
          [
            84.284857,
            27.926327
          ],
          [
            84.28507,
            27.925999
          ],
          [
            84.285583,
            27.925569
          ],
          [
            84.285994,
            27.925358
          ],
          [
            84.287081,
            27.924886
          ],
          [
            84.288644,
            27.924367
          ],
          [
            84.289448,
            27.923983
          ],
          [
            84.29081,
            27.923154
          ],
          [
            84.292337,
            27.922112
          ],
          [
            84.293095,
            27.921494
          ],
          [
            84.2945,
            27.920333
          ],
          [
            84.294926,
            27.919705
          ],
          [
            84.29548,
            27.919244
          ],
          [
            84.2956,
            27.919016
          ],
          [
            84.295714,
            27.918929
          ],
          [
            84.296257,
            27.918752
          ],
          [
            84.296909,
            27.918619
          ],
          [
            84.297732,
            27.918367
          ],
          [
            84.298983,
            27.918075
          ],
          [
            84.300182,
            27.917813
          ],
          [
            84.301828,
            27.917265
          ],
          [
            84.302322,
            27.916992
          ],
          [
            84.302845,
            27.916844
          ],
          [
            84.303278,
            27.91684
          ],
          [
            84.304178,
            27.916881
          ],
          [
            84.305342,
            27.916993
          ],
          [
            84.305835,
            27.916965
          ],
          [
            84.307141,
            27.916789
          ],
          [
            84.308188,
            27.916568
          ],
          [
            84.309547,
            27.916245
          ],
          [
            84.309905,
            27.916195
          ],
          [
            84.310307,
            27.916111
          ],
          [
            84.310896,
            27.915858
          ],
          [
            84.311118,
            27.915744
          ],
          [
            84.311958,
            27.915311
          ],
          [
            84.312465,
            27.914865
          ],
          [
            84.312618,
            27.914679
          ],
          [
            84.312736,
            27.914442
          ],
          [
            84.312798,
            27.914221
          ],
          [
            84.31281,
            27.914099
          ],
          [
            84.312601,
            27.913691
          ],
          [
            84.312575,
            27.91351
          ],
          [
            84.312575,
            27.913356
          ],
          [
            84.312613,
            27.913198
          ],
          [
            84.312851,
            27.912533
          ],
          [
            84.313297,
            27.911768
          ],
          [
            84.314125,
            27.909946
          ],
          [
            84.314201,
            27.909712
          ],
          [
            84.314377,
            27.909485
          ],
          [
            84.314648,
            27.909281
          ],
          [
            84.315106,
            27.909016
          ],
          [
            84.315732,
            27.908887
          ],
          [
            84.316571,
            27.908457
          ],
          [
            84.316893,
            27.908409
          ],
          [
            84.317172,
            27.908252
          ],
          [
            84.317517,
            27.907758
          ],
          [
            84.317847,
            27.907253
          ],
          [
            84.317954,
            27.906873
          ],
          [
            84.317988,
            27.906572
          ],
          [
            84.318095,
            27.906368
          ],
          [
            84.318062,
            27.906062
          ],
          [
            84.31755,
            27.905522
          ],
          [
            84.317377,
            27.905367
          ],
          [
            84.317175,
            27.905167
          ],
          [
            84.317127,
            27.904957
          ],
          [
            84.317198,
            27.904716
          ],
          [
            84.317344,
            27.904466
          ],
          [
            84.317571,
            27.904081
          ],
          [
            84.317797,
            27.903635
          ],
          [
            84.318593,
            27.902806
          ],
          [
            84.319956,
            27.901701
          ],
          [
            84.323282,
            27.899445
          ],
          [
            84.323607,
            27.899004
          ],
          [
            84.323874,
            27.897541
          ],
          [
            84.323903,
            27.897276
          ],
          [
            84.323913,
            27.897038
          ],
          [
            84.32376,
            27.896526
          ],
          [
            84.323241,
            27.893766
          ],
          [
            84.32318,
            27.892701
          ],
          [
            84.323212,
            27.892343
          ],
          [
            84.323331,
            27.891927
          ],
          [
            84.323523,
            27.891693
          ],
          [
            84.324081,
            27.891019
          ],
          [
            84.32425,
            27.890578
          ],
          [
            84.324226,
            27.890371
          ],
          [
            84.324093,
            27.889818
          ],
          [
            84.32406,
            27.889288
          ],
          [
            84.324233,
            27.888388
          ],
          [
            84.324331,
            27.887479
          ],
          [
            84.324405,
            27.887176
          ],
          [
            84.324505,
            27.886947
          ],
          [
            84.324695,
            27.886706
          ],
          [
            84.325688,
            27.886036
          ],
          [
            84.326022,
            27.886003
          ],
          [
            84.326403,
            27.886234
          ],
          [
            84.326956,
            27.886587
          ],
          [
            84.327422,
            27.886628
          ],
          [
            84.327768,
            27.886593
          ],
          [
            84.328141,
            27.886487
          ],
          [
            84.328328,
            27.886263
          ],
          [
            84.328947,
            27.885269
          ],
          [
            84.329752,
            27.883821
          ],
          [
            84.330012,
            27.883439
          ],
          [
            84.330585,
            27.882803
          ],
          [
            84.331185,
            27.882072
          ],
          [
            84.33202,
            27.881461
          ],
          [
            84.333749,
            27.880601
          ],
          [
            84.334568,
            27.880384
          ],
          [
            84.335605,
            27.880312
          ],
          [
            84.336151,
            27.880197
          ],
          [
            84.337317,
            27.8796
          ],
          [
            84.339766,
            27.878991
          ],
          [
            84.340114,
            27.878973
          ],
          [
            84.340735,
            27.879003
          ],
          [
            84.341738,
            27.878973
          ],
          [
            84.342378,
            27.878986
          ],
          [
            84.342679,
            27.878973
          ],
          [
            84.343054,
            27.878858
          ],
          [
            84.343893,
            27.878527
          ],
          [
            84.344459,
            27.878376
          ],
          [
            84.345278,
            27.878189
          ],
          [
            84.345831,
            27.877749
          ],
          [
            84.346117,
            27.877532
          ],
          [
            84.346474,
            27.877394
          ],
          [
            84.347229,
            27.877375
          ],
          [
            84.347775,
            27.877236
          ],
          [
            84.348327,
            27.877194
          ],
          [
            84.34886,
            27.877068
          ],
          [
            84.349126,
            27.876923
          ],
          [
            84.349261,
            27.876711
          ],
          [
            84.349337,
            27.876308
          ],
          [
            84.349323,
            27.875669
          ],
          [
            84.349187,
            27.875216
          ],
          [
            84.349167,
            27.874903
          ],
          [
            84.349399,
            27.874414
          ],
          [
            84.349514,
            27.874161
          ],
          [
            84.35037,
            27.87344
          ],
          [
            84.35293,
            27.871478
          ],
          [
            84.354992,
            27.870374
          ],
          [
            84.356698,
            27.869216
          ],
          [
            84.357851,
            27.868697
          ],
          [
            84.359085,
            27.868257
          ],
          [
            84.360661,
            27.867925
          ],
          [
            84.361944,
            27.867787
          ],
          [
            84.364033,
            27.867818
          ],
          [
            84.365585,
            27.868023
          ],
          [
            84.36685,
            27.868264
          ],
          [
            84.367718,
            27.868618
          ],
          [
            84.369454,
            27.869515
          ],
          [
            84.370258,
            27.869864
          ],
          [
            84.371004,
            27.870061
          ],
          [
            84.371815,
            27.870141
          ],
          [
            84.373583,
            27.869844
          ],
          [
            84.374338,
            27.869985
          ],
          [
            84.374801,
            27.869999
          ],
          [
            84.375095,
            27.869935
          ],
          [
            84.376109,
            27.869715
          ],
          [
            84.376643,
            27.869448
          ],
          [
            84.377399,
            27.869506
          ],
          [
            84.378066,
            27.869621
          ],
          [
            84.379388,
            27.86947
          ],
          [
            84.380808,
            27.869592
          ],
          [
            84.381428,
            27.869572
          ],
          [
            84.382509,
            27.868947
          ],
          [
            84.383492,
            27.867575
          ],
          [
            84.384282,
            27.866944
          ],
          [
            84.386031,
            27.864403
          ],
          [
            84.386974,
            27.8636
          ],
          [
            84.388873,
            27.862336
          ],
          [
            84.39033,
            27.86195
          ],
          [
            84.392946,
            27.860699
          ],
          [
            84.393828,
            27.859647
          ],
          [
            84.393931,
            27.858889
          ],
          [
            84.394306,
            27.858267
          ],
          [
            84.394846,
            27.857469
          ],
          [
            84.395677,
            27.856916
          ],
          [
            84.396814,
            27.85666
          ],
          [
            84.397838,
            27.856205
          ],
          [
            84.398492,
            27.85538
          ],
          [
            84.398573,
            27.854814
          ],
          [
            84.398635,
            27.854385
          ],
          [
            84.399203,
            27.852422
          ],
          [
            84.399593,
            27.851832
          ],
          [
            84.400227,
            27.85137
          ],
          [
            84.40143,
            27.851322
          ],
          [
            84.402434,
            27.851097
          ],
          [
            84.404635,
            27.851114
          ],
          [
            84.406427,
            27.850432
          ],
          [
            84.40902,
            27.849041
          ],
          [
            84.409777,
            27.849011
          ],
          [
            84.410035,
            27.849
          ],
          [
            84.410482,
            27.848595
          ],
          [
            84.411517,
            27.848615
          ],
          [
            84.411852,
            27.849308
          ],
          [
            84.411614,
            27.850075
          ],
          [
            84.412116,
            27.850524
          ],
          [
            84.413143,
            27.850777
          ],
          [
            84.413755,
            27.85059
          ],
          [
            84.414363,
            27.849387
          ],
          [
            84.414891,
            27.849176
          ],
          [
            84.415605,
            27.848066
          ],
          [
            84.416015,
            27.84732
          ],
          [
            84.416517,
            27.846245
          ],
          [
            84.417058,
            27.845344
          ],
          [
            84.417825,
            27.845
          ],
          [
            84.418618,
            27.844842
          ],
          [
            84.419086,
            27.84449
          ],
          [
            84.419146,
            27.844445
          ],
          [
            84.419516,
            27.844366
          ],
          [
            84.421419,
            27.843256
          ],
          [
            84.422744,
            27.84294
          ],
          [
            84.423144,
            27.843049
          ],
          [
            84.423493,
            27.843178
          ],
          [
            84.423605,
            27.843457
          ],
          [
            84.423607,
            27.84454
          ],
          [
            84.423956,
            27.844921
          ],
          [
            84.4267,
            27.845648
          ],
          [
            84.427287,
            27.845738
          ],
          [
            84.427943,
            27.845548
          ],
          [
            84.428774,
            27.845175
          ],
          [
            84.429199,
            27.84516
          ],
          [
            84.42975,
            27.845309
          ],
          [
            84.431129,
            27.845468
          ],
          [
            84.43228,
            27.845383
          ],
          [
            84.433334,
            27.845061
          ],
          [
            84.433844,
            27.84471
          ],
          [
            84.434051,
            27.844344
          ],
          [
            84.434051,
            27.84357
          ],
          [
            84.43403,
            27.842637
          ],
          [
            84.434365,
            27.841583
          ],
          [
            84.435013,
            27.840311
          ],
          [
            84.435873,
            27.838013
          ],
          [
            84.436174,
            27.835225
          ],
          [
            84.436415,
            27.834608
          ],
          [
            84.437148,
            27.83422
          ],
          [
            84.437992,
            27.834182
          ],
          [
            84.438896,
            27.834448
          ],
          [
            84.43993,
            27.834943
          ],
          [
            84.441381,
            27.835389
          ],
          [
            84.441716,
            27.835427
          ],
          [
            84.445309,
            27.835357
          ],
          [
            84.4475,
            27.835454
          ],
          [
            84.450068,
            27.835486
          ],
          [
            84.453186,
            27.834504
          ],
          [
            84.455933,
            27.833567
          ],
          [
            84.459396,
            27.832927
          ],
          [
            84.463267,
            27.833091
          ],
          [
            84.464979,
            27.832588
          ],
          [
            84.466175,
            27.83187
          ],
          [
            84.466924,
            27.831559
          ],
          [
            84.467398,
            27.831181
          ],
          [
            84.467605,
            27.83078
          ],
          [
            84.467654,
            27.830327
          ],
          [
            84.467549,
            27.830114
          ],
          [
            84.467359,
            27.829975
          ],
          [
            84.467216,
            27.829946
          ],
          [
            84.46661,
            27.829868
          ],
          [
            84.466283,
            27.829402
          ],
          [
            84.466214,
            27.828962
          ],
          [
            84.466154,
            27.828569
          ],
          [
            84.466004,
            27.827569
          ],
          [
            84.465181,
            27.826196
          ],
          [
            84.464523,
            27.825844
          ],
          [
            84.463546,
            27.82557
          ],
          [
            84.461357,
            27.825367
          ],
          [
            84.456733,
            27.821564
          ],
          [
            84.456246,
            27.821388
          ],
          [
            84.455634,
            27.821375
          ],
          [
            84.454862,
            27.821416
          ],
          [
            84.454104,
            27.82146
          ],
          [
            84.453391,
            27.82128
          ],
          [
            84.453078,
            27.821231
          ],
          [
            84.452378,
            27.821066
          ]
        ]
      }
    },
    {
      "type": "Feature",
      "properties": {
        "id": "osm-waterway-38605657",
        "name": "Kalphu River",
        "kind": "observed_tributary",
        "waterway": "river",
        "corridorKm": 69.8,
        "classification": "observed",
        "source": "OpenStreetMap",
        "osmType": "way",
        "osmId": 38605657
      },
      "geometry": {
        "type": "LineString",
        "coordinates": [
          [
            85.230634,
            27.773689
          ],
          [
            85.230684,
            27.773452
          ],
          [
            85.230678,
            27.773266
          ],
          [
            85.230672,
            27.773233
          ],
          [
            85.230633,
            27.773134
          ],
          [
            85.230591,
            27.773071
          ],
          [
            85.230506,
            27.772997
          ],
          [
            85.230437,
            27.77297
          ],
          [
            85.230305,
            27.772962
          ],
          [
            85.230121,
            27.772969
          ],
          [
            85.229864,
            27.773011
          ],
          [
            85.229759,
            27.773049
          ],
          [
            85.229679,
            27.773103
          ],
          [
            85.229279,
            27.773484
          ],
          [
            85.229095,
            27.773628
          ],
          [
            85.229,
            27.773677
          ],
          [
            85.228849,
            27.77373
          ],
          [
            85.228754,
            27.773748
          ],
          [
            85.228671,
            27.773748
          ],
          [
            85.228608,
            27.773728
          ],
          [
            85.228557,
            27.773695
          ],
          [
            85.228449,
            27.773591
          ],
          [
            85.228412,
            27.773511
          ],
          [
            85.228396,
            27.773371
          ],
          [
            85.228355,
            27.773232
          ],
          [
            85.22828,
            27.773101
          ],
          [
            85.228212,
            27.77304
          ],
          [
            85.228173,
            27.773021
          ],
          [
            85.22796,
            27.772979
          ],
          [
            85.227749,
            27.772917
          ],
          [
            85.227269,
            27.772736
          ],
          [
            85.227143,
            27.772699
          ],
          [
            85.227058,
            27.772686
          ],
          [
            85.226977,
            27.772686
          ],
          [
            85.22674,
            27.772739
          ],
          [
            85.226614,
            27.772756
          ],
          [
            85.226236,
            27.772752
          ],
          [
            85.225879,
            27.772787
          ],
          [
            85.225716,
            27.772822
          ],
          [
            85.225251,
            27.772995
          ],
          [
            85.225069,
            27.773013
          ],
          [
            85.224931,
            27.773014
          ],
          [
            85.224853,
            27.773004
          ],
          [
            85.224696,
            27.772892
          ],
          [
            85.224629,
            27.77286
          ],
          [
            85.224543,
            27.772836
          ],
          [
            85.224379,
            27.772824
          ],
          [
            85.224195,
            27.772836
          ],
          [
            85.22402,
            27.77287
          ],
          [
            85.223885,
            27.77292
          ],
          [
            85.223695,
            27.77307
          ],
          [
            85.223613,
            27.773161
          ],
          [
            85.223585,
            27.773221
          ],
          [
            85.223584,
            27.77325
          ],
          [
            85.223721,
            27.773545
          ],
          [
            85.223745,
            27.773623
          ],
          [
            85.22375,
            27.773685
          ],
          [
            85.223594,
            27.773952
          ],
          [
            85.22355,
            27.773988
          ],
          [
            85.223428,
            27.774031
          ],
          [
            85.223353,
            27.77408
          ],
          [
            85.223319,
            27.77413
          ],
          [
            85.223299,
            27.774212
          ],
          [
            85.223242,
            27.774288
          ],
          [
            85.222849,
            27.774629
          ],
          [
            85.222146,
            27.775171
          ],
          [
            85.221562,
            27.775528
          ],
          [
            85.22115,
            27.775672
          ],
          [
            85.22091,
            27.775657
          ],
          [
            85.220601,
            27.775505
          ],
          [
            85.220146,
            27.775186
          ],
          [
            85.21976,
            27.775064
          ],
          [
            85.219468,
            27.775072
          ],
          [
            85.21915,
            27.77511
          ],
          [
            85.218781,
            27.774966
          ],
          [
            85.218163,
            27.774609
          ],
          [
            85.21782,
            27.774381
          ],
          [
            85.217314,
            27.774313
          ],
          [
            85.216944,
            27.774389
          ],
          [
            85.216773,
            27.774624
          ],
          [
            85.216627,
            27.774935
          ],
          [
            85.216404,
            27.775216
          ],
          [
            85.216069,
            27.775459
          ],
          [
            85.215691,
            27.775581
          ],
          [
            85.215503,
            27.775573
          ],
          [
            85.215451,
            27.7753
          ],
          [
            85.215597,
            27.774579
          ],
          [
            85.215597,
            27.77426
          ],
          [
            85.215262,
            27.774085
          ],
          [
            85.214876,
            27.7741
          ],
          [
            85.214584,
            27.774229
          ],
          [
            85.21443,
            27.774427
          ],
          [
            85.214112,
            27.774411
          ],
          [
            85.213812,
            27.774313
          ],
          [
            85.213425,
            27.774108
          ],
          [
            85.212825,
            27.774001
          ],
          [
            85.212653,
            27.773842
          ],
          [
            85.212593,
            27.773318
          ],
          [
            85.212421,
            27.772862
          ],
          [
            85.212198,
            27.772384
          ],
          [
            85.212061,
            27.772277
          ],
          [
            85.211769,
            27.772156
          ],
          [
            85.211572,
            27.772141
          ],
          [
            85.211288,
            27.771989
          ],
          [
            85.211005,
            27.771776
          ],
          [
            85.210713,
            27.771753
          ],
          [
            85.210482,
            27.771883
          ],
          [
            85.210464,
            27.772004
          ],
          [
            85.210516,
            27.772171
          ],
          [
            85.210464,
            27.772331
          ],
          [
            85.210413,
            27.772452
          ],
          [
            85.210619,
            27.772779
          ],
          [
            85.210567,
            27.772969
          ],
          [
            85.210361,
            27.77306
          ],
          [
            85.209863,
            27.772938
          ],
          [
            85.209554,
            27.772596
          ],
          [
            85.209194,
            27.7723
          ],
          [
            85.208765,
            27.771791
          ],
          [
            85.20837,
            27.771222
          ],
          [
            85.208147,
            27.771032
          ],
          [
            85.207831,
            27.770964
          ],
          [
            85.207617,
            27.771289
          ],
          [
            85.207596,
            27.77174
          ],
          [
            85.207545,
            27.772138
          ],
          [
            85.207413,
            27.772436
          ],
          [
            85.207002,
            27.773115
          ],
          [
            85.206616,
            27.773609
          ],
          [
            85.206305,
            27.773756
          ],
          [
            85.206085,
            27.77369
          ],
          [
            85.206085,
            27.773377
          ],
          [
            85.206219,
            27.773125
          ],
          [
            85.206269,
            27.772788
          ],
          [
            85.206096,
            27.77231
          ],
          [
            85.205851,
            27.771813
          ],
          [
            85.205677,
            27.771343
          ],
          [
            85.205504,
            27.77081
          ],
          [
            85.20532,
            27.770422
          ],
          [
            85.205126,
            27.769916
          ],
          [
            85.204911,
            27.769419
          ],
          [
            85.204827,
            27.769138
          ],
          [
            85.204558,
            27.769015
          ],
          [
            85.204382,
            27.769126
          ],
          [
            85.204279,
            27.769383
          ],
          [
            85.204117,
            27.769558
          ],
          [
            85.204002,
            27.769797
          ],
          [
            85.203984,
            27.770117
          ],
          [
            85.204217,
            27.77044
          ],
          [
            85.204406,
            27.770913
          ],
          [
            85.204442,
            27.771292
          ],
          [
            85.204501,
            27.771401
          ],
          [
            85.204434,
            27.771546
          ],
          [
            85.204268,
            27.771631
          ],
          [
            85.204238,
            27.771735
          ],
          [
            85.204166,
            27.771793
          ],
          [
            85.20379,
            27.771956
          ],
          [
            85.203273,
            27.772061
          ],
          [
            85.202709,
            27.772118
          ],
          [
            85.20246,
            27.772144
          ],
          [
            85.202366,
            27.772191
          ],
          [
            85.202342,
            27.772322
          ],
          [
            85.202604,
            27.772517
          ],
          [
            85.202844,
            27.772621
          ],
          [
            85.20279,
            27.772848
          ],
          [
            85.202787,
            27.773103
          ],
          [
            85.202688,
            27.773257
          ],
          [
            85.2025,
            27.773383
          ],
          [
            85.202253,
            27.773444
          ],
          [
            85.201661,
            27.773342
          ],
          [
            85.201441,
            27.773363
          ],
          [
            85.201331,
            27.773238
          ],
          [
            85.201586,
            27.773022
          ],
          [
            85.201706,
            27.772222
          ],
          [
            85.201167,
            27.771728
          ],
          [
            85.201186,
            27.771268
          ],
          [
            85.201267,
            27.770711
          ],
          [
            85.201573,
            27.770105
          ],
          [
            85.20173,
            27.769676
          ],
          [
            85.201685,
            27.769573
          ],
          [
            85.201266,
            27.769407
          ],
          [
            85.200794,
            27.769448
          ],
          [
            85.200545,
            27.769801
          ],
          [
            85.200397,
            27.7701
          ],
          [
            85.200236,
            27.770314
          ],
          [
            85.200078,
            27.770367
          ],
          [
            85.199815,
            27.770357
          ],
          [
            85.199538,
            27.770294
          ],
          [
            85.199298,
            27.770245
          ],
          [
            85.198898,
            27.770172
          ],
          [
            85.198646,
            27.769979
          ],
          [
            85.198553,
            27.7698
          ],
          [
            85.198437,
            27.769676
          ],
          [
            85.198474,
            27.769469
          ],
          [
            85.198655,
            27.769245
          ],
          [
            85.198788,
            27.768973
          ],
          [
            85.198642,
            27.768787
          ],
          [
            85.198462,
            27.768685
          ],
          [
            85.198199,
            27.768661
          ],
          [
            85.19782,
            27.768764
          ],
          [
            85.197675,
            27.768838
          ],
          [
            85.197603,
            27.769032
          ],
          [
            85.197613,
            27.769384
          ],
          [
            85.197749,
            27.769641
          ],
          [
            85.197797,
            27.769843
          ],
          [
            85.1978,
            27.77004
          ],
          [
            85.197699,
            27.770231
          ],
          [
            85.197527,
            27.770314
          ],
          [
            85.197221,
            27.770539
          ],
          [
            85.196856,
            27.770733
          ],
          [
            85.196609,
            27.770738
          ],
          [
            85.196429,
            27.770676
          ],
          [
            85.196261,
            27.770527
          ],
          [
            85.196131,
            27.770323
          ],
          [
            85.19611,
            27.77023
          ],
          [
            85.196135,
            27.770048
          ],
          [
            85.196084,
            27.769913
          ],
          [
            85.195885,
            27.769824
          ],
          [
            85.19555,
            27.769756
          ],
          [
            85.195112,
            27.769627
          ],
          [
            85.19459,
            27.769374
          ],
          [
            85.194168,
            27.769134
          ],
          [
            85.193878,
            27.769036
          ],
          [
            85.19356,
            27.769009
          ],
          [
            85.193316,
            27.769082
          ],
          [
            85.193185,
            27.769189
          ],
          [
            85.193151,
            27.769313
          ],
          [
            85.193198,
            27.76941
          ],
          [
            85.193335,
            27.769531
          ],
          [
            85.193427,
            27.769604
          ],
          [
            85.193567,
            27.769663
          ],
          [
            85.193754,
            27.769749
          ],
          [
            85.193861,
            27.769806
          ],
          [
            85.193912,
            27.769899
          ],
          [
            85.193964,
            27.769993
          ],
          [
            85.193971,
            27.770229
          ],
          [
            85.19393,
            27.770366
          ],
          [
            85.193886,
            27.770447
          ],
          [
            85.19385,
            27.770549
          ],
          [
            85.193413,
            27.771291
          ],
          [
            85.193168,
            27.771742
          ],
          [
            85.19286,
            27.772352
          ],
          [
            85.192569,
            27.772888
          ],
          [
            85.192422,
            27.773152
          ],
          [
            85.192318,
            27.773252
          ],
          [
            85.192194,
            27.773237
          ],
          [
            85.192092,
            27.773145
          ],
          [
            85.191959,
            27.772832
          ],
          [
            85.192039,
            27.772574
          ],
          [
            85.192061,
            27.772502
          ],
          [
            85.192171,
            27.771958
          ],
          [
            85.192258,
            27.771524
          ],
          [
            85.192273,
            27.771453
          ],
          [
            85.192275,
            27.771118
          ],
          [
            85.192239,
            27.770807
          ],
          [
            85.19206,
            27.770517
          ],
          [
            85.191592,
            27.770207
          ],
          [
            85.191121,
            27.769924
          ],
          [
            85.190878,
            27.76976
          ],
          [
            85.190625,
            27.769592
          ],
          [
            85.190306,
            27.769388
          ],
          [
            85.189938,
            27.769272
          ],
          [
            85.189619,
            27.769199
          ],
          [
            85.189301,
            27.76918
          ],
          [
            85.188944,
            27.769207
          ],
          [
            85.188643,
            27.769291
          ],
          [
            85.188352,
            27.769407
          ],
          [
            85.187934,
            27.769693
          ],
          [
            85.187422,
            27.770099
          ],
          [
            85.18697,
            27.770578
          ],
          [
            85.18644,
            27.771119
          ],
          [
            85.186196,
            27.771322
          ],
          [
            85.186054,
            27.771432
          ],
          [
            85.185891,
            27.771521
          ],
          [
            85.185724,
            27.7716
          ],
          [
            85.185546,
            27.77163
          ],
          [
            85.185332,
            27.771617
          ],
          [
            85.185117,
            27.771577
          ],
          [
            85.184721,
            27.771475
          ],
          [
            85.184185,
            27.771307
          ],
          [
            85.183997,
            27.771258
          ],
          [
            85.183801,
            27.771215
          ],
          [
            85.183616,
            27.771185
          ],
          [
            85.183215,
            27.771141
          ],
          [
            85.182968,
            27.77112
          ],
          [
            85.18265,
            27.771084
          ],
          [
            85.182388,
            27.771067
          ],
          [
            85.182198,
            27.77107
          ],
          [
            85.181982,
            27.771075
          ],
          [
            85.181748,
            27.771102
          ],
          [
            85.181535,
            27.771137
          ],
          [
            85.181268,
            27.7712
          ],
          [
            85.180988,
            27.771312
          ],
          [
            85.180857,
            27.771363
          ],
          [
            85.180609,
            27.77146
          ],
          [
            85.180074,
            27.771682
          ],
          [
            85.179347,
            27.771995
          ],
          [
            85.178974,
            27.772172
          ],
          [
            85.17882,
            27.772246
          ],
          [
            85.178619,
            27.772361
          ],
          [
            85.17857,
            27.772384
          ],
          [
            85.178521,
            27.772384
          ],
          [
            85.178457,
            27.772348
          ],
          [
            85.178375,
            27.772288
          ],
          [
            85.178222,
            27.772166
          ],
          [
            85.178081,
            27.772024
          ],
          [
            85.178006,
            27.771887
          ],
          [
            85.177931,
            27.771728
          ],
          [
            85.177836,
            27.771543
          ],
          [
            85.177761,
            27.771341
          ],
          [
            85.177669,
            27.770906
          ],
          [
            85.177613,
            27.770568
          ],
          [
            85.177568,
            27.770343
          ],
          [
            85.177552,
            27.769923
          ],
          [
            85.177557,
            27.769552
          ],
          [
            85.177577,
            27.769328
          ],
          [
            85.177574,
            27.768996
          ],
          [
            85.177571,
            27.768701
          ],
          [
            85.177584,
            27.768462
          ],
          [
            85.17758,
            27.768277
          ],
          [
            85.177555,
            27.768134
          ],
          [
            85.177498,
            27.767993
          ],
          [
            85.177425,
            27.767938
          ],
          [
            85.177286,
            27.767882
          ],
          [
            85.177112,
            27.767821
          ],
          [
            85.1768,
            27.767723
          ],
          [
            85.176511,
            27.767619
          ],
          [
            85.176216,
            27.767529
          ],
          [
            85.17585,
            27.767438
          ],
          [
            85.175542,
            27.767368
          ],
          [
            85.175357,
            27.76734
          ],
          [
            85.175167,
            27.767391
          ],
          [
            85.175092,
            27.767474
          ],
          [
            85.175042,
            27.767603
          ],
          [
            85.174982,
            27.767876
          ],
          [
            85.174904,
            27.768277
          ],
          [
            85.174811,
            27.768531
          ],
          [
            85.174709,
            27.768616
          ],
          [
            85.174549,
            27.7686
          ],
          [
            85.174355,
            27.768483
          ],
          [
            85.174223,
            27.768237
          ],
          [
            85.174044,
            27.768012
          ],
          [
            85.173791,
            27.767757
          ],
          [
            85.17337,
            27.767463
          ],
          [
            85.172979,
            27.767216
          ],
          [
            85.17248,
            27.76686
          ],
          [
            85.172151,
            27.766673
          ],
          [
            85.171818,
            27.76664
          ],
          [
            85.171456,
            27.766739
          ],
          [
            85.170906,
            27.766756
          ],
          [
            85.170483,
            27.766678
          ],
          [
            85.16998,
            27.766689
          ],
          [
            85.169567,
            27.76675
          ],
          [
            85.169165,
            27.766771
          ],
          [
            85.168775,
            27.766908
          ],
          [
            85.1682,
            27.767065
          ],
          [
            85.167279,
            27.767377
          ],
          [
            85.166767,
            27.767565
          ],
          [
            85.166389,
            27.767606
          ],
          [
            85.165992,
            27.767548
          ],
          [
            85.165629,
            27.767432
          ],
          [
            85.165373,
            27.767321
          ],
          [
            85.165245,
            27.767163
          ],
          [
            85.165093,
            27.766943
          ],
          [
            85.164973,
            27.766608
          ],
          [
            85.164921,
            27.766351
          ],
          [
            85.164863,
            27.766176
          ],
          [
            85.164763,
            27.765936
          ],
          [
            85.164664,
            27.765887
          ],
          [
            85.16448,
            27.765833
          ],
          [
            85.164154,
            27.765882
          ],
          [
            85.163832,
            27.765868
          ],
          [
            85.163638,
            27.765942
          ],
          [
            85.163443,
            27.76601
          ],
          [
            85.162814,
            27.766075
          ],
          [
            85.162388,
            27.766098
          ],
          [
            85.161966,
            27.766067
          ],
          [
            85.161871,
            27.766049
          ],
          [
            85.161578,
            27.765967
          ],
          [
            85.161067,
            27.765809
          ],
          [
            85.160878,
            27.765756
          ],
          [
            85.160697,
            27.765755
          ],
          [
            85.160431,
            27.765762
          ],
          [
            85.160035,
            27.765694
          ],
          [
            85.159349,
            27.765581
          ],
          [
            85.158999,
            27.765581
          ],
          [
            85.158622,
            27.765648
          ],
          [
            85.158338,
            27.765749
          ],
          [
            85.158299,
            27.765778
          ],
          [
            85.158151,
            27.765886
          ],
          [
            85.158114,
            27.765913
          ],
          [
            85.1578,
            27.766217
          ],
          [
            85.157645,
            27.766355
          ],
          [
            85.157394,
            27.766577
          ],
          [
            85.157045,
            27.766789
          ],
          [
            85.157,
            27.766816
          ],
          [
            85.156436,
            27.766956
          ],
          [
            85.155673,
            27.767059
          ],
          [
            85.155246,
            27.767071
          ],
          [
            85.155002,
            27.767079
          ],
          [
            85.154242,
            27.766974
          ],
          [
            85.153861,
            27.76691
          ],
          [
            85.153463,
            27.766659
          ],
          [
            85.153146,
            27.766665
          ],
          [
            85.152813,
            27.766569
          ],
          [
            85.152215,
            27.766481
          ],
          [
            85.151636,
            27.766363
          ],
          [
            85.15131,
            27.766273
          ],
          [
            85.151089,
            27.766124
          ],
          [
            85.151025,
            27.76599
          ],
          [
            85.150993,
            27.765729
          ],
          [
            85.150972,
            27.76556
          ],
          [
            85.150975,
            27.765199
          ],
          [
            85.150945,
            27.764902
          ],
          [
            85.15083,
            27.764733
          ],
          [
            85.150537,
            27.764518
          ],
          [
            85.150234,
            27.764321
          ],
          [
            85.149971,
            27.764055
          ],
          [
            85.149865,
            27.763902
          ],
          [
            85.149794,
            27.763798
          ],
          [
            85.149493,
            27.763741
          ],
          [
            85.149251,
            27.763824
          ],
          [
            85.148997,
            27.763909
          ],
          [
            85.148564,
            27.763966
          ],
          [
            85.148006,
            27.763933
          ],
          [
            85.147306,
            27.7639
          ],
          [
            85.14707,
            27.763924
          ],
          [
            85.146771,
            27.764019
          ],
          [
            85.14639,
            27.764197
          ],
          [
            85.145603,
            27.764662
          ],
          [
            85.145263,
            27.764763
          ],
          [
            85.144554,
            27.764741
          ],
          [
            85.144164,
            27.764608
          ],
          [
            85.143796,
            27.764515
          ],
          [
            85.143375,
            27.764579
          ],
          [
            85.142899,
            27.764762
          ],
          [
            85.142426,
            27.765018
          ],
          [
            85.141932,
            27.765144
          ],
          [
            85.141778,
            27.765219
          ],
          [
            85.141704,
            27.765256
          ],
          [
            85.141259,
            27.765421
          ],
          [
            85.140874,
            27.765652
          ],
          [
            85.140449,
            27.76589
          ],
          [
            85.139777,
            27.766144
          ],
          [
            85.139488,
            27.766175
          ],
          [
            85.139326,
            27.766134
          ],
          [
            85.139204,
            27.766044
          ],
          [
            85.138995,
            27.765775
          ],
          [
            85.138711,
            27.765403
          ],
          [
            85.138567,
            27.765142
          ],
          [
            85.138436,
            27.764784
          ],
          [
            85.138204,
            27.764406
          ],
          [
            85.137976,
            27.764128
          ],
          [
            85.137508,
            27.763641
          ],
          [
            85.1373,
            27.763534
          ],
          [
            85.137003,
            27.763455
          ],
          [
            85.136668,
            27.763406
          ],
          [
            85.13613,
            27.763386
          ],
          [
            85.135861,
            27.763307
          ],
          [
            85.135639,
            27.763181
          ],
          [
            85.135492,
            27.763006
          ],
          [
            85.135415,
            27.762776
          ],
          [
            85.135398,
            27.762381
          ],
          [
            85.135218,
            27.762061
          ],
          [
            85.135002,
            27.761845
          ],
          [
            85.134678,
            27.76171
          ],
          [
            85.134427,
            27.761677
          ],
          [
            85.134149,
            27.761781
          ],
          [
            85.133744,
            27.762104
          ],
          [
            85.133328,
            27.762322
          ],
          [
            85.133006,
            27.762488
          ],
          [
            85.132676,
            27.762578
          ],
          [
            85.132466,
            27.762654
          ],
          [
            85.132105,
            27.762771
          ],
          [
            85.131803,
            27.762848
          ],
          [
            85.131604,
            27.763001
          ],
          [
            85.131383,
            27.763207
          ],
          [
            85.131354,
            27.763513
          ],
          [
            85.131415,
            27.76395
          ],
          [
            85.131438,
            27.764249
          ],
          [
            85.131241,
            27.764358
          ],
          [
            85.130985,
            27.764329
          ],
          [
            85.130591,
            27.764281
          ],
          [
            85.130331,
            27.764094
          ],
          [
            85.129981,
            27.763813
          ],
          [
            85.129643,
            27.763521
          ],
          [
            85.129567,
            27.763276
          ],
          [
            85.129488,
            27.763087
          ],
          [
            85.129371,
            27.762971
          ],
          [
            85.129063,
            27.762778
          ],
          [
            85.128929,
            27.762531
          ],
          [
            85.128886,
            27.762371
          ],
          [
            85.128798,
            27.762198
          ],
          [
            85.128692,
            27.762031
          ],
          [
            85.128558,
            27.761855
          ],
          [
            85.12842,
            27.761584
          ],
          [
            85.128248,
            27.76124
          ],
          [
            85.128167,
            27.760988
          ],
          [
            85.128055,
            27.760801
          ],
          [
            85.127918,
            27.760646
          ],
          [
            85.127676,
            27.760623
          ],
          [
            85.12732,
            27.760654
          ],
          [
            85.127098,
            27.760697
          ],
          [
            85.127019,
            27.760869
          ],
          [
            85.126998,
            27.761104
          ],
          [
            85.126915,
            27.761434
          ],
          [
            85.126754,
            27.761527
          ],
          [
            85.126624,
            27.761529
          ],
          [
            85.126428,
            27.761423
          ],
          [
            85.126271,
            27.761095
          ],
          [
            85.12615,
            27.76092
          ],
          [
            85.126046,
            27.760871
          ],
          [
            85.125966,
            27.760896
          ],
          [
            85.125828,
            27.761067
          ],
          [
            85.1257,
            27.76112
          ],
          [
            85.125488,
            27.761125
          ],
          [
            85.125376,
            27.761043
          ],
          [
            85.125328,
            27.760916
          ],
          [
            85.125231,
            27.760726
          ],
          [
            85.12504,
            27.760636
          ],
          [
            85.124796,
            27.760646
          ],
          [
            85.124482,
            27.760717
          ],
          [
            85.124356,
            27.760781
          ],
          [
            85.124268,
            27.760901
          ],
          [
            85.124268,
            27.761049
          ],
          [
            85.124342,
            27.761303
          ],
          [
            85.124537,
            27.761561
          ],
          [
            85.124687,
            27.761716
          ],
          [
            85.124719,
            27.761838
          ],
          [
            85.124632,
            27.762112
          ],
          [
            85.124522,
            27.762413
          ],
          [
            85.12447,
            27.762953
          ],
          [
            85.12439,
            27.763069
          ],
          [
            85.124251,
            27.763145
          ],
          [
            85.124067,
            27.763146
          ],
          [
            85.123935,
            27.763072
          ],
          [
            85.123823,
            27.762807
          ],
          [
            85.123737,
            27.762736
          ],
          [
            85.12316,
            27.762548
          ],
          [
            85.122967,
            27.762509
          ],
          [
            85.122837,
            27.7625
          ],
          [
            85.122766,
            27.762536
          ],
          [
            85.122599,
            27.762738
          ],
          [
            85.122273,
            27.763009
          ],
          [
            85.121816,
            27.763373
          ],
          [
            85.121386,
            27.76393
          ],
          [
            85.121318,
            27.764118
          ],
          [
            85.121315,
            27.764328
          ],
          [
            85.121364,
            27.764493
          ],
          [
            85.121609,
            27.765058
          ],
          [
            85.121709,
            27.765276
          ],
          [
            85.121733,
            27.765393
          ],
          [
            85.121675,
            27.765506
          ],
          [
            85.121445,
            27.765665
          ],
          [
            85.12122,
            27.765878
          ],
          [
            85.121125,
            27.766023
          ],
          [
            85.121105,
            27.766119
          ],
          [
            85.121023,
            27.76618
          ],
          [
            85.120889,
            27.766195
          ],
          [
            85.12065,
            27.76617
          ],
          [
            85.120482,
            27.766202
          ],
          [
            85.120183,
            27.766392
          ],
          [
            85.120133,
            27.766618
          ],
          [
            85.120161,
            27.766753
          ],
          [
            85.120283,
            27.766935
          ],
          [
            85.120304,
            27.767083
          ],
          [
            85.120152,
            27.767184
          ],
          [
            85.119898,
            27.7673
          ],
          [
            85.119551,
            27.767441
          ],
          [
            85.119079,
            27.767686
          ],
          [
            85.118858,
            27.767712
          ],
          [
            85.118691,
            27.767613
          ],
          [
            85.118602,
            27.76746
          ],
          [
            85.118548,
            27.767285
          ],
          [
            85.118548,
            27.767019
          ],
          [
            85.118302,
            27.766639
          ],
          [
            85.118098,
            27.766411
          ],
          [
            85.117915,
            27.766416
          ],
          [
            85.11769,
            27.766497
          ],
          [
            85.117417,
            27.76644
          ],
          [
            85.117207,
            27.766487
          ],
          [
            85.117154,
            27.766672
          ],
          [
            85.117229,
            27.766924
          ],
          [
            85.117282,
            27.767313
          ],
          [
            85.117331,
            27.767707
          ],
          [
            85.117218,
            27.76803
          ],
          [
            85.116821,
            27.768263
          ],
          [
            85.116607,
            27.768334
          ],
          [
            85.116547,
            27.768495
          ],
          [
            85.116354,
            27.76868
          ],
          [
            85.116139,
            27.768733
          ],
          [
            85.115748,
            27.768676
          ],
          [
            85.115442,
            27.768752
          ],
          [
            85.115088,
            27.76898
          ],
          [
            85.114933,
            27.769236
          ],
          [
            85.114936,
            27.769518
          ],
          [
            85.114931,
            27.769773
          ],
          [
            85.114794,
            27.770083
          ],
          [
            85.114773,
            27.770484
          ],
          [
            85.114761,
            27.770711
          ],
          [
            85.114643,
            27.770892
          ],
          [
            85.114468,
            27.770941
          ],
          [
            85.114318,
            27.771129
          ],
          [
            85.114332,
            27.771331
          ],
          [
            85.114479,
            27.771612
          ],
          [
            85.114777,
            27.772011
          ],
          [
            85.11529,
            27.772657
          ],
          [
            85.11557,
            27.773103
          ],
          [
            85.115679,
            27.773518
          ],
          [
            85.11564,
            27.773775
          ],
          [
            85.115404,
            27.773952
          ],
          [
            85.115142,
            27.774033
          ],
          [
            85.114842,
            27.774011
          ],
          [
            85.114576,
            27.773924
          ],
          [
            85.114386,
            27.773827
          ],
          [
            85.114171,
            27.773659
          ],
          [
            85.113801,
            27.773341
          ],
          [
            85.113344,
            27.773076
          ],
          [
            85.113163,
            27.772824
          ],
          [
            85.113039,
            27.772558
          ],
          [
            85.112782,
            27.772482
          ],
          [
            85.112417,
            27.772667
          ],
          [
            85.112074,
            27.773056
          ],
          [
            85.111699,
            27.773509
          ],
          [
            85.111445,
            27.774092
          ],
          [
            85.111413,
            27.774851
          ],
          [
            85.111362,
            27.775248
          ],
          [
            85.111152,
            27.775535
          ],
          [
            85.110875,
            27.77573
          ],
          [
            85.110573,
            27.775844
          ],
          [
            85.110228,
            27.775908
          ],
          [
            85.109833,
            27.775894
          ],
          [
            85.10956,
            27.775848
          ],
          [
            85.109262,
            27.77578
          ],
          [
            85.108904,
            27.77555
          ],
          [
            85.108818,
            27.775367
          ],
          [
            85.108696,
            27.774783
          ],
          [
            85.108775,
            27.774423
          ],
          [
            85.108479,
            27.774163
          ],
          [
            85.108142,
            27.774115
          ],
          [
            85.107477,
            27.774214
          ],
          [
            85.106801,
            27.774138
          ],
          [
            85.106377,
            27.774172
          ],
          [
            85.105797,
            27.774267
          ],
          [
            85.105362,
            27.774547
          ],
          [
            85.105046,
            27.774898
          ],
          [
            85.104413,
            27.775415
          ],
          [
            85.104065,
            27.775705
          ],
          [
            85.103684,
            27.775676
          ],
          [
            85.103346,
            27.77571
          ],
          [
            85.103115,
            27.77589
          ],
          [
            85.102675,
            27.776127
          ],
          [
            85.102176,
            27.776388
          ],
          [
            85.101855,
            27.776692
          ],
          [
            85.101586,
            27.776901
          ],
          [
            85.101167,
            27.777234
          ],
          [
            85.100899,
            27.777561
          ],
          [
            85.100647,
            27.778069
          ],
          [
            85.100138,
            27.77833
          ],
          [
            85.099704,
            27.778368
          ],
          [
            85.099328,
            27.778296
          ],
          [
            85.098861,
            27.778173
          ],
          [
            85.098395,
            27.778154
          ],
          [
            85.098035,
            27.778258
          ],
          [
            85.09781,
            27.778477
          ],
          [
            85.097762,
            27.778733
          ],
          [
            85.097542,
            27.778937
          ],
          [
            85.097177,
            27.779174
          ],
          [
            85.096833,
            27.77955
          ],
          [
            85.096758,
            27.779881
          ],
          [
            85.096688,
            27.780414
          ],
          [
            85.096688,
            27.780746
          ],
          [
            85.096413,
            27.781365
          ],
          [
            85.095942,
            27.781629
          ],
          [
            85.095325,
            27.782008
          ],
          [
            85.094631,
            27.782307
          ],
          [
            85.094425,
            27.78261
          ],
          [
            85.094257,
            27.78288
          ],
          [
            85.093868,
            27.783355
          ],
          [
            85.093351,
            27.783763
          ],
          [
            85.092515,
            27.78423
          ],
          [
            85.091427,
            27.785486
          ],
          [
            85.090716,
            27.785924
          ],
          [
            85.090173,
            27.78643
          ],
          [
            85.089109,
            27.787239
          ],
          [
            85.088336,
            27.78779
          ],
          [
            85.087349,
            27.78798
          ],
          [
            85.085632,
            27.788056
          ],
          [
            85.085117,
            27.788663
          ],
          [
            85.084688,
            27.788891
          ],
          [
            85.083812,
            27.788709
          ],
          [
            85.083186,
            27.788663
          ],
          [
            85.082499,
            27.788777
          ],
          [
            85.08237,
            27.789308
          ],
          [
            85.082486,
            27.789648
          ],
          [
            85.08207,
            27.789954
          ],
          [
            85.081255,
            27.790182
          ],
          [
            85.080568,
            27.790106
          ],
          [
            85.079581,
            27.790106
          ],
          [
            85.079195,
            27.790371
          ],
          [
            85.07868,
            27.790903
          ],
          [
            85.077864,
            27.791207
          ],
          [
            85.076749,
            27.7917
          ],
          [
            85.076059,
            27.792164
          ],
          [
            85.075161,
            27.792194
          ],
          [
            85.074174,
            27.792118
          ],
          [
            85.073421,
            27.791958
          ],
          [
            85.072929,
            27.791928
          ],
          [
            85.071682,
            27.792209
          ],
          [
            85.071213,
            27.792118
          ],
          [
            85.070698,
            27.791966
          ],
          [
            85.070369,
            27.791771
          ],
          [
            85.070085,
            27.791686
          ],
          [
            85.069582,
            27.7917
          ],
          [
            85.069261,
            27.792067
          ],
          [
            85.068881,
            27.792475
          ],
          [
            85.068372,
            27.792996
          ],
          [
            85.067774,
            27.793016
          ],
          [
            85.067476,
            27.792914
          ],
          [
            85.067251,
            27.792837
          ],
          [
            85.066969,
            27.792762
          ],
          [
            85.066501,
            27.792786
          ],
          [
            85.065934,
            27.792687
          ],
          [
            85.065591,
            27.792611
          ],
          [
            85.064904,
            27.792687
          ],
          [
            85.064329,
            27.792811
          ],
          [
            85.063837,
            27.793128
          ],
          [
            85.062329,
            27.793712
          ],
          [
            85.061557,
            27.793864
          ],
          [
            85.061013,
            27.79392
          ],
          [
            85.060318,
            27.794074
          ],
          [
            85.059668,
            27.794396
          ],
          [
            85.059325,
            27.79451
          ],
          [
            85.058653,
            27.794563
          ],
          [
            85.058278,
            27.794694
          ],
          [
            85.058095,
            27.795067
          ],
          [
            85.057729,
            27.795368
          ],
          [
            85.056879,
            27.795803
          ],
          [
            85.056916,
            27.796608
          ],
          [
            85.056981,
            27.796981
          ],
          [
            85.057001,
            27.797237
          ],
          [
            85.056734,
            27.797317
          ],
          [
            85.056278,
            27.797243
          ],
          [
            85.055849,
            27.797243
          ],
          [
            85.055416,
            27.797191
          ],
          [
            85.054948,
            27.796977
          ],
          [
            85.054616,
            27.796919
          ],
          [
            85.054278,
            27.796863
          ],
          [
            85.053905,
            27.796748
          ],
          [
            85.05336,
            27.796901
          ],
          [
            85.052759,
            27.797091
          ],
          [
            85.052517,
            27.797474
          ],
          [
            85.05239,
            27.79779
          ],
          [
            85.052483,
            27.798236
          ],
          [
            85.052539,
            27.798721
          ],
          [
            85.052288,
            27.799193
          ],
          [
            85.052029,
            27.799369
          ],
          [
            85.051386,
            27.799407
          ],
          [
            85.050975,
            27.799337
          ],
          [
            85.050699,
            27.799445
          ],
          [
            85.050464,
            27.799632
          ],
          [
            85.049841,
            27.800394
          ],
          [
            85.049587,
            27.80076
          ],
          [
            85.049357,
            27.801032
          ],
          [
            85.048919,
            27.801593
          ],
          [
            85.048311,
            27.801423
          ],
          [
            85.04791,
            27.801419
          ],
          [
            85.047462,
            27.801301
          ],
          [
            85.047008,
            27.801381
          ],
          [
            85.046749,
            27.801716
          ],
          [
            85.046742,
            27.801976
          ],
          [
            85.046791,
            27.802469
          ],
          [
            85.046797,
            27.803163
          ],
          [
            85.046559,
            27.803818
          ],
          [
            85.045965,
            27.804112
          ],
          [
            85.045741,
            27.804845
          ],
          [
            85.045682,
            27.805241
          ],
          [
            85.045672,
            27.805698
          ],
          [
            85.046068,
            27.806128
          ],
          [
            85.046539,
            27.806364
          ],
          [
            85.047194,
            27.806713
          ],
          [
            85.047373,
            27.806958
          ],
          [
            85.047396,
            27.807231
          ],
          [
            85.047529,
            27.807877
          ],
          [
            85.047771,
            27.808559
          ],
          [
            85.048223,
            27.809209
          ],
          [
            85.048781,
            27.809804
          ],
          [
            85.048911,
            27.810454
          ],
          [
            85.048669,
            27.810589
          ],
          [
            85.048339,
            27.81061
          ],
          [
            85.04791,
            27.810757
          ],
          [
            85.047566,
            27.811023
          ],
          [
            85.047151,
            27.811481
          ],
          [
            85.047051,
            27.811858
          ],
          [
            85.047365,
            27.81218
          ],
          [
            85.047716,
            27.812729
          ],
          [
            85.047725,
            27.812988
          ],
          [
            85.047579,
            27.813211
          ],
          [
            85.047094,
            27.8133
          ],
          [
            85.046731,
            27.813103
          ],
          [
            85.046522,
            27.812913
          ],
          [
            85.046368,
            27.812774
          ],
          [
            85.045551,
            27.812301
          ],
          [
            85.045,
            27.811969
          ],
          [
            85.044571,
            27.811893
          ],
          [
            85.043918,
            27.812048
          ],
          [
            85.043318,
            27.812199
          ],
          [
            85.042357,
            27.812579
          ],
          [
            85.04213,
            27.812721
          ],
          [
            85.041761,
            27.813095
          ],
          [
            85.041677,
            27.813491
          ],
          [
            85.041773,
            27.813928
          ],
          [
            85.041645,
            27.814384
          ],
          [
            85.04149,
            27.814933
          ],
          [
            85.04118,
            27.815555
          ],
          [
            85.041098,
            27.815934
          ],
          [
            85.041078,
            27.816221
          ],
          [
            85.041292,
            27.816539
          ],
          [
            85.041562,
            27.816846
          ],
          [
            85.041894,
            27.817135
          ],
          [
            85.041897,
            27.817574
          ],
          [
            85.041611,
            27.81783
          ],
          [
            85.041223,
            27.817698
          ],
          [
            85.041001,
            27.817597
          ],
          [
            85.040791,
            27.81739
          ],
          [
            85.040605,
            27.816982
          ],
          [
            85.040357,
            27.816431
          ],
          [
            85.039907,
            27.815957
          ],
          [
            85.039479,
            27.815772
          ],
          [
            85.039049,
            27.81559
          ],
          [
            85.038668,
            27.815345
          ],
          [
            85.038319,
            27.815084
          ],
          [
            85.03809,
            27.814861
          ],
          [
            85.037696,
            27.814785
          ],
          [
            85.037429,
            27.815089
          ],
          [
            85.037284,
            27.815343
          ],
          [
            85.03713,
            27.815574
          ],
          [
            85.036672,
            27.815691
          ],
          [
            85.036122,
            27.815628
          ],
          [
            85.035636,
            27.815606
          ],
          [
            85.035018,
            27.815683
          ],
          [
            85.0347,
            27.815633
          ],
          [
            85.03411,
            27.815298
          ],
          [
            85.03382,
            27.815139
          ],
          [
            85.033511,
            27.815064
          ],
          [
            85.033082,
            27.815083
          ],
          [
            85.032354,
            27.81529
          ],
          [
            85.031561,
            27.815409
          ],
          [
            85.031008,
            27.815463
          ],
          [
            85.030485,
            27.815483
          ],
          [
            85.030121,
            27.815457
          ],
          [
            85.029838,
            27.815459
          ],
          [
            85.029474,
            27.815573
          ],
          [
            85.02922,
            27.815801
          ],
          [
            85.028353,
            27.816604
          ],
          [
            85.028206,
            27.816697
          ],
          [
            85.02792,
            27.816809
          ],
          [
            85.027619,
            27.816828
          ],
          [
            85.027233,
            27.81662
          ],
          [
            85.027074,
            27.816469
          ],
          [
            85.026939,
            27.816161
          ]
        ]
      }
    },
    {
      "type": "Feature",
      "properties": {
        "id": "osm-waterway-44686751",
        "name": "Mahesh-Khola",
        "kind": "observed_tributary",
        "waterway": "river",
        "corridorKm": 72.9,
        "classification": "observed",
        "source": "OpenStreetMap",
        "osmType": "way",
        "osmId": 44686751
      },
      "geometry": {
        "type": "LineString",
        "coordinates": [
          [
            85.137128,
            27.733542
          ],
          [
            85.13671,
            27.733874
          ],
          [
            85.136624,
            27.733982
          ],
          [
            85.136491,
            27.734189
          ],
          [
            85.136372,
            27.734519
          ],
          [
            85.136222,
            27.735083
          ],
          [
            85.136145,
            27.735215
          ],
          [
            85.136053,
            27.735298
          ],
          [
            85.135885,
            27.735396
          ],
          [
            85.135578,
            27.735755
          ],
          [
            85.135319,
            27.736039
          ],
          [
            85.13521,
            27.736153
          ],
          [
            85.134918,
            27.736257
          ],
          [
            85.134647,
            27.736328
          ],
          [
            85.134441,
            27.736313
          ],
          [
            85.134279,
            27.736229
          ],
          [
            85.133841,
            27.735918
          ],
          [
            85.133596,
            27.735804
          ],
          [
            85.133372,
            27.735765
          ],
          [
            85.133128,
            27.7358
          ],
          [
            85.132911,
            27.735906
          ],
          [
            85.132415,
            27.736203
          ],
          [
            85.131341,
            27.736763
          ],
          [
            85.130999,
            27.737106
          ],
          [
            85.130725,
            27.737223
          ],
          [
            85.130244,
            27.737306
          ],
          [
            85.129735,
            27.737558
          ],
          [
            85.128789,
            27.737683
          ],
          [
            85.127251,
            27.737721
          ],
          [
            85.126462,
            27.737662
          ],
          [
            85.126065,
            27.737579
          ],
          [
            85.125658,
            27.737491
          ],
          [
            85.125192,
            27.737396
          ],
          [
            85.124911,
            27.737414
          ],
          [
            85.124605,
            27.737513
          ],
          [
            85.124064,
            27.73773
          ],
          [
            85.123495,
            27.737979
          ],
          [
            85.123167,
            27.738304
          ],
          [
            85.122569,
            27.738642
          ],
          [
            85.12232,
            27.738584
          ],
          [
            85.122135,
            27.738705
          ],
          [
            85.12184,
            27.738919
          ],
          [
            85.121728,
            27.739032
          ],
          [
            85.121534,
            27.739536
          ],
          [
            85.121409,
            27.739674
          ],
          [
            85.121213,
            27.73978
          ],
          [
            85.120876,
            27.739925
          ],
          [
            85.120711,
            27.740035
          ],
          [
            85.12045,
            27.740427
          ],
          [
            85.120269,
            27.740571
          ],
          [
            85.119691,
            27.740864
          ],
          [
            85.119391,
            27.741077
          ],
          [
            85.118878,
            27.741525
          ],
          [
            85.118593,
            27.741749
          ],
          [
            85.118323,
            27.742096
          ],
          [
            85.11807,
            27.742533
          ],
          [
            85.117826,
            27.742804
          ],
          [
            85.117453,
            27.743302
          ],
          [
            85.117182,
            27.743688
          ],
          [
            85.117106,
            27.743848
          ],
          [
            85.117035,
            27.744085
          ],
          [
            85.116935,
            27.744217
          ],
          [
            85.116781,
            27.744295
          ],
          [
            85.116417,
            27.744612
          ],
          [
            85.116268,
            27.74469
          ],
          [
            85.116004,
            27.744747
          ],
          [
            85.115561,
            27.744952
          ],
          [
            85.115243,
            27.745053
          ],
          [
            85.115087,
            27.745129
          ],
          [
            85.114989,
            27.745244
          ],
          [
            85.11482,
            27.745526
          ],
          [
            85.114437,
            27.746092
          ],
          [
            85.113679,
            27.746137
          ],
          [
            85.112969,
            27.746124
          ],
          [
            85.111644,
            27.74618
          ],
          [
            85.110869,
            27.745689
          ],
          [
            85.11015,
            27.745228
          ],
          [
            85.109961,
            27.745186
          ],
          [
            85.109725,
            27.745227
          ],
          [
            85.109176,
            27.745414
          ],
          [
            85.108876,
            27.745537
          ],
          [
            85.108526,
            27.745627
          ],
          [
            85.108253,
            27.745644
          ],
          [
            85.10799,
            27.745625
          ],
          [
            85.107503,
            27.745396
          ],
          [
            85.106942,
            27.745255
          ],
          [
            85.106341,
            27.745312
          ],
          [
            85.105991,
            27.745297
          ],
          [
            85.105414,
            27.745092
          ],
          [
            85.105016,
            27.745057
          ],
          [
            85.103951,
            27.745089
          ],
          [
            85.103724,
            27.745027
          ],
          [
            85.103448,
            27.744927
          ],
          [
            85.10191,
            27.744914
          ],
          [
            85.101122,
            27.745247
          ],
          [
            85.100665,
            27.74559
          ],
          [
            85.099384,
            27.745951
          ],
          [
            85.098297,
            27.746338
          ],
          [
            85.097367,
            27.746479
          ],
          [
            85.097158,
            27.74654
          ],
          [
            85.097109,
            27.746571
          ],
          [
            85.096328,
            27.746841
          ],
          [
            85.096019,
            27.746961
          ],
          [
            85.095591,
            27.74704
          ],
          [
            85.095176,
            27.74708
          ],
          [
            85.094753,
            27.747101
          ],
          [
            85.094306,
            27.747165
          ],
          [
            85.094065,
            27.747194
          ],
          [
            85.093816,
            27.747194
          ],
          [
            85.093586,
            27.747166
          ],
          [
            85.093263,
            27.747132
          ],
          [
            85.093147,
            27.747067
          ],
          [
            85.092956,
            27.747062
          ],
          [
            85.092609,
            27.747033
          ],
          [
            85.092218,
            27.747035
          ],
          [
            85.091826,
            27.74714
          ],
          [
            85.091587,
            27.747181
          ],
          [
            85.091224,
            27.747333
          ],
          [
            85.09106,
            27.747333
          ],
          [
            85.090833,
            27.747331
          ],
          [
            85.090525,
            27.747335
          ],
          [
            85.090439,
            27.747372
          ],
          [
            85.09033,
            27.747425
          ],
          [
            85.090138,
            27.747456
          ],
          [
            85.089985,
            27.747534
          ],
          [
            85.089811,
            27.747661
          ],
          [
            85.08975,
            27.747749
          ],
          [
            85.089621,
            27.74781
          ],
          [
            85.089416,
            27.747865
          ],
          [
            85.089314,
            27.747858
          ],
          [
            85.0891,
            27.747878
          ],
          [
            85.088978,
            27.747872
          ],
          [
            85.088797,
            27.747942
          ],
          [
            85.088643,
            27.747993
          ],
          [
            85.08849,
            27.747989
          ],
          [
            85.088424,
            27.747948
          ],
          [
            85.08837,
            27.74789
          ],
          [
            85.088305,
            27.747828
          ],
          [
            85.088274,
            27.747799
          ],
          [
            85.088193,
            27.747698
          ],
          [
            85.088093,
            27.747558
          ],
          [
            85.087948,
            27.747436
          ],
          [
            85.08781,
            27.747373
          ],
          [
            85.087728,
            27.747335
          ],
          [
            85.087657,
            27.747263
          ],
          [
            85.087616,
            27.747187
          ],
          [
            85.087492,
            27.74681
          ],
          [
            85.087449,
            27.746568
          ],
          [
            85.087526,
            27.745864
          ],
          [
            85.087441,
            27.745625
          ],
          [
            85.087171,
            27.745198
          ],
          [
            85.086939,
            27.745039
          ],
          [
            85.086501,
            27.745076
          ],
          [
            85.085788,
            27.74531
          ],
          [
            85.085497,
            27.745753
          ],
          [
            85.085286,
            27.745811
          ],
          [
            85.08509,
            27.745785
          ],
          [
            85.084968,
            27.745705
          ],
          [
            85.084858,
            27.745566
          ],
          [
            85.084734,
            27.745504
          ],
          [
            85.084548,
            27.745486
          ],
          [
            85.084273,
            27.745509
          ],
          [
            85.084047,
            27.745596
          ],
          [
            85.083802,
            27.745772
          ],
          [
            85.083676,
            27.745921
          ],
          [
            85.083601,
            27.746107
          ],
          [
            85.083389,
            27.746472
          ],
          [
            85.083286,
            27.746712
          ],
          [
            85.083165,
            27.747084
          ],
          [
            85.082966,
            27.747388
          ],
          [
            85.082248,
            27.748114
          ],
          [
            85.082075,
            27.748157
          ],
          [
            85.08195,
            27.748144
          ],
          [
            85.081842,
            27.748107
          ],
          [
            85.081753,
            27.748036
          ],
          [
            85.081712,
            27.74789
          ],
          [
            85.081676,
            27.747569
          ],
          [
            85.081575,
            27.747427
          ],
          [
            85.081464,
            27.747336
          ],
          [
            85.081287,
            27.747258
          ],
          [
            85.081074,
            27.747294
          ],
          [
            85.080806,
            27.747395
          ],
          [
            85.080389,
            27.747445
          ],
          [
            85.079918,
            27.747427
          ],
          [
            85.079635,
            27.747363
          ],
          [
            85.079402,
            27.747406
          ],
          [
            85.079075,
            27.747427
          ],
          [
            85.078617,
            27.747347
          ],
          [
            85.077724,
            27.747389
          ],
          [
            85.077472,
            27.747458
          ],
          [
            85.07714,
            27.74764
          ],
          [
            85.076845,
            27.747823
          ],
          [
            85.076584,
            27.748074
          ],
          [
            85.076411,
            27.74844
          ],
          [
            85.076334,
            27.748836
          ],
          [
            85.076211,
            27.749249
          ],
          [
            85.076042,
            27.749503
          ],
          [
            85.075615,
            27.749752
          ],
          [
            85.074952,
            27.749916
          ],
          [
            85.074249,
            27.749997
          ],
          [
            85.073751,
            27.750075
          ],
          [
            85.073514,
            27.750156
          ],
          [
            85.073128,
            27.750418
          ],
          [
            85.072937,
            27.750487
          ],
          [
            85.072764,
            27.750488
          ],
          [
            85.072549,
            27.750424
          ],
          [
            85.072283,
            27.750384
          ],
          [
            85.072021,
            27.750437
          ],
          [
            85.071511,
            27.750359
          ],
          [
            85.071334,
            27.750377
          ],
          [
            85.071248,
            27.750434
          ],
          [
            85.071184,
            27.750531
          ],
          [
            85.071168,
            27.750684
          ],
          [
            85.071189,
            27.750871
          ],
          [
            85.071393,
            27.751186
          ],
          [
            85.071492,
            27.751444
          ],
          [
            85.071542,
            27.751676
          ],
          [
            85.071551,
            27.751852
          ],
          [
            85.071486,
            27.752129
          ],
          [
            85.07141,
            27.752286
          ],
          [
            85.07131,
            27.752405
          ],
          [
            85.0712,
            27.752479
          ],
          [
            85.071092,
            27.752509
          ],
          [
            85.070933,
            27.752474
          ],
          [
            85.070804,
            27.752435
          ],
          [
            85.070652,
            27.752428
          ],
          [
            85.070457,
            27.752502
          ],
          [
            85.070249,
            27.752584
          ],
          [
            85.069757,
            27.752779
          ],
          [
            85.069468,
            27.752827
          ],
          [
            85.069236,
            27.752751
          ],
          [
            85.069093,
            27.752668
          ],
          [
            85.068937,
            27.752631
          ],
          [
            85.068323,
            27.7527
          ],
          [
            85.067718,
            27.752889
          ],
          [
            85.067485,
            27.752924
          ],
          [
            85.06716,
            27.75288
          ],
          [
            85.066656,
            27.752873
          ],
          [
            85.066412,
            27.752898
          ],
          [
            85.066261,
            27.752939
          ],
          [
            85.065704,
            27.753122
          ],
          [
            85.06525,
            27.753217
          ],
          [
            85.064897,
            27.753304
          ],
          [
            85.064691,
            27.753462
          ],
          [
            85.063996,
            27.754045
          ],
          [
            85.063244,
            27.754194
          ],
          [
            85.062679,
            27.754185
          ],
          [
            85.0602,
            27.753421
          ],
          [
            85.059772,
            27.753202
          ],
          [
            85.059556,
            27.753069
          ],
          [
            85.059398,
            27.752826
          ],
          [
            85.059376,
            27.752535
          ],
          [
            85.059468,
            27.751558
          ],
          [
            85.059398,
            27.751238
          ],
          [
            85.05921,
            27.751143
          ],
          [
            85.058803,
            27.751082
          ],
          [
            85.058124,
            27.751037
          ],
          [
            85.057753,
            27.750945
          ],
          [
            85.05713,
            27.750824
          ],
          [
            85.05653,
            27.750668
          ],
          [
            85.055991,
            27.750309
          ],
          [
            85.055536,
            27.750004
          ],
          [
            85.055224,
            27.749799
          ],
          [
            85.05489,
            27.749684
          ],
          [
            85.054298,
            27.749818
          ],
          [
            85.053819,
            27.75022
          ],
          [
            85.053682,
            27.75066
          ],
          [
            85.053422,
            27.751508
          ],
          [
            85.053164,
            27.752806
          ],
          [
            85.052885,
            27.753472
          ],
          [
            85.052671,
            27.753603
          ],
          [
            85.052409,
            27.753719
          ],
          [
            85.052147,
            27.753865
          ],
          [
            85.051969,
            27.753895
          ],
          [
            85.051709,
            27.753881
          ],
          [
            85.051473,
            27.753784
          ],
          [
            85.051275,
            27.75356
          ],
          [
            85.051008,
            27.75312
          ],
          [
            85.050769,
            27.752613
          ],
          [
            85.050341,
            27.752006
          ],
          [
            85.049421,
            27.751012
          ],
          [
            85.048565,
            27.750291
          ],
          [
            85.048423,
            27.750221
          ],
          [
            85.048197,
            27.750213
          ],
          [
            85.047569,
            27.749904
          ],
          [
            85.04725,
            27.749755
          ],
          [
            85.047023,
            27.749755
          ],
          [
            85.046261,
            27.749925
          ],
          [
            85.045878,
            27.750038
          ],
          [
            85.045302,
            27.750462
          ],
          [
            85.045031,
            27.750769
          ],
          [
            85.044897,
            27.751104
          ],
          [
            85.044941,
            27.751399
          ],
          [
            85.045117,
            27.751898
          ],
          [
            85.045163,
            27.752143
          ],
          [
            85.045181,
            27.752503
          ],
          [
            85.04526,
            27.752995
          ],
          [
            85.045273,
            27.753073
          ],
          [
            85.045447,
            27.753467
          ],
          [
            85.046112,
            27.754449
          ],
          [
            85.046668,
            27.755155
          ],
          [
            85.046867,
            27.755675
          ],
          [
            85.046912,
            27.756964
          ],
          [
            85.046834,
            27.757695
          ],
          [
            85.046573,
            27.757982
          ],
          [
            85.046245,
            27.758175
          ],
          [
            85.045784,
            27.758241
          ],
          [
            85.044848,
            27.758198
          ],
          [
            85.044591,
            27.758273
          ],
          [
            85.044188,
            27.758478
          ],
          [
            85.044013,
            27.758698
          ],
          [
            85.04397,
            27.758961
          ],
          [
            85.044023,
            27.759222
          ],
          [
            85.044255,
            27.759549
          ],
          [
            85.045355,
            27.7611
          ],
          [
            85.045768,
            27.76146
          ],
          [
            85.046322,
            27.76185
          ],
          [
            85.046878,
            27.762226
          ],
          [
            85.047067,
            27.762472
          ],
          [
            85.04717,
            27.762743
          ],
          [
            85.047202,
            27.762999
          ],
          [
            85.047277,
            27.763376
          ],
          [
            85.047387,
            27.763646
          ],
          [
            85.047375,
            27.763857
          ],
          [
            85.047291,
            27.764071
          ],
          [
            85.047129,
            27.764331
          ],
          [
            85.046868,
            27.764537
          ],
          [
            85.045161,
            27.765883
          ],
          [
            85.044333,
            27.766528
          ],
          [
            85.043825,
            27.766837
          ],
          [
            85.043015,
            27.76759
          ],
          [
            85.042423,
            27.767914
          ],
          [
            85.041438,
            27.768249
          ],
          [
            85.040799,
            27.768426
          ],
          [
            85.040388,
            27.768516
          ],
          [
            85.039742,
            27.768506
          ],
          [
            85.038532,
            27.768309
          ],
          [
            85.038314,
            27.768197
          ],
          [
            85.038108,
            27.768156
          ],
          [
            85.037928,
            27.768179
          ],
          [
            85.037781,
            27.768275
          ],
          [
            85.037728,
            27.7684
          ],
          [
            85.037667,
            27.768565
          ],
          [
            85.037674,
            27.768929
          ],
          [
            85.037554,
            27.769109
          ],
          [
            85.037534,
            27.76923
          ],
          [
            85.037502,
            27.769419
          ],
          [
            85.037365,
            27.769561
          ],
          [
            85.037165,
            27.769664
          ],
          [
            85.036994,
            27.76984
          ],
          [
            85.036873,
            27.769854
          ],
          [
            85.036528,
            27.769814
          ],
          [
            85.03637,
            27.769819
          ],
          [
            85.035995,
            27.769847
          ],
          [
            85.035915,
            27.769891
          ],
          [
            85.035817,
            27.769993
          ],
          [
            85.035721,
            27.770091
          ],
          [
            85.035635,
            27.77015
          ],
          [
            85.035559,
            27.770159
          ],
          [
            85.035379,
            27.770132
          ],
          [
            85.035229,
            27.77015
          ],
          [
            85.035088,
            27.770203
          ],
          [
            85.034971,
            27.770303
          ],
          [
            85.034915,
            27.770427
          ],
          [
            85.034875,
            27.770636
          ],
          [
            85.034744,
            27.770802
          ],
          [
            85.034526,
            27.770988
          ],
          [
            85.034434,
            27.771127
          ],
          [
            85.034374,
            27.771446
          ],
          [
            85.034063,
            27.772087
          ],
          [
            85.033797,
            27.772542
          ],
          [
            85.03379,
            27.772836
          ],
          [
            85.033853,
            27.77293
          ],
          [
            85.03397,
            27.773005
          ],
          [
            85.034104,
            27.773048
          ],
          [
            85.034227,
            27.773078
          ],
          [
            85.034345,
            27.773224
          ],
          [
            85.034574,
            27.77391
          ],
          [
            85.034657,
            27.774299
          ],
          [
            85.034533,
            27.774744
          ],
          [
            85.034451,
            27.774896
          ],
          [
            85.034167,
            27.774929
          ],
          [
            85.033518,
            27.774828
          ],
          [
            85.032176,
            27.774434
          ],
          [
            85.030698,
            27.77409
          ],
          [
            85.029419,
            27.773871
          ],
          [
            85.028812,
            27.773816
          ],
          [
            85.028226,
            27.773823
          ],
          [
            85.027636,
            27.773896
          ],
          [
            85.027168,
            27.774005
          ],
          [
            85.026716,
            27.774218
          ],
          [
            85.02639,
            27.774484
          ],
          [
            85.026246,
            27.774758
          ],
          [
            85.025431,
            27.776606
          ],
          [
            85.02503,
            27.777434
          ],
          [
            85.024882,
            27.777738
          ],
          [
            85.02483,
            27.778008
          ],
          [
            85.024815,
            27.778402
          ],
          [
            85.024733,
            27.778753
          ],
          [
            85.024616,
            27.779051
          ],
          [
            85.024581,
            27.779456
          ],
          [
            85.024493,
            27.779722
          ],
          [
            85.024289,
            27.780075
          ],
          [
            85.023971,
            27.78049
          ],
          [
            85.023677,
            27.780725
          ],
          [
            85.023213,
            27.78095
          ],
          [
            85.022845,
            27.781061
          ],
          [
            85.022268,
            27.781092
          ],
          [
            85.021021,
            27.781025
          ],
          [
            85.020315,
            27.781081
          ],
          [
            85.019563,
            27.78119
          ],
          [
            85.018627,
            27.781489
          ],
          [
            85.018049,
            27.781652
          ],
          [
            85.017609,
            27.781672
          ],
          [
            85.017086,
            27.781645
          ],
          [
            85.016618,
            27.781493
          ],
          [
            85.016099,
            27.781498
          ],
          [
            85.015747,
            27.781567
          ],
          [
            85.015391,
            27.7817
          ],
          [
            85.015131,
            27.781903
          ],
          [
            85.014928,
            27.782121
          ],
          [
            85.014794,
            27.782434
          ],
          [
            85.014245,
            27.784753
          ],
          [
            85.014076,
            27.785102
          ],
          [
            85.014028,
            27.785312
          ],
          [
            85.013946,
            27.785512
          ],
          [
            85.013877,
            27.785762
          ],
          [
            85.01349,
            27.785932
          ],
          [
            85.0133,
            27.786274
          ],
          [
            85.01252,
            27.787786
          ],
          [
            85.012186,
            27.788243
          ],
          [
            85.012039,
            27.788839
          ],
          [
            85.012153,
            27.789217
          ],
          [
            85.012248,
            27.789571
          ],
          [
            85.012508,
            27.790143
          ],
          [
            85.012744,
            27.790584
          ],
          [
            85.012834,
            27.790752
          ],
          [
            85.012706,
            27.790868
          ],
          [
            85.012644,
            27.79095
          ],
          [
            85.012365,
            27.791017
          ],
          [
            85.011749,
            27.791138
          ],
          [
            85.011223,
            27.791255
          ],
          [
            85.010829,
            27.791477
          ],
          [
            85.010599,
            27.79186
          ],
          [
            85.010041,
            27.792675
          ],
          [
            85.009313,
            27.79346
          ],
          [
            85.008794,
            27.794187
          ],
          [
            85.008634,
            27.794529
          ],
          [
            85.008344,
            27.795414
          ],
          [
            85.007921,
            27.796326
          ],
          [
            85.007495,
            27.797188
          ],
          [
            85.007331,
            27.797519
          ],
          [
            85.006852,
            27.797892
          ],
          [
            85.006144,
            27.798274
          ],
          [
            85.005126,
            27.798541
          ],
          [
            85.004887,
            27.79866
          ],
          [
            85.00442,
            27.798576
          ],
          [
            85.00396,
            27.798531
          ],
          [
            85.003666,
            27.798541
          ],
          [
            85.00291,
            27.798446
          ],
          [
            85.002578,
            27.798578
          ],
          [
            85.002606,
            27.798699
          ],
          [
            85.002551,
            27.798783
          ],
          [
            85.002364,
            27.798781
          ],
          [
            85.002267,
            27.798887
          ],
          [
            85.002009,
            27.799016
          ],
          [
            85.001719,
            27.79907
          ],
          [
            85.001515,
            27.7993
          ],
          [
            85.001362,
            27.799347
          ],
          [
            85.00133,
            27.799431
          ],
          [
            85.001028,
            27.799745
          ],
          [
            85.000853,
            27.799886
          ],
          [
            85.00087,
            27.799977
          ],
          [
            85.000986,
            27.800048
          ],
          [
            85.001028,
            27.800162
          ],
          [
            85.001013,
            27.800366
          ],
          [
            85.000915,
            27.800789
          ],
          [
            85.000974,
            27.801119
          ],
          [
            85.001177,
            27.80135
          ],
          [
            85.001355,
            27.801738
          ],
          [
            85.001451,
            27.801899
          ],
          [
            85.001548,
            27.802125
          ]
        ]
      }
    },
    {
      "type": "Feature",
      "properties": {
        "id": "osm-waterway-44688763",
        "name": "Kali Gandaki",
        "kind": "observed_tributary",
        "waterway": "river",
        "corridorKm": 160.2,
        "classification": "observed",
        "source": "OpenStreetMap",
        "osmType": "way",
        "osmId": 44688763
      },
      "geometry": {
        "type": "LineString",
        "coordinates": [
          [
            84.295526,
            27.829859
          ],
          [
            84.296165,
            27.828723
          ],
          [
            84.296449,
            27.828303
          ],
          [
            84.296714,
            27.827969
          ],
          [
            84.296926,
            27.827731
          ],
          [
            84.297353,
            27.827314
          ],
          [
            84.297878,
            27.826783
          ],
          [
            84.298203,
            27.826403
          ],
          [
            84.298364,
            27.826154
          ],
          [
            84.2986,
            27.825694
          ],
          [
            84.299236,
            27.824636
          ],
          [
            84.299783,
            27.823407
          ],
          [
            84.300233,
            27.822571
          ],
          [
            84.300518,
            27.822162
          ],
          [
            84.300671,
            27.821981
          ],
          [
            84.300837,
            27.821795
          ],
          [
            84.300999,
            27.821655
          ],
          [
            84.301292,
            27.821431
          ],
          [
            84.301553,
            27.821277
          ],
          [
            84.302325,
            27.820859
          ],
          [
            84.30279,
            27.820621
          ],
          [
            84.303401,
            27.820475
          ],
          [
            84.30419,
            27.820304
          ],
          [
            84.304727,
            27.82013
          ],
          [
            84.305002,
            27.820001
          ],
          [
            84.305437,
            27.819676
          ],
          [
            84.305627,
            27.819512
          ],
          [
            84.305753,
            27.819322
          ],
          [
            84.305858,
            27.819078
          ],
          [
            84.305896,
            27.818826
          ],
          [
            84.305941,
            27.81858
          ],
          [
            84.305965,
            27.818165
          ],
          [
            84.305938,
            27.817939
          ],
          [
            84.305877,
            27.817656
          ],
          [
            84.305684,
            27.817264
          ],
          [
            84.305513,
            27.817014
          ],
          [
            84.305295,
            27.816822
          ],
          [
            84.304765,
            27.816479
          ],
          [
            84.303993,
            27.816165
          ],
          [
            84.303204,
            27.815911
          ],
          [
            84.302425,
            27.81565
          ],
          [
            84.301266,
            27.815517
          ],
          [
            84.301035,
            27.815427
          ],
          [
            84.300895,
            27.815329
          ],
          [
            84.300569,
            27.815019
          ],
          [
            84.300433,
            27.814803
          ],
          [
            84.300386,
            27.814454
          ],
          [
            84.300451,
            27.814061
          ],
          [
            84.300558,
            27.813619
          ],
          [
            84.300772,
            27.813292
          ],
          [
            84.301097,
            27.812978
          ],
          [
            84.301427,
            27.812628
          ],
          [
            84.301904,
            27.811854
          ],
          [
            84.302178,
            27.811138
          ],
          [
            84.30235,
            27.810535
          ],
          [
            84.302419,
            27.810108
          ],
          [
            84.302382,
            27.809766
          ],
          [
            84.301942,
            27.809017
          ],
          [
            84.301228,
            27.808291
          ],
          [
            84.300445,
            27.807816
          ],
          [
            84.299963,
            27.807702
          ],
          [
            84.299507,
            27.807707
          ],
          [
            84.299088,
            27.807674
          ],
          [
            84.298734,
            27.807517
          ],
          [
            84.298321,
            27.807247
          ],
          [
            84.297779,
            27.806692
          ],
          [
            84.297581,
            27.80626
          ],
          [
            84.297624,
            27.805923
          ],
          [
            84.297801,
            27.805543
          ],
          [
            84.298235,
            27.804875
          ],
          [
            84.298541,
            27.804381
          ],
          [
            84.298659,
            27.803935
          ],
          [
            84.298637,
            27.803513
          ],
          [
            84.298543,
            27.803236
          ],
          [
            84.298227,
            27.802689
          ],
          [
            84.29816,
            27.802478
          ],
          [
            84.298165,
            27.802218
          ],
          [
            84.298273,
            27.801894
          ],
          [
            84.298503,
            27.801415
          ],
          [
            84.299236,
            27.800274
          ],
          [
            84.299461,
            27.799911
          ],
          [
            84.299598,
            27.799539
          ],
          [
            84.299877,
            27.798089
          ],
          [
            84.299973,
            27.797187
          ],
          [
            84.300019,
            27.796677
          ],
          [
            84.299984,
            27.796392
          ],
          [
            84.299845,
            27.795763
          ],
          [
            84.299501,
            27.79452
          ],
          [
            84.299461,
            27.794183
          ],
          [
            84.299485,
            27.793937
          ],
          [
            84.299566,
            27.793635
          ],
          [
            84.300118,
            27.79229
          ],
          [
            84.300292,
            27.79191
          ],
          [
            84.300443,
            27.791725
          ],
          [
            84.300633,
            27.791573
          ],
          [
            84.30085,
            27.791452
          ],
          [
            84.301282,
            27.791334
          ],
          [
            84.301615,
            27.791198
          ],
          [
            84.301955,
            27.791011
          ],
          [
            84.302712,
            27.790577
          ],
          [
            84.302977,
            27.790498
          ],
          [
            84.303248,
            27.790451
          ],
          [
            84.304533,
            27.790444
          ],
          [
            84.304951,
            27.790373
          ],
          [
            84.305466,
            27.790169
          ],
          [
            84.306427,
            27.789651
          ],
          [
            84.307655,
            27.788873
          ],
          [
            84.308873,
            27.788099
          ],
          [
            84.30957,
            27.787625
          ],
          [
            84.310031,
            27.787345
          ],
          [
            84.310885,
            27.787065
          ],
          [
            84.312252,
            27.786723
          ],
          [
            84.312821,
            27.786381
          ],
          [
            84.313255,
            27.786035
          ],
          [
            84.31369,
            27.78548
          ],
          [
            84.314393,
            27.784236
          ],
          [
            84.315616,
            27.782229
          ],
          [
            84.315947,
            27.781617
          ],
          [
            84.316174,
            27.781078
          ],
          [
            84.316526,
            27.780018
          ],
          [
            84.316743,
            27.779345
          ],
          [
            84.316868,
            27.778797
          ],
          [
            84.317099,
            27.77786
          ],
          [
            84.317349,
            27.777126
          ],
          [
            84.317536,
            27.776619
          ],
          [
            84.318014,
            27.775878
          ],
          [
            84.318393,
            27.775185
          ],
          [
            84.318459,
            27.774815
          ],
          [
            84.318449,
            27.774446
          ],
          [
            84.31837,
            27.774137
          ],
          [
            84.318179,
            27.773426
          ],
          [
            84.317981,
            27.772579
          ],
          [
            84.317843,
            27.772136
          ],
          [
            84.317658,
            27.77178
          ],
          [
            84.317316,
            27.771279
          ],
          [
            84.317036,
            27.770941
          ],
          [
            84.316783,
            27.770574
          ],
          [
            84.316519,
            27.770117
          ],
          [
            84.316121,
            27.769202
          ],
          [
            84.315868,
            27.768521
          ],
          [
            84.315648,
            27.767586
          ],
          [
            84.315598,
            27.767222
          ],
          [
            84.315482,
            27.766417
          ],
          [
            84.315403,
            27.765753
          ],
          [
            84.315314,
            27.765072
          ],
          [
            84.315298,
            27.764486
          ],
          [
            84.315344,
            27.763842
          ],
          [
            84.315532,
            27.763213
          ],
          [
            84.315752,
            27.762732
          ],
          [
            84.315937,
            27.762482
          ],
          [
            84.316529,
            27.76201
          ],
          [
            84.317098,
            27.761629
          ],
          [
            84.31793,
            27.761251
          ],
          [
            84.318599,
            27.760893
          ],
          [
            84.319659,
            27.760487
          ],
          [
            84.320493,
            27.760152
          ],
          [
            84.321154,
            27.759843
          ],
          [
            84.321535,
            27.759587
          ],
          [
            84.321796,
            27.759322
          ],
          [
            84.322128,
            27.75879
          ],
          [
            84.322423,
            27.758111
          ],
          [
            84.32281,
            27.757053
          ],
          [
            84.323078,
            27.756213
          ],
          [
            84.323255,
            27.755372
          ],
          [
            84.323384,
            27.754485
          ],
          [
            84.323808,
            27.752222
          ],
          [
            84.323802,
            27.751698
          ],
          [
            84.324274,
            27.750264
          ],
          [
            84.324773,
            27.749117
          ],
          [
            84.325041,
            27.748745
          ],
          [
            84.325449,
            27.748465
          ],
          [
            84.326194,
            27.748166
          ],
          [
            84.326909,
            27.748008
          ],
          [
            84.327262,
            27.747966
          ],
          [
            84.328136,
            27.748014
          ],
          [
            84.328861,
            27.748123
          ],
          [
            84.330819,
            27.748854
          ],
          [
            84.331972,
            27.749163
          ],
          [
            84.332616,
            27.749225
          ],
          [
            84.333206,
            27.749196
          ],
          [
            84.333699,
            27.749054
          ],
          [
            84.334043,
            27.748921
          ],
          [
            84.334574,
            27.748508
          ],
          [
            84.335673,
            27.747544
          ],
          [
            84.336408,
            27.74687
          ],
          [
            84.337951,
            27.745341
          ],
          [
            84.338575,
            27.744677
          ],
          [
            84.338927,
            27.744392
          ],
          [
            84.339219,
            27.744275
          ],
          [
            84.339604,
            27.744182
          ],
          [
            84.340179,
            27.744131
          ],
          [
            84.340477,
            27.744174
          ],
          [
            84.34083,
            27.744315
          ],
          [
            84.341122,
            27.744525
          ],
          [
            84.341311,
            27.744789
          ],
          [
            84.341426,
            27.744989
          ],
          [
            84.341549,
            27.745386
          ],
          [
            84.341679,
            27.746199
          ],
          [
            84.341742,
            27.74655
          ],
          [
            84.341856,
            27.747515
          ],
          [
            84.341989,
            27.748309
          ],
          [
            84.342206,
            27.749055
          ],
          [
            84.342543,
            27.749844
          ],
          [
            84.342838,
            27.750403
          ],
          [
            84.343036,
            27.750675
          ],
          [
            84.343312,
            27.750853
          ],
          [
            84.343688,
            27.750995
          ],
          [
            84.344262,
            27.751147
          ],
          [
            84.345018,
            27.751161
          ],
          [
            84.345726,
            27.751033
          ],
          [
            84.34642,
            27.750856
          ],
          [
            84.346842,
            27.750643
          ],
          [
            84.347239,
            27.750387
          ],
          [
            84.347914,
            27.749958
          ],
          [
            84.348679,
            27.749545
          ],
          [
            84.349519,
            27.749209
          ],
          [
            84.350217,
            27.749028
          ],
          [
            84.350506,
            27.748975
          ],
          [
            84.350897,
            27.748956
          ],
          [
            84.351599,
            27.748948
          ],
          [
            84.352162,
            27.749039
          ],
          [
            84.352526,
            27.749151
          ],
          [
            84.352697,
            27.74931
          ],
          [
            84.35299,
            27.749756
          ],
          [
            84.353263,
            27.750383
          ],
          [
            84.353558,
            27.750815
          ],
          [
            84.353993,
            27.751185
          ],
          [
            84.354889,
            27.75176
          ],
          [
            84.355546,
            27.752044
          ],
          [
            84.355881,
            27.752177
          ],
          [
            84.356353,
            27.752306
          ],
          [
            84.357614,
            27.752552
          ],
          [
            84.358923,
            27.752761
          ],
          [
            84.360122,
            27.752999
          ],
          [
            84.360559,
            27.753167
          ],
          [
            84.360851,
            27.753409
          ],
          [
            84.361095,
            27.753732
          ],
          [
            84.361283,
            27.754107
          ],
          [
            84.36142,
            27.754544
          ],
          [
            84.361541,
            27.755099
          ],
          [
            84.361651,
            27.75583
          ],
          [
            84.361779,
            27.756782
          ],
          [
            84.361761,
            27.757055
          ],
          [
            84.361672,
            27.75738
          ],
          [
            84.361323,
            27.758648
          ],
          [
            84.361283,
            27.759004
          ],
          [
            84.361297,
            27.75922
          ],
          [
            84.36138,
            27.759557
          ],
          [
            84.361487,
            27.759887
          ],
          [
            84.361683,
            27.7602
          ],
          [
            84.361787,
            27.76032
          ],
          [
            84.361986,
            27.760454
          ],
          [
            84.362646,
            27.760846
          ],
          [
            84.363499,
            27.761382
          ],
          [
            84.363799,
            27.761705
          ],
          [
            84.363912,
            27.762028
          ],
          [
            84.364207,
            27.76339
          ],
          [
            84.364288,
            27.764058
          ],
          [
            84.364271,
            27.764686
          ],
          [
            84.364169,
            27.765669
          ],
          [
            84.364212,
            27.766176
          ],
          [
            84.364298,
            27.766589
          ],
          [
            84.364432,
            27.766945
          ],
          [
            84.364668,
            27.767439
          ],
          [
            84.365221,
            27.768279
          ],
          [
            84.365687,
            27.769048
          ],
          [
            84.366192,
            27.770154
          ],
          [
            84.366422,
            27.771006
          ],
          [
            84.366497,
            27.771431
          ],
          [
            84.366567,
            27.771863
          ],
          [
            84.366717,
            27.772157
          ],
          [
            84.367147,
            27.772926
          ],
          [
            84.367726,
            27.773942
          ],
          [
            84.368364,
            27.775214
          ],
          [
            84.368659,
            27.775598
          ],
          [
            84.36897,
            27.775831
          ],
          [
            84.369558,
            27.776012
          ],
          [
            84.370102,
            27.776087
          ],
          [
            84.370392,
            27.776192
          ],
          [
            84.370762,
            27.776422
          ],
          [
            84.371556,
            27.777098
          ],
          [
            84.372559,
            27.777867
          ],
          [
            84.372951,
            27.778019
          ],
          [
            84.373482,
            27.778142
          ],
          [
            84.374404,
            27.778242
          ],
          [
            84.375263,
            27.778394
          ],
          [
            84.37567,
            27.778493
          ],
          [
            84.376346,
            27.778764
          ],
          [
            84.377371,
            27.77912
          ],
          [
            84.377848,
            27.779215
          ],
          [
            84.37854,
            27.77922
          ],
          [
            84.379522,
            27.779077
          ],
          [
            84.380456,
            27.778835
          ],
          [
            84.381174,
            27.77865
          ],
          [
            84.381925,
            27.778375
          ],
          [
            84.383009,
            27.777658
          ],
          [
            84.38368,
            27.777231
          ],
          [
            84.383885,
            27.777142
          ],
          [
            84.384822,
            27.776913
          ],
          [
            84.3856,
            27.776851
          ],
          [
            84.385874,
            27.776875
          ],
          [
            84.386104,
            27.776961
          ],
          [
            84.386635,
            27.777174
          ],
          [
            84.386898,
            27.777198
          ],
          [
            84.387188,
            27.77715
          ],
          [
            84.387494,
            27.776961
          ],
          [
            84.387915,
            27.776597
          ],
          [
            84.388298,
            27.776263
          ],
          [
            84.388749,
            27.775997
          ],
          [
            84.389205,
            27.775855
          ],
          [
            84.390195,
            27.775615
          ],
          [
            84.391977,
            27.775177
          ],
          [
            84.392606,
            27.774981
          ],
          [
            84.393188,
            27.77468
          ],
          [
            84.394199,
            27.77413
          ],
          [
            84.395224,
            27.773382
          ],
          [
            84.3959,
            27.772776
          ],
          [
            84.396546,
            27.77234
          ],
          [
            84.397075,
            27.772039
          ],
          [
            84.397828,
            27.771616
          ],
          [
            84.398207,
            27.771374
          ],
          [
            84.398496,
            27.771151
          ],
          [
            84.39892,
            27.770745
          ],
          [
            84.399405,
            27.770026
          ],
          [
            84.400234,
            27.768787
          ],
          [
            84.400797,
            27.768028
          ],
          [
            84.401489,
            27.767073
          ],
          [
            84.402246,
            27.765944
          ],
          [
            84.403131,
            27.764458
          ],
          [
            84.404365,
            27.762782
          ],
          [
            84.404676,
            27.762464
          ],
          [
            84.405089,
            27.762203
          ],
          [
            84.406564,
            27.761619
          ],
          [
            84.407675,
            27.761197
          ],
          [
            84.408613,
            27.76086
          ],
          [
            84.40923,
            27.760608
          ],
          [
            84.409863,
            27.760319
          ],
          [
            84.410421,
            27.759982
          ],
          [
            84.411076,
            27.759673
          ],
          [
            84.412232,
            27.759398
          ],
          [
            84.412819,
            27.759317
          ],
          [
            84.413377,
            27.759284
          ],
          [
            84.414825,
            27.759248
          ],
          [
            84.415855,
            27.75921
          ],
          [
            84.416706,
            27.759203
          ],
          [
            84.417353,
            27.759147
          ],
          [
            84.417635,
            27.759092
          ],
          [
            84.417783,
            27.759012
          ],
          [
            84.418519,
            27.758225
          ],
          [
            84.418959,
            27.75753
          ],
          [
            84.419179,
            27.757036
          ],
          [
            84.419487,
            27.756251
          ],
          [
            84.419608,
            27.755845
          ],
          [
            84.419871,
            27.754909
          ],
          [
            84.419991,
            27.754121
          ],
          [
            84.419959,
            27.753761
          ],
          [
            84.419863,
            27.75345
          ],
          [
            84.41971,
            27.753193
          ],
          [
            84.419385,
            27.752935
          ],
          [
            84.418387,
            27.75246
          ],
          [
            84.417894,
            27.752242
          ],
          [
            84.417551,
            27.752042
          ],
          [
            84.417213,
            27.751831
          ],
          [
            84.417084,
            27.751676
          ],
          [
            84.417025,
            27.751487
          ],
          [
            84.417006,
            27.751183
          ],
          [
            84.417137,
            27.750727
          ],
          [
            84.417363,
            27.750165
          ],
          [
            84.417604,
            27.749519
          ],
          [
            84.417862,
            27.749156
          ],
          [
            84.4182,
            27.748833
          ],
          [
            84.418803,
            27.748472
          ],
          [
            84.419476,
            27.748254
          ],
          [
            84.420072,
            27.748175
          ],
          [
            84.42075,
            27.74822
          ],
          [
            84.421467,
            27.748349
          ],
          [
            84.422148,
            27.748458
          ],
          [
            84.422572,
            27.748462
          ],
          [
            84.423041,
            27.748332
          ],
          [
            84.423414,
            27.748083
          ],
          [
            84.423787,
            27.747667
          ],
          [
            84.424012,
            27.74733
          ],
          [
            84.424168,
            27.746979
          ],
          [
            84.424412,
            27.746096
          ],
          [
            84.42443,
            27.745818
          ],
          [
            84.424363,
            27.745628
          ],
          [
            84.424117,
            27.74541
          ],
          [
            84.423596,
            27.745146
          ],
          [
            84.422891,
            27.744847
          ],
          [
            84.421898,
            27.744448
          ],
          [
            84.421574,
            27.744249
          ],
          [
            84.421276,
            27.743907
          ],
          [
            84.421177,
            27.743603
          ],
          [
            84.421169,
            27.743297
          ],
          [
            84.421273,
            27.742822
          ],
          [
            84.42141,
            27.742395
          ],
          [
            84.421758,
            27.741792
          ],
          [
            84.421982,
            27.741265
          ]
        ]
      }
    },
    {
      "type": "Feature",
      "properties": {
        "id": "osm-waterway-168199204",
        "name": "Tadi Khola",
        "kind": "observed_tributary",
        "waterway": "river",
        "corridorKm": 58.2,
        "classification": "observed",
        "source": "OpenStreetMap",
        "osmType": "way",
        "osmId": 168199204
      },
      "geometry": {
        "type": "LineString",
        "coordinates": [
          [
            85.152322,
            27.876651
          ],
          [
            85.150369,
            27.875345
          ],
          [
            85.149729,
            27.874968
          ],
          [
            85.149507,
            27.874895
          ],
          [
            85.149287,
            27.875
          ],
          [
            85.149053,
            27.875294
          ],
          [
            85.148792,
            27.875492
          ],
          [
            85.148356,
            27.875745
          ],
          [
            85.148044,
            27.875825
          ],
          [
            85.14775,
            27.875882
          ],
          [
            85.146795,
            27.87589
          ],
          [
            85.145988,
            27.875797
          ],
          [
            85.145365,
            27.875631
          ],
          [
            85.144913,
            27.875413
          ],
          [
            85.144603,
            27.87524
          ],
          [
            85.144278,
            27.87495
          ],
          [
            85.143563,
            27.874242
          ],
          [
            85.143367,
            27.873828
          ],
          [
            85.143263,
            27.873281
          ],
          [
            85.143279,
            27.87265
          ],
          [
            85.14342,
            27.872044
          ],
          [
            85.143851,
            27.871141
          ],
          [
            85.14401,
            27.870816
          ],
          [
            85.144125,
            27.870715
          ],
          [
            85.144201,
            27.870581
          ],
          [
            85.144193,
            27.870441
          ],
          [
            85.144125,
            27.870303
          ],
          [
            85.143741,
            27.869768
          ],
          [
            85.143492,
            27.869543
          ],
          [
            85.143257,
            27.869157
          ],
          [
            85.143205,
            27.868876
          ],
          [
            85.143263,
            27.868732
          ],
          [
            85.143627,
            27.868237
          ],
          [
            85.144017,
            27.867764
          ],
          [
            85.144286,
            27.867072
          ],
          [
            85.144502,
            27.866537
          ],
          [
            85.144499,
            27.866088
          ],
          [
            85.14423,
            27.865821
          ],
          [
            85.143709,
            27.865624
          ],
          [
            85.142244,
            27.866093
          ],
          [
            85.14159,
            27.866526
          ],
          [
            85.141128,
            27.866624
          ],
          [
            85.140571,
            27.866563
          ],
          [
            85.140144,
            27.866334
          ],
          [
            85.139325,
            27.866114
          ],
          [
            85.1391,
            27.866125
          ],
          [
            85.138959,
            27.865952
          ],
          [
            85.138225,
            27.864569
          ],
          [
            85.138082,
            27.864387
          ],
          [
            85.137829,
            27.864204
          ],
          [
            85.137524,
            27.86412
          ],
          [
            85.136441,
            27.863686
          ],
          [
            85.13523,
            27.863578
          ],
          [
            85.135043,
            27.863463
          ],
          [
            85.134908,
            27.863264
          ],
          [
            85.134777,
            27.86283
          ],
          [
            85.134828,
            27.862289
          ],
          [
            85.134916,
            27.862023
          ],
          [
            85.135292,
            27.861616
          ],
          [
            85.135431,
            27.861368
          ],
          [
            85.135406,
            27.860958
          ],
          [
            85.135253,
            27.860493
          ],
          [
            85.13511,
            27.860233
          ],
          [
            85.134728,
            27.85968
          ],
          [
            85.134496,
            27.859512
          ],
          [
            85.134291,
            27.859363
          ],
          [
            85.133688,
            27.859153
          ],
          [
            85.133092,
            27.85899
          ],
          [
            85.13269,
            27.858956
          ],
          [
            85.132202,
            27.859036
          ],
          [
            85.131086,
            27.859188
          ],
          [
            85.129754,
            27.859305
          ],
          [
            85.128511,
            27.859567
          ],
          [
            85.127753,
            27.859687
          ],
          [
            85.127298,
            27.859571
          ],
          [
            85.126362,
            27.859054
          ],
          [
            85.12604,
            27.858732
          ],
          [
            85.12559,
            27.858352
          ],
          [
            85.125161,
            27.858087
          ],
          [
            85.124741,
            27.85803
          ],
          [
            85.124122,
            27.858241
          ],
          [
            85.123723,
            27.858561
          ],
          [
            85.123434,
            27.858896
          ],
          [
            85.123208,
            27.858921
          ],
          [
            85.122865,
            27.858921
          ],
          [
            85.122457,
            27.858826
          ],
          [
            85.121749,
            27.858466
          ],
          [
            85.121384,
            27.858011
          ],
          [
            85.121191,
            27.857518
          ],
          [
            85.120912,
            27.857081
          ],
          [
            85.120697,
            27.856929
          ],
          [
            85.120385,
            27.856855
          ],
          [
            85.119614,
            27.857154
          ],
          [
            85.119136,
            27.857209
          ],
          [
            85.118294,
            27.857385
          ],
          [
            85.117865,
            27.857498
          ],
          [
            85.117522,
            27.857442
          ],
          [
            85.116921,
            27.857385
          ],
          [
            85.116249,
            27.857483
          ],
          [
            85.115721,
            27.857463
          ],
          [
            85.115212,
            27.857558
          ],
          [
            85.114665,
            27.857573
          ],
          [
            85.114322,
            27.857384
          ],
          [
            85.113997,
            27.857216
          ],
          [
            85.113639,
            27.85714
          ],
          [
            85.113324,
            27.857166
          ],
          [
            85.113095,
            27.857276
          ],
          [
            85.112908,
            27.857574
          ],
          [
            85.112737,
            27.858011
          ],
          [
            85.112288,
            27.858654
          ],
          [
            85.112127,
            27.858753
          ],
          [
            85.11174,
            27.858745
          ],
          [
            85.111127,
            27.858643
          ],
          [
            85.11083,
            27.858696
          ],
          [
            85.110665,
            27.858677
          ],
          [
            85.110514,
            27.858552
          ],
          [
            85.110346,
            27.858367
          ],
          [
            85.110163,
            27.858297
          ],
          [
            85.109878,
            27.858307
          ],
          [
            85.109498,
            27.858452
          ],
          [
            85.109121,
            27.858652
          ],
          [
            85.108902,
            27.858747
          ],
          [
            85.108365,
            27.85891
          ],
          [
            85.10762,
            27.859056
          ],
          [
            85.107219,
            27.859089
          ],
          [
            85.106928,
            27.859096
          ]
        ]
      }
    },
    {
      "type": "Feature",
      "properties": {
        "id": "osm-waterway-192574679",
        "name": "Nyam Nyam Khola",
        "kind": "observed_tributary",
        "waterway": "stream",
        "corridorKm": 30.4,
        "classification": "observed",
        "source": "OpenStreetMap",
        "osmType": "way",
        "osmId": 192574679
      },
      "geometry": {
        "type": "LineString",
        "coordinates": [
          [
            85.123488,
            28.081246
          ],
          [
            85.125075,
            28.082202
          ],
          [
            85.126903,
            28.082113
          ],
          [
            85.129044,
            28.082254
          ],
          [
            85.129391,
            28.082471
          ],
          [
            85.131624,
            28.083838
          ],
          [
            85.131812,
            28.083755
          ],
          [
            85.133317,
            28.083098
          ],
          [
            85.134231,
            28.083046
          ],
          [
            85.135113,
            28.083387
          ],
          [
            85.136052,
            28.083683
          ],
          [
            85.136377,
            28.083883
          ],
          [
            85.136476,
            28.083944
          ],
          [
            85.136685,
            28.084276
          ],
          [
            85.137474,
            28.08477
          ],
          [
            85.138379,
            28.085034
          ],
          [
            85.13893,
            28.085734
          ],
          [
            85.139731,
            28.086144
          ],
          [
            85.14085,
            28.086176
          ],
          [
            85.141568,
            28.085727
          ],
          [
            85.142541,
            28.08598
          ],
          [
            85.144256,
            28.086885
          ],
          [
            85.144606,
            28.08707
          ],
          [
            85.145075,
            28.087199
          ],
          [
            85.146576,
            28.087611
          ],
          [
            85.147293,
            28.088037
          ],
          [
            85.147937,
            28.088672
          ],
          [
            85.148922,
            28.088849
          ],
          [
            85.150093,
            28.089002
          ],
          [
            85.150766,
            28.088628
          ],
          [
            85.151439,
            28.088242
          ],
          [
            85.151651,
            28.08812
          ],
          [
            85.152763,
            28.087636
          ],
          [
            85.153487,
            28.087671
          ],
          [
            85.154439,
            28.087697
          ],
          [
            85.15581,
            28.087362
          ],
          [
            85.156639,
            28.08716
          ],
          [
            85.157335,
            28.087067
          ],
          [
            85.157944,
            28.087317
          ],
          [
            85.158467,
            28.087188
          ],
          [
            85.159322,
            28.086802
          ],
          [
            85.160168,
            28.086649
          ],
          [
            85.161652,
            28.0862
          ],
          [
            85.162774,
            28.08604
          ],
          [
            85.163462,
            28.086205
          ],
          [
            85.163703,
            28.086213
          ],
          [
            85.163971,
            28.086043
          ],
          [
            85.164088,
            28.085844
          ],
          [
            85.164689,
            28.085469
          ],
          [
            85.165632,
            28.084957
          ],
          [
            85.166017,
            28.084748
          ],
          [
            85.166404,
            28.084539
          ],
          [
            85.167015,
            28.084387
          ],
          [
            85.167906,
            28.08416
          ],
          [
            85.168188,
            28.083832
          ],
          [
            85.168629,
            28.083761
          ],
          [
            85.168957,
            28.08397
          ],
          [
            85.170025,
            28.0838
          ],
          [
            85.170393,
            28.083593
          ],
          [
            85.170688,
            28.083553
          ],
          [
            85.171209,
            28.083397
          ],
          [
            85.171779,
            28.083384
          ],
          [
            85.173093,
            28.083817
          ],
          [
            85.173901,
            28.083834
          ],
          [
            85.174385,
            28.083845
          ],
          [
            85.175957,
            28.082666
          ],
          [
            85.177024,
            28.082666
          ],
          [
            85.177851,
            28.083253
          ],
          [
            85.178088,
            28.083422
          ],
          [
            85.178903,
            28.083374
          ],
          [
            85.179611,
            28.083743
          ],
          [
            85.180748,
            28.08398
          ],
          [
            85.182583,
            28.083704
          ],
          [
            85.182648,
            28.083728
          ],
          [
            85.183211,
            28.083929
          ],
          [
            85.183302,
            28.083961
          ],
          [
            85.183785,
            28.083757
          ],
          [
            85.184085,
            28.08363
          ],
          [
            85.184793,
            28.084112
          ],
          [
            85.185208,
            28.084185
          ],
          [
            85.185722,
            28.084275
          ],
          [
            85.185834,
            28.084266
          ],
          [
            85.18639,
            28.084218
          ],
          [
            85.186784,
            28.084184
          ],
          [
            85.186844,
            28.084087
          ],
          [
            85.187294,
            28.083355
          ],
          [
            85.18837,
            28.082771
          ],
          [
            85.190186,
            28.082085
          ],
          [
            85.192527,
            28.081432
          ],
          [
            85.195585,
            28.081591
          ],
          [
            85.197045,
            28.080666
          ],
          [
            85.197425,
            28.080424
          ],
          [
            85.197931,
            28.080276
          ],
          [
            85.198457,
            28.080282
          ],
          [
            85.198687,
            28.08034
          ],
          [
            85.198954,
            28.080153
          ],
          [
            85.199657,
            28.080297
          ],
          [
            85.199895,
            28.080134
          ]
        ]
      }
    },
    {
      "type": "Feature",
      "properties": {
        "id": "osm-waterway-200570381",
        "name": "Budhi Gandaki",
        "kind": "observed_tributary",
        "waterway": "river",
        "corridorKm": 98.6,
        "classification": "observed",
        "source": "OpenStreetMap",
        "osmType": "way",
        "osmId": 200570381
      },
      "geometry": {
        "type": "LineString",
        "coordinates": [
          [
            84.810079,
            28.033612
          ],
          [
            84.811663,
            28.032956
          ],
          [
            84.81208,
            28.032664
          ],
          [
            84.812272,
            28.031754
          ],
          [
            84.813185,
            28.029977
          ],
          [
            84.813363,
            28.0288
          ],
          [
            84.813062,
            28.027103
          ],
          [
            84.812807,
            28.026601
          ],
          [
            84.812493,
            28.026283
          ],
          [
            84.812188,
            28.025975
          ],
          [
            84.812101,
            28.025621
          ],
          [
            84.812194,
            28.024788
          ],
          [
            84.812485,
            28.024182
          ],
          [
            84.813022,
            28.023129
          ],
          [
            84.813176,
            28.021801
          ],
          [
            84.812679,
            28.02079
          ],
          [
            84.811619,
            28.020014
          ],
          [
            84.81022,
            28.019038
          ],
          [
            84.809744,
            28.018067
          ],
          [
            84.809656,
            28.016788
          ],
          [
            84.809887,
            28.0151
          ],
          [
            84.809995,
            28.013762
          ],
          [
            84.810671,
            28.012289
          ],
          [
            84.812792,
            28.010596
          ],
          [
            84.813355,
            28.00952
          ],
          [
            84.813355,
            28.008425
          ],
          [
            84.812097,
            28.004887
          ],
          [
            84.811641,
            28.003267
          ],
          [
            84.811122,
            28.00261
          ],
          [
            84.810559,
            28.002312
          ],
          [
            84.808067,
            28.002065
          ],
          [
            84.804511,
            28.000628
          ],
          [
            84.80188,
            28.000362
          ],
          [
            84.800651,
            28.000572
          ],
          [
            84.799471,
            28.001149
          ],
          [
            84.798849,
            28.001994
          ],
          [
            84.797956,
            28.002318
          ],
          [
            84.797126,
            28.002276
          ],
          [
            84.79676,
            28.002149
          ],
          [
            84.796329,
            28.001389
          ],
          [
            84.7966,
            28.000882
          ],
          [
            84.79735,
            28.000487
          ],
          [
            84.797637,
            27.999375
          ],
          [
            84.797525,
            27.998713
          ],
          [
            84.796835,
            27.998146
          ],
          [
            84.794032,
            27.997939
          ],
          [
            84.79215,
            27.998333
          ],
          [
            84.790556,
            27.998136
          ],
          [
            84.78928,
            27.997432
          ],
          [
            84.788482,
            27.996333
          ],
          [
            84.788131,
            27.995024
          ],
          [
            84.788398,
            27.992042
          ],
          [
            84.788307,
            27.990855
          ],
          [
            84.788275,
            27.989517
          ],
          [
            84.787589,
            27.988841
          ],
          [
            84.786265,
            27.988503
          ],
          [
            84.785519,
            27.987539
          ],
          [
            84.784921,
            27.986309
          ],
          [
            84.784458,
            27.985212
          ],
          [
            84.784324,
            27.984239
          ],
          [
            84.784531,
            27.983744
          ],
          [
            84.783496,
            27.98283
          ],
          [
            84.782326,
            27.982464
          ],
          [
            84.781072,
            27.982206
          ],
          [
            84.779725,
            27.982023
          ],
          [
            84.778806,
            27.981635
          ],
          [
            84.777996,
            27.980942
          ],
          [
            84.777515,
            27.980159
          ],
          [
            84.777528,
            27.979131
          ],
          [
            84.777342,
            27.977943
          ],
          [
            84.777039,
            27.977693
          ],
          [
            84.776478,
            27.977444
          ],
          [
            84.774476,
            27.977193
          ],
          [
            84.774046,
            27.977241
          ],
          [
            84.773025,
            27.977715
          ],
          [
            84.77234,
            27.977718
          ],
          [
            84.771809,
            27.977636
          ],
          [
            84.77151,
            27.977484
          ],
          [
            84.771269,
            27.977085
          ],
          [
            84.771312,
            27.976581
          ],
          [
            84.771543,
            27.975981
          ],
          [
            84.771914,
            27.97562
          ],
          [
            84.772238,
            27.975422
          ],
          [
            84.773312,
            27.975027
          ],
          [
            84.774726,
            27.973905
          ],
          [
            84.775192,
            27.97335
          ],
          [
            84.775326,
            27.972643
          ],
          [
            84.775102,
            27.971753
          ],
          [
            84.77435,
            27.97096
          ],
          [
            84.772954,
            27.970362
          ],
          [
            84.77213,
            27.969587
          ],
          [
            84.769948,
            27.967779
          ],
          [
            84.768561,
            27.967587
          ],
          [
            84.766876,
            27.96759
          ],
          [
            84.764747,
            27.968118
          ],
          [
            84.762959,
            27.96788
          ],
          [
            84.761275,
            27.967273
          ],
          [
            84.760098,
            27.966946
          ],
          [
            84.759375,
            27.966217
          ],
          [
            84.759069,
            27.965712
          ],
          [
            84.758856,
            27.964778
          ],
          [
            84.758572,
            27.964212
          ],
          [
            84.757313,
            27.963192
          ],
          [
            84.756224,
            27.962744
          ],
          [
            84.753479,
            27.961704
          ],
          [
            84.750502,
            27.961294
          ],
          [
            84.748452,
            27.96079
          ],
          [
            84.746393,
            27.960708
          ],
          [
            84.745847,
            27.960496
          ],
          [
            84.745465,
            27.960131
          ],
          [
            84.745355,
            27.959726
          ],
          [
            84.745346,
            27.958895
          ],
          [
            84.746105,
            27.957721
          ],
          [
            84.746511,
            27.956091
          ],
          [
            84.746373,
            27.95507
          ],
          [
            84.746078,
            27.954174
          ],
          [
            84.744817,
            27.95229
          ],
          [
            84.743629,
            27.951064
          ],
          [
            84.742411,
            27.95011
          ],
          [
            84.741655,
            27.949347
          ],
          [
            84.741083,
            27.948495
          ],
          [
            84.740828,
            27.947989
          ],
          [
            84.740792,
            27.94759
          ],
          [
            84.740925,
            27.946289
          ],
          [
            84.740692,
            27.944797
          ],
          [
            84.739704,
            27.941943
          ],
          [
            84.739632,
            27.941273
          ],
          [
            84.739553,
            27.940778
          ],
          [
            84.739376,
            27.937646
          ],
          [
            84.73917,
            27.936722
          ],
          [
            84.738973,
            27.936353
          ],
          [
            84.738507,
            27.935958
          ],
          [
            84.736802,
            27.935059
          ],
          [
            84.734762,
            27.933901
          ],
          [
            84.734239,
            27.933366
          ],
          [
            84.733782,
            27.932683
          ],
          [
            84.733571,
            27.932107
          ],
          [
            84.733566,
            27.931738
          ],
          [
            84.733653,
            27.931458
          ],
          [
            84.734008,
            27.931169
          ],
          [
            84.735713,
            27.930851
          ],
          [
            84.736005,
            27.930605
          ],
          [
            84.736154,
            27.93007
          ],
          [
            84.736217,
            27.929023
          ],
          [
            84.736063,
            27.928484
          ],
          [
            84.735684,
            27.928157
          ],
          [
            84.733811,
            27.927512
          ],
          [
            84.732745,
            27.927198
          ],
          [
            84.732067,
            27.92674
          ],
          [
            84.731848,
            27.926376
          ],
          [
            84.731718,
            27.9259
          ],
          [
            84.732125,
            27.925155
          ],
          [
            84.733317,
            27.92468
          ],
          [
            84.733653,
            27.923796
          ],
          [
            84.733663,
            27.922601
          ],
          [
            84.733427,
            27.920895
          ],
          [
            84.733749,
            27.9197
          ],
          [
            84.734017,
            27.918146
          ],
          [
            84.734854,
            27.916079
          ],
          [
            84.735223,
            27.915115
          ],
          [
            84.734119,
            27.909966
          ],
          [
            84.733171,
            27.907454
          ],
          [
            84.7338,
            27.904136
          ],
          [
            84.736859,
            27.899223
          ],
          [
            84.737264,
            27.89696
          ],
          [
            84.735909,
            27.893679
          ],
          [
            84.735927,
            27.89181
          ],
          [
            84.737535,
            27.890505
          ],
          [
            84.740545,
            27.889942
          ],
          [
            84.741954,
            27.889851
          ],
          [
            84.742408,
            27.889518
          ],
          [
            84.742753,
            27.889049
          ],
          [
            84.743425,
            27.888195
          ],
          [
            84.744965,
            27.887856
          ],
          [
            84.749385,
            27.886062
          ],
          [
            84.749365,
            27.885488
          ],
          [
            84.749006,
            27.88449
          ],
          [
            84.745638,
            27.881097
          ],
          [
            84.745654,
            27.880793
          ],
          [
            84.745696,
            27.879966
          ],
          [
            84.749807,
            27.876946
          ],
          [
            84.751485,
            27.876202
          ],
          [
            84.752589,
            27.874814
          ],
          [
            84.753323,
            27.873424
          ],
          [
            84.753637,
            27.87238
          ],
          [
            84.754914,
            27.87014
          ],
          [
            84.755162,
            27.869356
          ],
          [
            84.755174,
            27.868858
          ],
          [
            84.754609,
            27.867543
          ],
          [
            84.754485,
            27.866609
          ],
          [
            84.75461,
            27.865619
          ],
          [
            84.75496,
            27.864649
          ],
          [
            84.755418,
            27.862995
          ],
          [
            84.755813,
            27.862076
          ],
          [
            84.757305,
            27.86024
          ],
          [
            84.758012,
            27.859697
          ],
          [
            84.758784,
            27.859348
          ],
          [
            84.759792,
            27.859196
          ],
          [
            84.760706,
            27.859314
          ],
          [
            84.761699,
            27.859629
          ],
          [
            84.76245,
            27.859963
          ],
          [
            84.763612,
            27.860097
          ],
          [
            84.764559,
            27.859928
          ],
          [
            84.765165,
            27.859482
          ],
          [
            84.765546,
            27.858825
          ],
          [
            84.765709,
            27.858328
          ],
          [
            84.765647,
            27.857253
          ],
          [
            84.765614,
            27.856686
          ],
          [
            84.765566,
            27.855624
          ],
          [
            84.765261,
            27.854639
          ],
          [
            84.765232,
            27.854049
          ],
          [
            84.76548,
            27.853653
          ],
          [
            84.765918,
            27.853207
          ],
          [
            84.767319,
            27.85249
          ],
          [
            84.768043,
            27.851991
          ],
          [
            84.768224,
            27.85164
          ],
          [
            84.768205,
            27.851185
          ],
          [
            84.767871,
            27.849517
          ],
          [
            84.76789,
            27.848253
          ],
          [
            84.768117,
            27.84712
          ],
          [
            84.768134,
            27.846433
          ],
          [
            84.767824,
            27.845507
          ],
          [
            84.7673,
            27.844445
          ],
          [
            84.767299,
            27.844085
          ],
          [
            84.767795,
            27.843485
          ],
          [
            84.768452,
            27.843147
          ],
          [
            84.769568,
            27.843051
          ],
          [
            84.770306,
            27.842598
          ],
          [
            84.770589,
            27.842177
          ],
          [
            84.770734,
            27.841374
          ],
          [
            84.770524,
            27.83969
          ],
          [
            84.770675,
            27.838993
          ],
          [
            84.771271,
            27.838468
          ],
          [
            84.772848,
            27.838058
          ],
          [
            84.773758,
            27.83756
          ],
          [
            84.775265,
            27.836574
          ],
          [
            84.775827,
            27.836003
          ],
          [
            84.776059,
            27.835083
          ],
          [
            84.775877,
            27.834504
          ],
          [
            84.774981,
            27.832852
          ],
          [
            84.773721,
            27.830906
          ],
          [
            84.773383,
            27.830062
          ],
          [
            84.773243,
            27.829088
          ],
          [
            84.773377,
            27.828079
          ],
          [
            84.77357,
            27.826944
          ],
          [
            84.773864,
            27.824889
          ],
          [
            84.774185,
            27.823769
          ],
          [
            84.774743,
            27.822775
          ],
          [
            84.776596,
            27.819673
          ],
          [
            84.777256,
            27.818871
          ],
          [
            84.777954,
            27.818345
          ],
          [
            84.778404,
            27.818145
          ],
          [
            84.778882,
            27.817994
          ],
          [
            84.779268,
            27.817837
          ],
          [
            84.780046,
            27.817306
          ],
          [
            84.781537,
            27.816195
          ],
          [
            84.782433,
            27.815171
          ],
          [
            84.78278,
            27.814322
          ],
          [
            84.782948,
            27.813913
          ]
        ]
      }
    },
    {
      "type": "Feature",
      "properties": {
        "id": "osm-waterway-237590781",
        "name": "Samari Khola",
        "kind": "observed_tributary",
        "waterway": "stream",
        "corridorKm": 50.5,
        "classification": "observed",
        "source": "OpenStreetMap",
        "osmType": "way",
        "osmId": 237590781
      },
      "geometry": {
        "type": "LineString",
        "coordinates": [
          [
            85.064478,
            27.945933
          ],
          [
            85.064513,
            27.945894
          ],
          [
            85.064601,
            27.945842
          ],
          [
            85.064759,
            27.94572
          ],
          [
            85.065069,
            27.945531
          ],
          [
            85.065243,
            27.945488
          ],
          [
            85.06548,
            27.945445
          ],
          [
            85.065648,
            27.945463
          ],
          [
            85.065787,
            27.945445
          ],
          [
            85.065975,
            27.945297
          ],
          [
            85.066247,
            27.94518
          ],
          [
            85.066484,
            27.945014
          ],
          [
            85.066805,
            27.94486
          ],
          [
            85.067125,
            27.944725
          ],
          [
            85.067273,
            27.944669
          ],
          [
            85.067462,
            27.944588
          ],
          [
            85.067604,
            27.944529
          ],
          [
            85.06778,
            27.944478
          ],
          [
            85.067942,
            27.94446
          ],
          [
            85.06806,
            27.944442
          ],
          [
            85.06833,
            27.94443
          ],
          [
            85.068458,
            27.944448
          ],
          [
            85.06866,
            27.944406
          ],
          [
            85.068812,
            27.944296
          ],
          [
            85.068951,
            27.944251
          ],
          [
            85.069157,
            27.944162
          ],
          [
            85.069248,
            27.944108
          ],
          [
            85.069548,
            27.944031
          ],
          [
            85.069697,
            27.944034
          ],
          [
            85.070024,
            27.943971
          ],
          [
            85.070176,
            27.943903
          ],
          [
            85.070392,
            27.943885
          ],
          [
            85.070544,
            27.943926
          ],
          [
            85.070729,
            27.943992
          ],
          [
            85.070912,
            27.944049
          ],
          [
            85.071239,
            27.944099
          ],
          [
            85.07155,
            27.944177
          ],
          [
            85.071708,
            27.944233
          ],
          [
            85.0718,
            27.944252
          ],
          [
            85.071914,
            27.944275
          ],
          [
            85.072066,
            27.944305
          ],
          [
            85.072198,
            27.944284
          ],
          [
            85.072268,
            27.944198
          ],
          [
            85.07258,
            27.944053
          ],
          [
            85.072791,
            27.944031
          ],
          [
            85.073081,
            27.943989
          ],
          [
            85.073236,
            27.943947
          ],
          [
            85.073425,
            27.943846
          ],
          [
            85.07352,
            27.943673
          ],
          [
            85.073587,
            27.943512
          ],
          [
            85.073628,
            27.943375
          ],
          [
            85.073662,
            27.943225
          ],
          [
            85.073756,
            27.943118
          ],
          [
            85.073905,
            27.942975
          ],
          [
            85.074148,
            27.942838
          ],
          [
            85.074235,
            27.942766
          ],
          [
            85.074492,
            27.942653
          ],
          [
            85.075079,
            27.942373
          ],
          [
            85.075579,
            27.942319
          ],
          [
            85.075822,
            27.942301
          ],
          [
            85.076065,
            27.942337
          ],
          [
            85.076389,
            27.942408
          ],
          [
            85.076578,
            27.94245
          ],
          [
            85.07674,
            27.942558
          ],
          [
            85.076888,
            27.942641
          ],
          [
            85.077064,
            27.942719
          ],
          [
            85.077266,
            27.942707
          ],
          [
            85.077388,
            27.942677
          ],
          [
            85.077462,
            27.942563
          ],
          [
            85.077617,
            27.942361
          ],
          [
            85.077779,
            27.942248
          ],
          [
            85.077894,
            27.94211
          ],
          [
            85.077928,
            27.941961
          ],
          [
            85.077961,
            27.941842
          ],
          [
            85.07811,
            27.941669
          ],
          [
            85.078218,
            27.94152
          ],
          [
            85.078366,
            27.941353
          ],
          [
            85.078522,
            27.941186
          ],
          [
            85.078798,
            27.940953
          ],
          [
            85.079062,
            27.940769
          ],
          [
            85.079291,
            27.940745
          ],
          [
            85.079473,
            27.940757
          ],
          [
            85.07971,
            27.940745
          ],
          [
            85.080405,
            27.940488
          ],
          [
            85.080844,
            27.940459
          ],
          [
            85.081073,
            27.940453
          ],
          [
            85.081316,
            27.940453
          ],
          [
            85.081593,
            27.940453
          ],
          [
            85.081822,
            27.940387
          ],
          [
            85.082146,
            27.940303
          ],
          [
            85.082477,
            27.940184
          ],
          [
            85.082788,
            27.940101
          ],
          [
            85.083132,
            27.940196
          ],
          [
            85.083463,
            27.94028
          ],
          [
            85.083658,
            27.940292
          ],
          [
            85.0838,
            27.940256
          ],
          [
            85.083888,
            27.940208
          ],
          [
            85.083935,
            27.940131
          ],
          [
            85.084084,
            27.940083
          ],
          [
            85.084313,
            27.940059
          ],
          [
            85.084502,
            27.940029
          ],
          [
            85.08488,
            27.939934
          ],
          [
            85.085278,
            27.939892
          ],
          [
            85.085555,
            27.939862
          ],
          [
            85.085913,
            27.939844
          ],
          [
            85.087168,
            27.939856
          ],
          [
            85.087465,
            27.939862
          ],
          [
            85.087722,
            27.940005
          ],
          [
            85.087803,
            27.940101
          ],
          [
            85.087958,
            27.940226
          ],
          [
            85.088181,
            27.940238
          ],
          [
            85.088282,
            27.940232
          ],
          [
            85.08839,
            27.94019
          ],
          [
            85.088552,
            27.940119
          ],
          [
            85.088802,
            27.940053
          ],
          [
            85.088896,
            27.940119
          ],
          [
            85.08895,
            27.940226
          ],
          [
            85.088964,
            27.940363
          ],
          [
            85.089085,
            27.940494
          ],
          [
            85.089558,
            27.940787
          ],
          [
            85.08972,
            27.940942
          ],
          [
            85.09001,
            27.941085
          ],
          [
            85.0903,
            27.941174
          ],
          [
            85.090591,
            27.941216
          ],
          [
            85.090894,
            27.941204
          ],
          [
            85.091117,
            27.941204
          ],
          [
            85.091293,
            27.941287
          ],
          [
            85.091367,
            27.941443
          ],
          [
            85.091468,
            27.94155
          ],
          [
            85.091752,
            27.941705
          ],
          [
            85.092157,
            27.941806
          ],
          [
            85.092371,
            27.941741
          ],
          [
            85.092587,
            27.941747
          ],
          [
            85.092735,
            27.941739
          ],
          [
            85.092956,
            27.941635
          ],
          [
            85.09325,
            27.941711
          ],
          [
            85.093419,
            27.941723
          ],
          [
            85.093426,
            27.94179
          ],
          [
            85.093537,
            27.9418
          ],
          [
            85.093642,
            27.941842
          ],
          [
            85.093644,
            27.941843
          ],
          [
            85.093783,
            27.941914
          ],
          [
            85.093918,
            27.941896
          ],
          [
            85.094107,
            27.941908
          ],
          [
            85.094222,
            27.941943
          ],
          [
            85.094364,
            27.941943
          ],
          [
            85.094506,
            27.941866
          ],
          [
            85.095133,
            27.941675
          ],
          [
            85.095417,
            27.941621
          ],
          [
            85.095673,
            27.941639
          ],
          [
            85.095937,
            27.941645
          ],
          [
            85.096139,
            27.94158
          ],
          [
            85.096213,
            27.941443
          ],
          [
            85.096212,
            27.941252
          ],
          [
            85.096288,
            27.940923
          ],
          [
            85.096803,
            27.94078
          ],
          [
            85.096985,
            27.940721
          ],
          [
            85.097243,
            27.940653
          ],
          [
            85.097634,
            27.940586
          ],
          [
            85.097892,
            27.94062
          ],
          [
            85.098178,
            27.940653
          ],
          [
            85.098579,
            27.940805
          ],
          [
            85.098799,
            27.940822
          ],
          [
            85.098999,
            27.940898
          ],
          [
            85.09918,
            27.940982
          ],
          [
            85.099448,
            27.940982
          ],
          [
            85.099973,
            27.940881
          ],
          [
            85.100269,
            27.940864
          ],
          [
            85.100507,
            27.940856
          ],
          [
            85.100756,
            27.940856
          ],
          [
            85.100927,
            27.940772
          ],
          [
            85.101178,
            27.940587
          ],
          [
            85.101363,
            27.940482
          ],
          [
            85.101563,
            27.940324
          ],
          [
            85.101919,
            27.94007
          ],
          [
            85.102168,
            27.939692
          ],
          [
            85.102233,
            27.939473
          ],
          [
            85.102225,
            27.939281
          ],
          [
            85.102166,
            27.939137
          ],
          [
            85.102122,
            27.93902
          ],
          [
            85.102025,
            27.938764
          ],
          [
            85.102025,
            27.938284
          ],
          [
            85.102035,
            27.937946
          ],
          [
            85.10212,
            27.937626
          ],
          [
            85.102254,
            27.937322
          ],
          [
            85.102436,
            27.937154
          ],
          [
            85.102665,
            27.936993
          ],
          [
            85.103209,
            27.936858
          ],
          [
            85.10382,
            27.936875
          ],
          [
            85.104755,
            27.93712
          ],
          [
            85.105194,
            27.937044
          ],
          [
            85.105318,
            27.936968
          ],
          [
            85.105528,
            27.936909
          ],
          [
            85.105757,
            27.936884
          ],
          [
            85.106187,
            27.936799
          ],
          [
            85.106445,
            27.936648
          ],
          [
            85.106512,
            27.936395
          ],
          [
            85.106617,
            27.936192
          ],
          [
            85.106779,
            27.936049
          ],
          [
            85.10696,
            27.935872
          ],
          [
            85.10718,
            27.935728
          ],
          [
            85.107485,
            27.93561
          ],
          [
            85.107848,
            27.935661
          ],
          [
            85.10823,
            27.935737
          ],
          [
            85.108507,
            27.935855
          ],
          [
            85.108854,
            27.935916
          ],
          [
            85.109437,
            27.93583
          ],
          [
            85.110956,
            27.935682
          ],
          [
            85.111266,
            27.935728
          ],
          [
            85.111827,
            27.935677
          ],
          [
            85.112084,
            27.935605
          ],
          [
            85.11237,
            27.935599
          ],
          [
            85.113504,
            27.935408
          ],
          [
            85.114048,
            27.935331
          ],
          [
            85.11448,
            27.935114
          ],
          [
            85.114784,
            27.934861
          ],
          [
            85.115427,
            27.934799
          ],
          [
            85.116737,
            27.934621
          ],
          [
            85.117233,
            27.934525
          ],
          [
            85.117519,
            27.934376
          ],
          [
            85.117589,
            27.934107
          ],
          [
            85.117706,
            27.933772
          ],
          [
            85.11794,
            27.933415
          ],
          [
            85.118284,
            27.932703
          ],
          [
            85.118431,
            27.932388
          ],
          [
            85.11884,
            27.932037
          ],
          [
            85.119295,
            27.931784
          ],
          [
            85.120312,
            27.931474
          ],
          [
            85.120967,
            27.93135
          ],
          [
            85.121563,
            27.931071
          ],
          [
            85.121837,
            27.930798
          ],
          [
            85.122065,
            27.93069
          ],
          [
            85.122229,
            27.930612
          ],
          [
            85.122591,
            27.930235
          ],
          [
            85.122959,
            27.930111
          ],
          [
            85.123655,
            27.930023
          ],
          [
            85.12421,
            27.930152
          ],
          [
            85.124666,
            27.930374
          ],
          [
            85.124903,
            27.93047
          ],
          [
            85.125052,
            27.930529
          ],
          [
            85.125712,
            27.930436
          ],
          [
            85.126711,
            27.930498
          ],
          [
            85.127307,
            27.930514
          ],
          [
            85.128044,
            27.930214
          ],
          [
            85.128825,
            27.930068
          ],
          [
            85.129497,
            27.929902
          ],
          [
            85.129738,
            27.929847
          ],
          [
            85.130315,
            27.929714
          ],
          [
            85.130753,
            27.929687
          ],
          [
            85.13106,
            27.929668
          ],
          [
            85.131647,
            27.929717
          ],
          [
            85.132165,
            27.929753
          ],
          [
            85.132413,
            27.929673
          ],
          [
            85.132732,
            27.929474
          ],
          [
            85.133202,
            27.929283
          ],
          [
            85.133477,
            27.929244
          ],
          [
            85.133772,
            27.929188
          ],
          [
            85.133833,
            27.929177
          ],
          [
            85.133973,
            27.92896
          ],
          [
            85.133912,
            27.928674
          ],
          [
            85.133748,
            27.928204
          ],
          [
            85.133646,
            27.927762
          ],
          [
            85.133754,
            27.927569
          ],
          [
            85.133897,
            27.926879
          ],
          [
            85.134122,
            27.925854
          ],
          [
            85.134494,
            27.925446
          ],
          [
            85.13497,
            27.924995
          ],
          [
            85.13518,
            27.924636
          ],
          [
            85.135189,
            27.924249
          ],
          [
            85.135122,
            27.923655
          ],
          [
            85.135236,
            27.923474
          ],
          [
            85.135373,
            27.923154
          ],
          [
            85.135411,
            27.9228
          ],
          [
            85.135285,
            27.922542
          ],
          [
            85.135268,
            27.922328
          ],
          [
            85.135283,
            27.922125
          ],
          [
            85.135334,
            27.921989
          ],
          [
            85.135423,
            27.921876
          ],
          [
            85.135588,
            27.921741
          ],
          [
            85.135689,
            27.921577
          ],
          [
            85.136042,
            27.921063
          ],
          [
            85.136308,
            27.920593
          ],
          [
            85.136536,
            27.920229
          ],
          [
            85.13667,
            27.919898
          ],
          [
            85.136884,
            27.91955
          ],
          [
            85.137059,
            27.919204
          ],
          [
            85.137152,
            27.919038
          ],
          [
            85.137302,
            27.919007
          ],
          [
            85.137661,
            27.918989
          ],
          [
            85.137947,
            27.918775
          ],
          [
            85.138064,
            27.918814
          ],
          [
            85.138286,
            27.9187
          ],
          [
            85.138304,
            27.918483
          ],
          [
            85.138292,
            27.918212
          ],
          [
            85.138274,
            27.918008
          ],
          [
            85.138304,
            27.917598
          ],
          [
            85.13842,
            27.91718
          ],
          [
            85.138642,
            27.91698
          ],
          [
            85.138758,
            27.916877
          ]
        ]
      }
    },
    {
      "type": "Feature",
      "properties": {
        "id": "osm-waterway-246173488",
        "name": "Trisuli Khola",
        "kind": "observed_tributary",
        "waterway": "stream",
        "corridorKm": 19,
        "classification": "observed",
        "source": "OpenStreetMap",
        "osmType": "way",
        "osmId": 246173488
      },
      "geometry": {
        "type": "LineString",
        "coordinates": [
          [
            85.319669,
            28.097681
          ],
          [
            85.318601,
            28.098137
          ],
          [
            85.317883,
            28.098182
          ],
          [
            85.317294,
            28.098709
          ],
          [
            85.317225,
            28.099084
          ],
          [
            85.31703,
            28.099359
          ],
          [
            85.316647,
            28.09955
          ],
          [
            85.315873,
            28.100079
          ],
          [
            85.315489,
            28.100037
          ],
          [
            85.315031,
            28.10015
          ],
          [
            85.314319,
            28.100592
          ],
          [
            85.314023,
            28.101084
          ],
          [
            85.314183,
            28.101683
          ],
          [
            85.314424,
            28.102566
          ],
          [
            85.314109,
            28.102917
          ],
          [
            85.313763,
            28.103768
          ],
          [
            85.313478,
            28.103879
          ],
          [
            85.313313,
            28.104526
          ],
          [
            85.31297,
            28.105189
          ],
          [
            85.312609,
            28.105447
          ],
          [
            85.312171,
            28.10576
          ],
          [
            85.312027,
            28.107315
          ],
          [
            85.311744,
            28.107801
          ],
          [
            85.311688,
            28.10808
          ],
          [
            85.3115,
            28.108974
          ],
          [
            85.311362,
            28.109831
          ],
          [
            85.311019,
            28.110025
          ],
          [
            85.310659,
            28.110572
          ],
          [
            85.310437,
            28.110786
          ],
          [
            85.310308,
            28.110911
          ],
          [
            85.309867,
            28.111492
          ],
          [
            85.309539,
            28.111713
          ],
          [
            85.309297,
            28.111877
          ],
          [
            85.309239,
            28.111963
          ],
          [
            85.308782,
            28.11242
          ],
          [
            85.308646,
            28.112764
          ],
          [
            85.308384,
            28.113126
          ],
          [
            85.30814,
            28.113394
          ],
          [
            85.307599,
            28.113721
          ],
          [
            85.307336,
            28.113888
          ],
          [
            85.307131,
            28.114177
          ],
          [
            85.306601,
            28.114322
          ],
          [
            85.305783,
            28.114943
          ],
          [
            85.305569,
            28.115226
          ],
          [
            85.305478,
            28.115423
          ],
          [
            85.3058,
            28.115723
          ],
          [
            85.306023,
            28.116045
          ],
          [
            85.306343,
            28.116273
          ],
          [
            85.306538,
            28.116647
          ],
          [
            85.306461,
            28.116969
          ],
          [
            85.30515,
            28.117996
          ],
          [
            85.304787,
            28.118582
          ],
          [
            85.304046,
            28.119093
          ],
          [
            85.303113,
            28.119845
          ],
          [
            85.3029,
            28.120582
          ],
          [
            85.30311,
            28.121361
          ],
          [
            85.303119,
            28.121468
          ],
          [
            85.302755,
            28.121652
          ],
          [
            85.301986,
            28.122199
          ],
          [
            85.30039,
            28.124457
          ],
          [
            85.300232,
            28.12556
          ],
          [
            85.299926,
            28.12664
          ],
          [
            85.299615,
            28.12679
          ],
          [
            85.298806,
            28.127023
          ],
          [
            85.298127,
            28.127502
          ]
        ]
      }
    },
    {
      "type": "Feature",
      "properties": {
        "id": "osm-waterway-248646101",
        "name": "Ghatte Khola",
        "kind": "observed_tributary",
        "waterway": "stream",
        "corridorKm": 1.1,
        "classification": "observed",
        "source": "OpenStreetMap",
        "osmType": "way",
        "osmId": 248646101
      },
      "geometry": {
        "type": "LineString",
        "coordinates": [
          [
            85.407578,
            28.25213
          ],
          [
            85.40746,
            28.25213
          ],
          [
            85.407033,
            28.252402
          ],
          [
            85.406823,
            28.252605
          ],
          [
            85.40652,
            28.252738
          ],
          [
            85.406317,
            28.252917
          ],
          [
            85.406356,
            28.253155
          ],
          [
            85.406461,
            28.253325
          ],
          [
            85.406527,
            28.253592
          ],
          [
            85.406553,
            28.253829
          ],
          [
            85.406547,
            28.25409
          ],
          [
            85.406468,
            28.254246
          ],
          [
            85.406494,
            28.254651
          ],
          [
            85.406211,
            28.254917
          ],
          [
            85.405916,
            28.255143
          ],
          [
            85.405672,
            28.255351
          ],
          [
            85.405357,
            28.255514
          ],
          [
            85.405101,
            28.255577
          ],
          [
            85.404759,
            28.255676
          ],
          [
            85.404542,
            28.255803
          ],
          [
            85.404483,
            28.255902
          ],
          [
            85.404319,
            28.256046
          ],
          [
            85.404135,
            28.256324
          ],
          [
            85.403852,
            28.256399
          ],
          [
            85.403556,
            28.256353
          ],
          [
            85.403306,
            28.256307
          ],
          [
            85.403017,
            28.256174
          ],
          [
            85.402597,
            28.256052
          ],
          [
            85.402308,
            28.256035
          ],
          [
            85.401999,
            28.255988
          ],
          [
            85.401729,
            28.256098
          ],
          [
            85.401486,
            28.256237
          ],
          [
            85.401269,
            28.256411
          ],
          [
            85.401033,
            28.256532
          ],
          [
            85.40079,
            28.256596
          ],
          [
            85.400612,
            28.256695
          ],
          [
            85.400389,
            28.2569
          ],
          [
            85.400237,
            28.257004
          ],
          [
            85.400001,
            28.257079
          ],
          [
            85.399784,
            28.257155
          ],
          [
            85.39962,
            28.257149
          ],
          [
            85.399403,
            28.257166
          ],
          [
            85.399396,
            28.257352
          ],
          [
            85.399238,
            28.257496
          ],
          [
            85.398805,
            28.257786
          ],
          [
            85.398568,
            28.257994
          ],
          [
            85.398371,
            28.258255
          ],
          [
            85.398095,
            28.258272
          ],
          [
            85.39799,
            28.258376
          ],
          [
            85.397931,
            28.258556
          ],
          [
            85.397793,
            28.258608
          ],
          [
            85.397688,
            28.258643
          ],
          [
            85.397635,
            28.25877
          ],
          [
            85.397635,
            28.258961
          ],
          [
            85.397668,
            28.259068
          ],
          [
            85.397727,
            28.259126
          ],
          [
            85.397753,
            28.259317
          ],
          [
            85.397582,
            28.259525
          ],
          [
            85.397379,
            28.25967
          ],
          [
            85.397103,
            28.25978
          ],
          [
            85.396991,
            28.259896
          ],
          [
            85.396873,
            28.260075
          ],
          [
            85.396767,
            28.260243
          ],
          [
            85.396708,
            28.260324
          ],
          [
            85.396577,
            28.260521
          ],
          [
            85.396511,
            28.260625
          ],
          [
            85.396255,
            28.260735
          ],
          [
            85.39609,
            28.260764
          ],
          [
            85.395801,
            28.260683
          ],
          [
            85.395617,
            28.260596
          ],
          [
            85.395466,
            28.260475
          ],
          [
            85.395302,
            28.260492
          ],
          [
            85.395171,
            28.260677
          ],
          [
            85.395098,
            28.260851
          ],
          [
            85.39498,
            28.26103
          ],
          [
            85.394855,
            28.261088
          ],
          [
            85.394671,
            28.261048
          ],
          [
            85.394546,
            28.261132
          ],
          [
            85.394461,
            28.261224
          ],
          [
            85.39425,
            28.261421
          ],
          [
            85.394099,
            28.261479
          ],
          [
            85.39385,
            28.261444
          ],
          [
            85.393646,
            28.26145
          ],
          [
            85.393495,
            28.261456
          ],
          [
            85.393304,
            28.261514
          ],
          [
            85.393054,
            28.261618
          ],
          [
            85.392936,
            28.261693
          ],
          [
            85.392857,
            28.261803
          ],
          [
            85.392749,
            28.261909
          ],
          [
            85.39269,
            28.261974
          ],
          [
            85.392582,
            28.262013
          ],
          [
            85.392456,
            28.262145
          ],
          [
            85.392292,
            28.262185
          ],
          [
            85.392167,
            28.262231
          ],
          [
            85.392042,
            28.262272
          ],
          [
            85.391983,
            28.262312
          ],
          [
            85.391885,
            28.262382
          ],
          [
            85.39176,
            28.262405
          ],
          [
            85.391622,
            28.262399
          ],
          [
            85.391464,
            28.262521
          ],
          [
            85.391424,
            28.262567
          ],
          [
            85.391254,
            28.262637
          ],
          [
            85.391129,
            28.26266
          ],
          [
            85.390984,
            28.262584
          ],
          [
            85.390886,
            28.262561
          ],
          [
            85.390655,
            28.262538
          ],
          [
            85.390465,
            28.262584
          ],
          [
            85.390242,
            28.262619
          ],
          [
            85.39013,
            28.262532
          ],
          [
            85.389893,
            28.262469
          ],
          [
            85.389722,
            28.262382
          ],
          [
            85.389617,
            28.262434
          ],
          [
            85.389473,
            28.262446
          ],
          [
            85.389183,
            28.262394
          ],
          [
            85.389032,
            28.262417
          ],
          [
            85.388717,
            28.262486
          ],
          [
            85.388493,
            28.262527
          ],
          [
            85.388342,
            28.262567
          ],
          [
            85.388237,
            28.26259
          ],
          [
            85.388086,
            28.262712
          ],
          [
            85.387921,
            28.262696
          ],
          [
            85.387184,
            28.262419
          ],
          [
            85.385577,
            28.263138
          ],
          [
            85.38512,
            28.26336
          ],
          [
            85.384871,
            28.263514
          ],
          [
            85.384629,
            28.26384
          ],
          [
            85.384362,
            28.263979
          ],
          [
            85.384232,
            28.2641
          ],
          [
            85.384089,
            28.264281
          ],
          [
            85.383934,
            28.264459
          ],
          [
            85.383642,
            28.264501
          ],
          [
            85.383519,
            28.264629
          ],
          [
            85.383057,
            28.264681
          ],
          [
            85.382819,
            28.264875
          ],
          [
            85.382466,
            28.265075
          ],
          [
            85.382151,
            28.265115
          ],
          [
            85.381735,
            28.26534
          ],
          [
            85.381343,
            28.26551
          ],
          [
            85.381102,
            28.265534
          ],
          [
            85.381015,
            28.265641
          ],
          [
            85.380724,
            28.26569
          ],
          [
            85.380496,
            28.265867
          ],
          [
            85.380152,
            28.265857
          ],
          [
            85.379626,
            28.265946
          ],
          [
            85.379212,
            28.265527
          ],
          [
            85.378863,
            28.265196
          ],
          [
            85.378563,
            28.265078
          ],
          [
            85.378326,
            28.265069
          ],
          [
            85.378099,
            28.265104
          ],
          [
            85.377903,
            28.265368
          ],
          [
            85.377589,
            28.26535
          ],
          [
            85.377265,
            28.265418
          ],
          [
            85.376643,
            28.265833
          ],
          [
            85.375963,
            28.266212
          ],
          [
            85.375578,
            28.266605
          ]
        ]
      }
    },
    {
      "type": "Feature",
      "properties": {
        "id": "osm-waterway-298744777",
        "name": "Salankhu Khola",
        "kind": "observed_tributary",
        "waterway": "river",
        "corridorKm": 41.2,
        "classification": "observed",
        "source": "OpenStreetMap",
        "osmType": "way",
        "osmId": 298744777
      },
      "geometry": {
        "type": "LineString",
        "coordinates": [
          [
            85.097211,
            28.027834
          ],
          [
            85.097202,
            28.027574
          ],
          [
            85.097296,
            28.025853
          ],
          [
            85.097307,
            28.025628
          ],
          [
            85.096974,
            28.024193
          ],
          [
            85.096916,
            28.023545
          ],
          [
            85.096844,
            28.022696
          ],
          [
            85.097205,
            28.022258
          ],
          [
            85.097303,
            28.021728
          ],
          [
            85.097007,
            28.021255
          ],
          [
            85.096133,
            28.020565
          ],
          [
            85.095659,
            28.019973
          ],
          [
            85.09477,
            28.019725
          ],
          [
            85.094426,
            28.019393
          ],
          [
            85.094522,
            28.01875
          ],
          [
            85.094636,
            28.018424
          ],
          [
            85.094782,
            28.018115
          ],
          [
            85.094984,
            28.017814
          ],
          [
            85.095456,
            28.01753
          ],
          [
            85.095671,
            28.016941
          ],
          [
            85.09579,
            28.016555
          ],
          [
            85.095811,
            28.016149
          ],
          [
            85.095953,
            28.016024
          ],
          [
            85.096179,
            28.016026
          ],
          [
            85.096356,
            28.015965
          ],
          [
            85.096361,
            28.015692
          ],
          [
            85.096283,
            28.015422
          ],
          [
            85.096178,
            28.01519
          ],
          [
            85.096233,
            28.014983
          ],
          [
            85.096388,
            28.014764
          ],
          [
            85.09663,
            28.014585
          ],
          [
            85.096731,
            28.014517
          ],
          [
            85.096849,
            28.014381
          ],
          [
            85.096897,
            28.01417
          ],
          [
            85.096838,
            28.013887
          ],
          [
            85.096856,
            28.013704
          ],
          [
            85.097174,
            28.013571
          ],
          [
            85.098065,
            28.013546
          ],
          [
            85.098439,
            28.013358
          ],
          [
            85.098672,
            28.013169
          ],
          [
            85.098742,
            28.012968
          ],
          [
            85.098597,
            28.01273
          ],
          [
            85.098468,
            28.012438
          ],
          [
            85.098374,
            28.012137
          ],
          [
            85.098393,
            28.012005
          ],
          [
            85.098282,
            28.01184
          ],
          [
            85.09811,
            28.011692
          ],
          [
            85.097999,
            28.011513
          ],
          [
            85.098044,
            28.011337
          ],
          [
            85.098152,
            28.0112
          ],
          [
            85.098302,
            28.011122
          ],
          [
            85.098519,
            28.01107
          ],
          [
            85.098772,
            28.011037
          ],
          [
            85.099073,
            28.010942
          ],
          [
            85.099403,
            28.01094
          ],
          [
            85.099704,
            28.010873
          ],
          [
            85.100237,
            28.010615
          ],
          [
            85.10055,
            28.010492
          ],
          [
            85.10083,
            28.010458
          ],
          [
            85.101389,
            28.01054
          ],
          [
            85.102043,
            28.010675
          ],
          [
            85.102427,
            28.010689
          ],
          [
            85.102728,
            28.010632
          ],
          [
            85.103001,
            28.010696
          ],
          [
            85.10326,
            28.010715
          ],
          [
            85.103613,
            28.010664
          ],
          [
            85.104231,
            28.010334
          ],
          [
            85.104649,
            28.010086
          ],
          [
            85.104857,
            28.009787
          ],
          [
            85.105025,
            28.009575
          ],
          [
            85.105198,
            28.009568
          ],
          [
            85.105418,
            28.009485
          ],
          [
            85.10558,
            28.009329
          ],
          [
            85.106248,
            28.008886
          ],
          [
            85.106716,
            28.008877
          ],
          [
            85.107248,
            28.008292
          ],
          [
            85.108212,
            28.007626
          ],
          [
            85.109251,
            28.007084
          ],
          [
            85.109537,
            28.006693
          ],
          [
            85.109929,
            28.006689
          ],
          [
            85.110163,
            28.006528
          ],
          [
            85.110194,
            28.005748
          ],
          [
            85.110029,
            28.005187
          ],
          [
            85.110155,
            28.004852
          ],
          [
            85.110374,
            28.004494
          ],
          [
            85.110623,
            28.004082
          ],
          [
            85.110955,
            28.003691
          ],
          [
            85.111114,
            28.00327
          ],
          [
            85.11117,
            28.002937
          ],
          [
            85.111317,
            28.002651
          ],
          [
            85.111552,
            28.002499
          ],
          [
            85.111866,
            28.002382
          ],
          [
            85.112137,
            28.002378
          ],
          [
            85.112461,
            28.002558
          ],
          [
            85.112591,
            28.002506
          ],
          [
            85.112773,
            28.002505
          ],
          [
            85.112971,
            28.002393
          ],
          [
            85.113166,
            28.002305
          ],
          [
            85.113204,
            28.002219
          ],
          [
            85.113185,
            28.002075
          ],
          [
            85.113128,
            28.001918
          ],
          [
            85.113174,
            28.001733
          ],
          [
            85.11331,
            28.001556
          ],
          [
            85.113461,
            28.00134
          ],
          [
            85.113588,
            28.001153
          ],
          [
            85.113654,
            28.000907
          ],
          [
            85.113737,
            28.000482
          ],
          [
            85.113951,
            28.000207
          ],
          [
            85.114027,
            28.000039
          ],
          [
            85.114054,
            27.999873
          ],
          [
            85.113966,
            27.999697
          ],
          [
            85.113892,
            27.999575
          ],
          [
            85.113876,
            27.999283
          ],
          [
            85.1139,
            27.999056
          ],
          [
            85.113992,
            27.998898
          ],
          [
            85.114105,
            27.998673
          ],
          [
            85.114274,
            27.998499
          ],
          [
            85.114497,
            27.998374
          ],
          [
            85.115139,
            27.998197
          ],
          [
            85.115671,
            27.998081
          ],
          [
            85.115831,
            27.998099
          ],
          [
            85.115997,
            27.99808
          ],
          [
            85.116597,
            27.997924
          ],
          [
            85.116833,
            27.997789
          ],
          [
            85.11723,
            27.997585
          ],
          [
            85.117841,
            27.997338
          ],
          [
            85.118555,
            27.996927
          ],
          [
            85.118707,
            27.996574
          ],
          [
            85.11889,
            27.995809
          ],
          [
            85.119007,
            27.995522
          ],
          [
            85.119287,
            27.995177
          ],
          [
            85.119633,
            27.995028
          ],
          [
            85.120268,
            27.99485
          ],
          [
            85.120746,
            27.994742
          ],
          [
            85.121368,
            27.994447
          ],
          [
            85.121756,
            27.994197
          ],
          [
            85.122188,
            27.993904
          ],
          [
            85.122403,
            27.993747
          ],
          [
            85.122564,
            27.993492
          ],
          [
            85.122639,
            27.993121
          ],
          [
            85.122669,
            27.992756
          ],
          [
            85.122824,
            27.992459
          ],
          [
            85.123103,
            27.992268
          ],
          [
            85.123267,
            27.992113
          ],
          [
            85.123314,
            27.991994
          ],
          [
            85.123284,
            27.991828
          ],
          [
            85.123327,
            27.991556
          ],
          [
            85.123472,
            27.991323
          ],
          [
            85.123673,
            27.991207
          ],
          [
            85.123735,
            27.99103
          ],
          [
            85.12378,
            27.990724
          ],
          [
            85.123756,
            27.990414
          ],
          [
            85.123751,
            27.99021
          ],
          [
            85.123822,
            27.98999
          ],
          [
            85.123944,
            27.989931
          ],
          [
            85.12411,
            27.989888
          ],
          [
            85.12433,
            27.98994
          ],
          [
            85.124753,
            27.990091
          ],
          [
            85.125103,
            27.990319
          ],
          [
            85.125326,
            27.99076
          ],
          [
            85.125419,
            27.991252
          ],
          [
            85.125511,
            27.991503
          ],
          [
            85.125552,
            27.99167
          ],
          [
            85.125735,
            27.991864
          ],
          [
            85.126192,
            27.992024
          ],
          [
            85.126423,
            27.992119
          ],
          [
            85.126653,
            27.992123
          ],
          [
            85.127093,
            27.991996
          ],
          [
            85.127636,
            27.991943
          ],
          [
            85.128071,
            27.991571
          ],
          [
            85.12861,
            27.991588
          ],
          [
            85.128957,
            27.991696
          ],
          [
            85.129278,
            27.99171
          ],
          [
            85.129976,
            27.991547
          ],
          [
            85.13009,
            27.991554
          ],
          [
            85.130222,
            27.991606
          ],
          [
            85.130369,
            27.991625
          ],
          [
            85.130764,
            27.991595
          ],
          [
            85.131159,
            27.991442
          ],
          [
            85.131302,
            27.991257
          ],
          [
            85.13203,
            27.990522
          ],
          [
            85.133787,
            27.989807
          ],
          [
            85.135249,
            27.98972
          ],
          [
            85.135656,
            27.989463
          ],
          [
            85.136353,
            27.989022
          ],
          [
            85.137131,
            27.988974
          ],
          [
            85.139769,
            27.989211
          ],
          [
            85.14068,
            27.988864
          ],
          [
            85.140891,
            27.988859
          ],
          [
            85.141159,
            27.988872
          ],
          [
            85.141958,
            27.988901
          ],
          [
            85.142714,
            27.98942
          ],
          [
            85.143512,
            27.989323
          ],
          [
            85.143906,
            27.98919
          ],
          [
            85.144651,
            27.989514
          ],
          [
            85.145342,
            27.98957
          ],
          [
            85.145846,
            27.989667
          ],
          [
            85.146264,
            27.989878
          ],
          [
            85.146838,
            27.989893
          ],
          [
            85.147352,
            27.989649
          ],
          [
            85.148119,
            27.989425
          ],
          [
            85.148203,
            27.989198
          ],
          [
            85.148576,
            27.988905
          ],
          [
            85.148895,
            27.98864
          ],
          [
            85.149916,
            27.988793
          ],
          [
            85.150337,
            27.98899
          ],
          [
            85.150746,
            27.989048
          ],
          [
            85.151324,
            27.9888
          ],
          [
            85.151809,
            27.988299
          ],
          [
            85.152293,
            27.988051
          ],
          [
            85.153214,
            27.987526
          ],
          [
            85.153742,
            27.987279
          ],
          [
            85.154134,
            27.987262
          ],
          [
            85.154378,
            27.987336
          ],
          [
            85.155446,
            27.987747
          ],
          [
            85.156456,
            27.988228
          ],
          [
            85.156933,
            27.988348
          ],
          [
            85.157411,
            27.98833
          ],
          [
            85.158557,
            27.987991
          ],
          [
            85.159273,
            27.986807
          ],
          [
            85.159356,
            27.986591
          ],
          [
            85.159751,
            27.986125
          ],
          [
            85.160322,
            27.985629
          ],
          [
            85.160747,
            27.985702
          ],
          [
            85.160969,
            27.985808
          ],
          [
            85.161072,
            27.985957
          ],
          [
            85.161307,
            27.986073
          ],
          [
            85.161569,
            27.986122
          ],
          [
            85.161785,
            27.986019
          ],
          [
            85.16192,
            27.985907
          ],
          [
            85.162053,
            27.985908
          ],
          [
            85.162164,
            27.985813
          ],
          [
            85.162239,
            27.984787
          ],
          [
            85.162772,
            27.984259
          ],
          [
            85.163812,
            27.983711
          ],
          [
            85.164759,
            27.983368
          ],
          [
            85.165296,
            27.983193
          ],
          [
            85.165981,
            27.982991
          ],
          [
            85.166613,
            27.982731
          ],
          [
            85.16777,
            27.982824
          ],
          [
            85.168524,
            27.982362
          ],
          [
            85.169323,
            27.981938
          ],
          [
            85.169918,
            27.981852
          ],
          [
            85.171493,
            27.982012
          ],
          [
            85.172007,
            27.982159
          ],
          [
            85.173423,
            27.982182
          ],
          [
            85.174393,
            27.982488
          ],
          [
            85.175045,
            27.982762
          ],
          [
            85.17585,
            27.982949
          ],
          [
            85.176108,
            27.982948
          ],
          [
            85.176631,
            27.98304
          ],
          [
            85.177197,
            27.982989
          ],
          [
            85.177362,
            27.982927
          ],
          [
            85.177744,
            27.98283
          ],
          [
            85.178115,
            27.982724
          ],
          [
            85.179034,
            27.982378
          ],
          [
            85.17929,
            27.982282
          ],
          [
            85.180114,
            27.981776
          ],
          [
            85.180127,
            27.981768
          ],
          [
            85.180275,
            27.981662
          ]
        ]
      }
    },
    {
      "type": "Feature",
      "properties": {
        "id": "osm-waterway-300686595",
        "name": "Falaakhu River",
        "kind": "observed_tributary",
        "waterway": "river",
        "corridorKm": 42.4,
        "classification": "observed",
        "source": "OpenStreetMap",
        "osmType": "way",
        "osmId": 300686595
      },
      "geometry": {
        "type": "LineString",
        "coordinates": [
          [
            85.259168,
            27.99521
          ],
          [
            85.259061,
            27.994962
          ],
          [
            85.258905,
            27.994377
          ],
          [
            85.258479,
            27.993869
          ],
          [
            85.258339,
            27.993594
          ],
          [
            85.258387,
            27.993314
          ],
          [
            85.258597,
            27.993016
          ],
          [
            85.258779,
            27.992799
          ],
          [
            85.258816,
            27.992443
          ],
          [
            85.258897,
            27.992287
          ],
          [
            85.259069,
            27.992268
          ],
          [
            85.259316,
            27.992306
          ],
          [
            85.259728,
            27.992329
          ],
          [
            85.259953,
            27.992367
          ],
          [
            85.260313,
            27.992524
          ],
          [
            85.260471,
            27.992554
          ],
          [
            85.26056,
            27.992571
          ],
          [
            85.260855,
            27.992547
          ],
          [
            85.261236,
            27.992439
          ],
          [
            85.261788,
            27.992414
          ],
          [
            85.262105,
            27.992259
          ],
          [
            85.262352,
            27.991974
          ],
          [
            85.262524,
            27.991662
          ],
          [
            85.262609,
            27.991302
          ],
          [
            85.26277,
            27.990866
          ],
          [
            85.262963,
            27.990695
          ],
          [
            85.263376,
            27.990539
          ],
          [
            85.263822,
            27.990411
          ],
          [
            85.264138,
            27.990349
          ],
          [
            85.264326,
            27.990241
          ],
          [
            85.264455,
            27.99008
          ],
          [
            85.264567,
            27.989695
          ],
          [
            85.264631,
            27.989506
          ],
          [
            85.264878,
            27.989174
          ],
          [
            85.265077,
            27.988763
          ],
          [
            85.265259,
            27.988223
          ],
          [
            85.26541,
            27.988052
          ],
          [
            85.265796,
            27.987759
          ],
          [
            85.265908,
            27.987583
          ],
          [
            85.265935,
            27.987399
          ],
          [
            85.265807,
            27.987029
          ],
          [
            85.265522,
            27.986541
          ],
          [
            85.265372,
            27.986171
          ],
          [
            85.265425,
            27.985972
          ],
          [
            85.265651,
            27.985631
          ],
          [
            85.26579,
            27.985347
          ],
          [
            85.26579,
            27.985148
          ],
          [
            85.265618,
            27.984968
          ],
          [
            85.265157,
            27.98457
          ],
          [
            85.264916,
            27.984357
          ],
          [
            85.264781,
            27.984115
          ],
          [
            85.264781,
            27.983916
          ],
          [
            85.264884,
            27.98376
          ],
          [
            85.265098,
            27.983618
          ],
          [
            85.265281,
            27.983533
          ],
          [
            85.265608,
            27.983386
          ],
          [
            85.265753,
            27.983277
          ],
          [
            85.265844,
            27.983139
          ],
          [
            85.265871,
            27.983002
          ],
          [
            85.265828,
            27.98286
          ],
          [
            85.265742,
            27.982728
          ],
          [
            85.265592,
            27.982548
          ],
          [
            85.265425,
            27.982429
          ],
          [
            85.265157,
            27.982391
          ],
          [
            85.264809,
            27.982273
          ],
          [
            85.264626,
            27.982197
          ],
          [
            85.264535,
            27.98205
          ],
          [
            85.26432,
            27.981661
          ],
          [
            85.264154,
            27.981458
          ],
          [
            85.26397,
            27.981362
          ],
          [
            85.26379,
            27.981268
          ],
          [
            85.263633,
            27.981169
          ],
          [
            85.263515,
            27.980998
          ],
          [
            85.263397,
            27.980629
          ],
          [
            85.26336,
            27.980331
          ],
          [
            85.263275,
            27.980075
          ],
          [
            85.263232,
            27.979771
          ],
          [
            85.263264,
            27.979544
          ],
          [
            85.263382,
            27.979298
          ],
          [
            85.263586,
            27.979023
          ],
          [
            85.263757,
            27.978654
          ],
          [
            85.263816,
            27.978185
          ],
          [
            85.2638,
            27.977843
          ],
          [
            85.263822,
            27.977592
          ],
          [
            85.263817,
            27.977389
          ],
          [
            85.263869,
            27.977279
          ],
          [
            85.263827,
            27.977146
          ],
          [
            85.263853,
            27.977066
          ],
          [
            85.263833,
            27.977005
          ],
          [
            85.263682,
            27.976834
          ],
          [
            85.263521,
            27.976522
          ],
          [
            85.263339,
            27.976275
          ],
          [
            85.263086,
            27.976062
          ],
          [
            85.262786,
            27.975919
          ],
          [
            85.262373,
            27.975868
          ],
          [
            85.26188,
            27.975887
          ],
          [
            85.261472,
            27.975972
          ],
          [
            85.261091,
            27.976052
          ],
          [
            85.261005,
            27.976038
          ],
          [
            85.260839,
            27.97601
          ],
          [
            85.2607,
            27.975868
          ],
          [
            85.26064,
            27.975683
          ],
          [
            85.260683,
            27.975455
          ],
          [
            85.260545,
            27.975078
          ],
          [
            85.260185,
            27.974614
          ],
          [
            85.260012,
            27.974372
          ],
          [
            85.259753,
            27.974226
          ],
          [
            85.259523,
            27.974162
          ],
          [
            85.259257,
            27.974073
          ],
          [
            85.258652,
            27.974061
          ],
          [
            85.258307,
            27.974004
          ],
          [
            85.258091,
            27.973959
          ],
          [
            85.257889,
            27.973902
          ],
          [
            85.257709,
            27.973788
          ],
          [
            85.257745,
            27.97366
          ],
          [
            85.257889,
            27.973533
          ],
          [
            85.258098,
            27.973425
          ],
          [
            85.258206,
            27.973323
          ],
          [
            85.258379,
            27.973133
          ],
          [
            85.258472,
            27.972929
          ],
          [
            85.258515,
            27.972637
          ],
          [
            85.258487,
            27.972287
          ],
          [
            85.258364,
            27.971881
          ],
          [
            85.258112,
            27.971531
          ],
          [
            85.257854,
            27.971405
          ],
          [
            85.257621,
            27.971049
          ],
          [
            85.257522,
            27.971219
          ],
          [
            85.25736,
            27.971191
          ],
          [
            85.25716,
            27.971273
          ],
          [
            85.256933,
            27.971377
          ],
          [
            85.25682,
            27.971702
          ],
          [
            85.256662,
            27.971902
          ],
          [
            85.256495,
            27.972096
          ],
          [
            85.256402,
            27.972188
          ],
          [
            85.256329,
            27.972336
          ],
          [
            85.256246,
            27.972504
          ],
          [
            85.25607,
            27.972691
          ],
          [
            85.255945,
            27.973054
          ],
          [
            85.255917,
            27.973419
          ],
          [
            85.25591,
            27.973737
          ],
          [
            85.255896,
            27.973915
          ],
          [
            85.255723,
            27.974283
          ],
          [
            85.255493,
            27.974455
          ],
          [
            85.255219,
            27.974538
          ],
          [
            85.255067,
            27.974505
          ],
          [
            85.254924,
            27.974474
          ],
          [
            85.254651,
            27.974328
          ],
          [
            85.254471,
            27.97415
          ],
          [
            85.254169,
            27.97394
          ],
          [
            85.254003,
            27.973711
          ],
          [
            85.253809,
            27.972955
          ],
          [
            85.253744,
            27.972554
          ],
          [
            85.253636,
            27.972275
          ],
          [
            85.253406,
            27.972071
          ],
          [
            85.252967,
            27.971862
          ],
          [
            85.252741,
            27.971788
          ],
          [
            85.252175,
            27.971847
          ],
          [
            85.251187,
            27.971667
          ],
          [
            85.250674,
            27.971412
          ],
          [
            85.250347,
            27.971313
          ],
          [
            85.250055,
            27.971383
          ],
          [
            85.249698,
            27.971495
          ],
          [
            85.248929,
            27.971944
          ],
          [
            85.248116,
            27.972472
          ],
          [
            85.247677,
            27.972758
          ],
          [
            85.247242,
            27.972857
          ],
          [
            85.247202,
            27.972866
          ],
          [
            85.246655,
            27.972879
          ],
          [
            85.245611,
            27.972802
          ],
          [
            85.244539,
            27.972612
          ],
          [
            85.243999,
            27.972662
          ],
          [
            85.243762,
            27.972764
          ],
          [
            85.243445,
            27.972936
          ],
          [
            85.243172,
            27.973215
          ],
          [
            85.242934,
            27.973247
          ],
          [
            85.242509,
            27.973311
          ],
          [
            85.241401,
            27.973247
          ],
          [
            85.240797,
            27.973152
          ],
          [
            85.240106,
            27.973139
          ],
          [
            85.239408,
            27.973374
          ],
          [
            85.23912,
            27.973533
          ],
          [
            85.238695,
            27.973864
          ],
          [
            85.238422,
            27.974252
          ],
          [
            85.237875,
            27.97469
          ],
          [
            85.237198,
            27.974677
          ],
          [
            85.236849,
            27.974671
          ],
          [
            85.235538,
            27.974225
          ],
          [
            85.235321,
            27.973868
          ],
          [
            85.234766,
            27.973344
          ],
          [
            85.234967,
            27.973056
          ],
          [
            85.234456,
            27.972802
          ],
          [
            85.233744,
            27.972783
          ],
          [
            85.233398,
            27.972777
          ],
          [
            85.23283,
            27.973114
          ],
          [
            85.23252,
            27.973648
          ],
          [
            85.231944,
            27.973927
          ],
          [
            85.231534,
            27.973953
          ],
          [
            85.231045,
            27.973946
          ],
          [
            85.230721,
            27.973883
          ],
          [
            85.230311,
            27.973921
          ],
          [
            85.229735,
            27.97387
          ],
          [
            85.229274,
            27.973813
          ],
          [
            85.228915,
            27.973838
          ],
          [
            85.228468,
            27.97401
          ],
          [
            85.228114,
            27.974186
          ],
          [
            85.227022,
            27.974785
          ],
          [
            85.226144,
            27.974906
          ],
          [
            85.225719,
            27.97483
          ],
          [
            85.224424,
            27.974658
          ],
          [
            85.224069,
            27.974588
          ],
          [
            85.222977,
            27.97408
          ],
          [
            85.222257,
            27.974061
          ],
          [
            85.221716,
            27.974788
          ],
          [
            85.22134,
            27.975546
          ],
          [
            85.220622,
            27.975745
          ],
          [
            85.219141,
            27.975821
          ],
          [
            85.217907,
            27.97547
          ],
          [
            85.216738,
            27.975072
          ],
          [
            85.216158,
            27.974191
          ],
          [
            85.215586,
            27.973609
          ],
          [
            85.215147,
            27.97352
          ],
          [
            85.214053,
            27.972847
          ],
          [
            85.213506,
            27.972478
          ],
          [
            85.213045,
            27.972446
          ],
          [
            85.212599,
            27.972541
          ],
          [
            85.212268,
            27.972612
          ],
          [
            85.211369,
            27.97298
          ],
          [
            85.210901,
            27.97312
          ],
          [
            85.210534,
            27.973425
          ],
          [
            85.210339,
            27.973629
          ],
          [
            85.210044,
            27.973832
          ],
          [
            85.209072,
            27.974471
          ],
          [
            85.208532,
            27.974778
          ],
          [
            85.208525,
            27.974783
          ],
          [
            85.20839,
            27.974854
          ],
          [
            85.208245,
            27.974919
          ],
          [
            85.208164,
            27.974941
          ],
          [
            85.208055,
            27.974949
          ],
          [
            85.207977,
            27.974945
          ],
          [
            85.207897,
            27.974928
          ],
          [
            85.207817,
            27.974894
          ],
          [
            85.207662,
            27.974805
          ],
          [
            85.207547,
            27.974767
          ],
          [
            85.207397,
            27.974752
          ],
          [
            85.207178,
            27.974782
          ],
          [
            85.206842,
            27.974855
          ],
          [
            85.206541,
            27.974945
          ],
          [
            85.206417,
            27.975006
          ],
          [
            85.20603,
            27.975237
          ],
          [
            85.205919,
            27.975281
          ],
          [
            85.205873,
            27.975287
          ],
          [
            85.205634,
            27.975254
          ],
          [
            85.204926,
            27.97512
          ],
          [
            85.204331,
            27.975026
          ],
          [
            85.203999,
            27.974994
          ],
          [
            85.203835,
            27.975003
          ],
          [
            85.203662,
            27.975051
          ],
          [
            85.203434,
            27.975132
          ],
          [
            85.202939,
            27.975331
          ],
          [
            85.202553,
            27.975559
          ],
          [
            85.202392,
            27.975637
          ],
          [
            85.202241,
            27.975685
          ],
          [
            85.202103,
            27.9757
          ],
          [
            85.201899,
            27.975685
          ],
          [
            85.201773,
            27.975652
          ],
          [
            85.201659,
            27.975602
          ],
          [
            85.201506,
            27.97549
          ],
          [
            85.201232,
            27.975238
          ],
          [
            85.201132,
            27.975163
          ],
          [
            85.201088,
            27.97514
          ],
          [
            85.200942,
            27.975098
          ],
          [
            85.20057,
            27.975019
          ],
          [
            85.200299,
            27.974973
          ],
          [
            85.20007,
            27.974945
          ],
          [
            85.199912,
            27.974943
          ],
          [
            85.199601,
            27.974969
          ],
          [
            85.199362,
            27.975005
          ],
          [
            85.199129,
            27.975055
          ],
          [
            85.198932,
            27.975121
          ],
          [
            85.198451,
            27.97535
          ],
          [
            85.198203,
            27.975415
          ],
          [
            85.197988,
            27.975453
          ],
          [
            85.197526,
            27.975469
          ],
          [
            85.196825,
            27.975423
          ],
          [
            85.196327,
            27.975491
          ],
          [
            85.196026,
            27.975557
          ],
          [
            85.195082,
            27.975942
          ],
          [
            85.194614,
            27.976018
          ],
          [
            85.1937,
            27.975961
          ],
          [
            85.193311,
            27.975834
          ],
          [
            85.193045,
            27.975624
          ],
          [
            85.19239,
            27.975491
          ],
          [
            85.191865,
            27.975497
          ],
          [
            85.19144,
            27.975491
          ],
          [
            85.191044,
            27.975542
          ],
          [
            85.19067,
            27.97572
          ],
          [
            85.190325,
            27.976025
          ],
          [
            85.189615,
            27.976473
          ],
          [
            85.18949,
            27.976552
          ],
          [
            85.189123,
            27.976635
          ],
          [
            85.188959,
            27.976623
          ],
          [
            85.188597,
            27.976597
          ],
          [
            85.188097,
            27.976457
          ],
          [
            85.187597,
            27.97612
          ],
          [
            85.186998,
            27.975654
          ],
          [
            85.186169,
            27.974546
          ],
          [
            85.185884,
            27.974302
          ],
          [
            85.185508,
            27.974154
          ],
          [
            85.185098,
            27.974001
          ],
          [
            85.18463,
            27.973894
          ],
          [
            85.184491,
            27.973785
          ],
          [
            85.18439,
            27.973596
          ],
          [
            85.184124,
            27.972989
          ],
          [
            85.18409,
            27.972912
          ],
          [
            85.184043,
            27.972805
          ]
        ]
      }
    },
    {
      "type": "Feature",
      "properties": {
        "id": "osm-waterway-302864211",
        "name": "Trishuli Ganga River",
        "kind": "observed_tributary",
        "waterway": "river",
        "corridorKm": 57,
        "classification": "observed",
        "source": "OpenStreetMap",
        "osmType": "way",
        "osmId": 302864211
      },
      "geometry": {
        "type": "LineString",
        "coordinates": [
          [
            85.112685,
            27.866618
          ],
          [
            85.112538,
            27.865338
          ],
          [
            85.112581,
            27.864859
          ],
          [
            85.112548,
            27.864608
          ],
          [
            85.112441,
            27.864228
          ],
          [
            85.112264,
            27.863854
          ],
          [
            85.11161,
            27.863005
          ],
          [
            85.110971,
            27.862322
          ],
          [
            85.110512,
            27.86197
          ]
        ]
      }
    },
    {
      "type": "Feature",
      "properties": {
        "id": "osm-waterway-329416172",
        "name": "Chilime Khola",
        "kind": "observed_tributary",
        "waterway": "river",
        "corridorKm": 11.3,
        "classification": "observed",
        "source": "OpenStreetMap",
        "osmType": "way",
        "osmId": 329416172
      },
      "geometry": {
        "type": "LineString",
        "coordinates": [
          [
            85.284912,
            28.216606
          ],
          [
            85.285033,
            28.216439
          ],
          [
            85.285241,
            28.216281
          ],
          [
            85.285317,
            28.216151
          ],
          [
            85.285416,
            28.215928
          ],
          [
            85.285433,
            28.215765
          ],
          [
            85.285443,
            28.215641
          ],
          [
            85.285509,
            28.215514
          ],
          [
            85.285615,
            28.215378
          ],
          [
            85.285718,
            28.215242
          ],
          [
            85.285848,
            28.215088
          ],
          [
            85.285879,
            28.214729
          ],
          [
            85.286115,
            28.214399
          ],
          [
            85.286208,
            28.214297
          ],
          [
            85.286403,
            28.214152
          ],
          [
            85.286564,
            28.214019
          ],
          [
            85.286687,
            28.213853
          ],
          [
            85.2869,
            28.213593
          ],
          [
            85.286982,
            28.21346
          ],
          [
            85.287082,
            28.213327
          ],
          [
            85.287198,
            28.21321
          ],
          [
            85.287284,
            28.213155
          ],
          [
            85.287469,
            28.213013
          ],
          [
            85.287887,
            28.212799
          ],
          [
            85.288014,
            28.212708
          ],
          [
            85.288106,
            28.212603
          ],
          [
            85.288281,
            28.212436
          ],
          [
            85.288415,
            28.212367
          ],
          [
            85.288531,
            28.212261
          ],
          [
            85.288583,
            28.212153
          ],
          [
            85.288603,
            28.212059
          ],
          [
            85.288706,
            28.211953
          ],
          [
            85.288884,
            28.211887
          ],
          [
            85.289052,
            28.211851
          ],
          [
            85.2892,
            28.211796
          ],
          [
            85.28932,
            28.211657
          ],
          [
            85.289392,
            28.211497
          ],
          [
            85.289618,
            28.211141
          ],
          [
            85.289769,
            28.211099
          ],
          [
            85.289902,
            28.211023
          ],
          [
            85.290026,
            28.210908
          ],
          [
            85.290115,
            28.21076
          ],
          [
            85.290152,
            28.210609
          ],
          [
            85.290197,
            28.210431
          ],
          [
            85.290286,
            28.210244
          ],
          [
            85.290399,
            28.20999
          ],
          [
            85.290502,
            28.209758
          ],
          [
            85.290567,
            28.209498
          ],
          [
            85.290643,
            28.20929
          ],
          [
            85.290684,
            28.209105
          ],
          [
            85.290673,
            28.208918
          ],
          [
            85.290643,
            28.208713
          ],
          [
            85.290704,
            28.20851
          ],
          [
            85.290742,
            28.208381
          ],
          [
            85.290711,
            28.208184
          ],
          [
            85.290667,
            28.207994
          ],
          [
            85.290615,
            28.207798
          ],
          [
            85.290547,
            28.207595
          ],
          [
            85.290488,
            28.207381
          ],
          [
            85.290214,
            28.207034
          ],
          [
            85.290122,
            28.206849
          ],
          [
            85.290046,
            28.206656
          ],
          [
            85.289902,
            28.206384
          ],
          [
            85.289717,
            28.206136
          ],
          [
            85.289659,
            28.205874
          ],
          [
            85.289621,
            28.205668
          ],
          [
            85.289642,
            28.205345
          ],
          [
            85.28968,
            28.205264
          ],
          [
            85.289745,
            28.205137
          ],
          [
            85.289803,
            28.204937
          ],
          [
            85.289789,
            28.204844
          ],
          [
            85.289727,
            28.20472
          ],
          [
            85.289628,
            28.204602
          ],
          [
            85.289618,
            28.204376
          ],
          [
            85.289594,
            28.204104
          ],
          [
            85.28957,
            28.20388
          ],
          [
            85.289611,
            28.203754
          ],
          [
            85.28969,
            28.20363
          ],
          [
            85.289786,
            28.20353
          ],
          [
            85.289861,
            28.203391
          ],
          [
            85.290006,
            28.203149
          ],
          [
            85.28996,
            28.203067
          ],
          [
            85.289933,
            28.20292
          ],
          [
            85.289988,
            28.202769
          ],
          [
            85.290035,
            28.202628
          ],
          [
            85.290027,
            28.202419
          ],
          [
            85.290008,
            28.202029
          ],
          [
            85.290118,
            28.201657
          ],
          [
            85.290104,
            28.201422
          ],
          [
            85.29013,
            28.201224
          ],
          [
            85.29018,
            28.201135
          ],
          [
            85.290434,
            28.200931
          ],
          [
            85.290372,
            28.200664
          ],
          [
            85.290378,
            28.200459
          ],
          [
            85.290338,
            28.200319
          ],
          [
            85.290416,
            28.200055
          ],
          [
            85.290518,
            28.199973
          ],
          [
            85.290538,
            28.199683
          ],
          [
            85.290578,
            28.199519
          ],
          [
            85.290704,
            28.199364
          ],
          [
            85.290792,
            28.199299
          ],
          [
            85.290927,
            28.19927
          ],
          [
            85.291134,
            28.199222
          ],
          [
            85.291235,
            28.199184
          ],
          [
            85.291397,
            28.199054
          ],
          [
            85.291516,
            28.198875
          ],
          [
            85.291568,
            28.198734
          ],
          [
            85.291582,
            28.198577
          ],
          [
            85.291632,
            28.198391
          ],
          [
            85.291602,
            28.198276
          ],
          [
            85.291549,
            28.198195
          ],
          [
            85.291472,
            28.198126
          ],
          [
            85.291336,
            28.198069
          ],
          [
            85.291186,
            28.198019
          ],
          [
            85.291093,
            28.197939
          ],
          [
            85.291057,
            28.197838
          ],
          [
            85.291096,
            28.197686
          ],
          [
            85.291183,
            28.197578
          ],
          [
            85.291292,
            28.197391
          ],
          [
            85.291461,
            28.197391
          ],
          [
            85.291844,
            28.197198
          ],
          [
            85.291904,
            28.197145
          ],
          [
            85.292027,
            28.196932
          ],
          [
            85.292074,
            28.196694
          ],
          [
            85.292159,
            28.196651
          ],
          [
            85.292182,
            28.19659
          ],
          [
            85.292095,
            28.19648
          ],
          [
            85.292085,
            28.196423
          ],
          [
            85.292167,
            28.196278
          ],
          [
            85.292219,
            28.196184
          ],
          [
            85.292269,
            28.196044
          ],
          [
            85.292277,
            28.195918
          ],
          [
            85.292454,
            28.195757
          ],
          [
            85.292611,
            28.19561
          ],
          [
            85.292787,
            28.195349
          ],
          [
            85.292923,
            28.195281
          ],
          [
            85.293154,
            28.195145
          ],
          [
            85.293331,
            28.194983
          ],
          [
            85.293499,
            28.194856
          ],
          [
            85.2936,
            28.194631
          ],
          [
            85.29368,
            28.194341
          ],
          [
            85.294101,
            28.193647
          ],
          [
            85.294116,
            28.19357
          ],
          [
            85.294167,
            28.193467
          ],
          [
            85.294303,
            28.193307
          ],
          [
            85.2944,
            28.193081
          ],
          [
            85.294424,
            28.193036
          ],
          [
            85.294518,
            28.192914
          ],
          [
            85.294601,
            28.192795
          ],
          [
            85.294578,
            28.192732
          ],
          [
            85.294599,
            28.192628
          ],
          [
            85.294669,
            28.192633
          ],
          [
            85.294692,
            28.192619
          ],
          [
            85.294679,
            28.192553
          ],
          [
            85.294833,
            28.192545
          ],
          [
            85.294934,
            28.192476
          ],
          [
            85.29518,
            28.192295
          ],
          [
            85.295382,
            28.192137
          ],
          [
            85.295418,
            28.192
          ],
          [
            85.295496,
            28.191883
          ],
          [
            85.295798,
            28.191843
          ],
          [
            85.295978,
            28.191689
          ],
          [
            85.296119,
            28.191587
          ],
          [
            85.296282,
            28.19149
          ],
          [
            85.296489,
            28.191423
          ],
          [
            85.296686,
            28.191447
          ],
          [
            85.296976,
            28.191605
          ],
          [
            85.29735,
            28.191551
          ],
          [
            85.297591,
            28.191453
          ],
          [
            85.297721,
            28.191305
          ],
          [
            85.297874,
            28.190983
          ],
          [
            85.297806,
            28.190617
          ],
          [
            85.297886,
            28.190375
          ],
          [
            85.297894,
            28.190145
          ],
          [
            85.298027,
            28.189898
          ],
          [
            85.298165,
            28.189754
          ],
          [
            85.298284,
            28.189641
          ],
          [
            85.298319,
            28.189439
          ],
          [
            85.298496,
            28.189002
          ],
          [
            85.298669,
            28.188867
          ],
          [
            85.298867,
            28.188749
          ],
          [
            85.299335,
            28.188362
          ],
          [
            85.299376,
            28.188127
          ],
          [
            85.299198,
            28.187743
          ],
          [
            85.299187,
            28.18743
          ],
          [
            85.299303,
            28.187118
          ],
          [
            85.299518,
            28.186829
          ],
          [
            85.299756,
            28.186681
          ],
          [
            85.299953,
            28.186581
          ],
          [
            85.300107,
            28.186462
          ],
          [
            85.300368,
            28.186127
          ],
          [
            85.300457,
            28.186
          ],
          [
            85.300663,
            28.18559
          ],
          [
            85.300798,
            28.185336
          ],
          [
            85.300971,
            28.185149
          ],
          [
            85.301371,
            28.184965
          ],
          [
            85.302031,
            28.184896
          ],
          [
            85.302831,
            28.184582
          ],
          [
            85.303252,
            28.184455
          ],
          [
            85.303482,
            28.184344
          ],
          [
            85.303725,
            28.184144
          ],
          [
            85.303841,
            28.183962
          ],
          [
            85.304047,
            28.18379
          ],
          [
            85.304232,
            28.183681
          ],
          [
            85.3044,
            28.183644
          ],
          [
            85.304603,
            28.183687
          ],
          [
            85.30509,
            28.183657
          ],
          [
            85.305368,
            28.183572
          ],
          [
            85.305515,
            28.183496
          ],
          [
            85.305656,
            28.183235
          ],
          [
            85.305696,
            28.182823
          ],
          [
            85.305801,
            28.182574
          ],
          [
            85.306519,
            28.181958
          ],
          [
            85.307247,
            28.181171
          ],
          [
            85.307797,
            28.181034
          ],
          [
            85.308303,
            28.180771
          ],
          [
            85.3083,
            28.18016
          ],
          [
            85.308854,
            28.179869
          ],
          [
            85.30914,
            28.179468
          ],
          [
            85.309316,
            28.179365
          ],
          [
            85.309647,
            28.179541
          ],
          [
            85.309998,
            28.17985
          ],
          [
            85.311166,
            28.180276
          ],
          [
            85.312294,
            28.180559
          ],
          [
            85.313603,
            28.180425
          ],
          [
            85.314873,
            28.180704
          ],
          [
            85.315818,
            28.180326
          ],
          [
            85.316497,
            28.180511
          ],
          [
            85.317229,
            28.180825
          ],
          [
            85.317579,
            28.181183
          ],
          [
            85.317944,
            28.181418
          ],
          [
            85.318336,
            28.181155
          ],
          [
            85.318855,
            28.181008
          ],
          [
            85.319438,
            28.180654
          ],
          [
            85.320111,
            28.180337
          ],
          [
            85.32099,
            28.179954
          ],
          [
            85.321431,
            28.179976
          ],
          [
            85.321882,
            28.18025
          ],
          [
            85.322262,
            28.180205
          ],
          [
            85.322657,
            28.179914
          ],
          [
            85.323192,
            28.179683
          ],
          [
            85.32363,
            28.179748
          ],
          [
            85.324298,
            28.17995
          ],
          [
            85.324877,
            28.179906
          ],
          [
            85.325432,
            28.179583
          ],
          [
            85.326666,
            28.17944
          ],
          [
            85.327518,
            28.179493
          ],
          [
            85.328281,
            28.17938
          ],
          [
            85.328507,
            28.179384
          ],
          [
            85.328731,
            28.179551
          ],
          [
            85.329059,
            28.179695
          ],
          [
            85.32951,
            28.179857
          ],
          [
            85.330228,
            28.179939
          ],
          [
            85.330436,
            28.180142
          ],
          [
            85.330613,
            28.18024
          ],
          [
            85.330786,
            28.180194
          ],
          [
            85.331322,
            28.180542
          ],
          [
            85.331494,
            28.180605
          ],
          [
            85.332121,
            28.180572
          ],
          [
            85.332339,
            28.180529
          ],
          [
            85.332757,
            28.180641
          ],
          [
            85.333264,
            28.180616
          ],
          [
            85.333667,
            28.180439
          ],
          [
            85.334188,
            28.180546
          ],
          [
            85.334617,
            28.180839
          ],
          [
            85.335982,
            28.180914
          ],
          [
            85.336945,
            28.181896
          ],
          [
            85.338276,
            28.182071
          ],
          [
            85.33876,
            28.182099
          ],
          [
            85.339219,
            28.181779
          ],
          [
            85.339397,
            28.181703
          ],
          [
            85.339616,
            28.181941
          ],
          [
            85.339983,
            28.181987
          ],
          [
            85.340397,
            28.182105
          ],
          [
            85.340794,
            28.182153
          ],
          [
            85.341156,
            28.182147
          ],
          [
            85.341344,
            28.182024
          ],
          [
            85.341594,
            28.182025
          ],
          [
            85.341927,
            28.181838
          ],
          [
            85.342719,
            28.181215
          ]
        ]
      }
    },
    {
      "type": "Feature",
      "properties": {
        "id": "osm-waterway-335032232",
        "name": "Mowa Khola",
        "kind": "observed_tributary",
        "waterway": "stream",
        "corridorKm": 112.2,
        "classification": "observed",
        "source": "OpenStreetMap",
        "osmType": "way",
        "osmId": 335032232
      },
      "geometry": {
        "type": "LineString",
        "coordinates": [
          [
            84.649559,
            27.822774
          ],
          [
            84.649733,
            27.822724
          ],
          [
            84.649894,
            27.822681
          ],
          [
            84.650229,
            27.822506
          ],
          [
            84.650474,
            27.822337
          ],
          [
            84.650752,
            27.822022
          ],
          [
            84.651101,
            27.821825
          ],
          [
            84.651431,
            27.821663
          ],
          [
            84.651724,
            27.821628
          ],
          [
            84.65211,
            27.821692
          ],
          [
            84.652416,
            27.821766
          ],
          [
            84.652559,
            27.821852
          ],
          [
            84.652568,
            27.821858
          ],
          [
            84.652705,
            27.821981
          ],
          [
            84.652668,
            27.822117
          ],
          [
            84.652489,
            27.822181
          ],
          [
            84.652424,
            27.822205
          ],
          [
            84.652341,
            27.822322
          ],
          [
            84.652333,
            27.822344
          ],
          [
            84.652296,
            27.822444
          ],
          [
            84.652293,
            27.822583
          ],
          [
            84.652326,
            27.822737
          ],
          [
            84.65258,
            27.822719
          ],
          [
            84.652805,
            27.822684
          ],
          [
            84.652949,
            27.82268
          ],
          [
            84.653095,
            27.822673
          ],
          [
            84.653278,
            27.822664
          ],
          [
            84.653481,
            27.822687
          ],
          [
            84.653591,
            27.822745
          ],
          [
            84.653708,
            27.822781
          ],
          [
            84.653898,
            27.822947
          ],
          [
            84.653959,
            27.823139
          ],
          [
            84.653965,
            27.823342
          ],
          [
            84.653895,
            27.823541
          ],
          [
            84.653886,
            27.82372
          ],
          [
            84.654174,
            27.823881
          ],
          [
            84.654348,
            27.823974
          ],
          [
            84.654687,
            27.824031
          ],
          [
            84.654923,
            27.823873
          ],
          [
            84.655057,
            27.823771
          ],
          [
            84.655319,
            27.823602
          ],
          [
            84.655618,
            27.823471
          ],
          [
            84.655919,
            27.823349
          ],
          [
            84.656207,
            27.823341
          ],
          [
            84.656596,
            27.82335
          ],
          [
            84.65712,
            27.823382
          ],
          [
            84.657496,
            27.8234
          ],
          [
            84.657757,
            27.823413
          ],
          [
            84.657909,
            27.823413
          ],
          [
            84.658023,
            27.823382
          ],
          [
            84.658115,
            27.823331
          ],
          [
            84.658333,
            27.823201
          ],
          [
            84.658485,
            27.823092
          ],
          [
            84.658585,
            27.822999
          ],
          [
            84.658712,
            27.822893
          ],
          [
            84.658939,
            27.822902
          ],
          [
            84.659201,
            27.822947
          ],
          [
            84.659642,
            27.823026
          ],
          [
            84.659805,
            27.823154
          ],
          [
            84.660007,
            27.823211
          ],
          [
            84.660152,
            27.82322
          ],
          [
            84.66028,
            27.823211
          ],
          [
            84.660371,
            27.823096
          ],
          [
            84.660485,
            27.822982
          ],
          [
            84.660514,
            27.822887
          ],
          [
            84.660526,
            27.822782
          ],
          [
            84.660522,
            27.822646
          ],
          [
            84.660573,
            27.822501
          ],
          [
            84.66079,
            27.822429
          ],
          [
            84.660936,
            27.822447
          ],
          [
            84.661298,
            27.822457
          ],
          [
            84.661659,
            27.822433
          ],
          [
            84.661949,
            27.822367
          ],
          [
            84.66223,
            27.822333
          ],
          [
            84.662339,
            27.822376
          ],
          [
            84.662477,
            27.82238
          ],
          [
            84.66262,
            27.822494
          ],
          [
            84.662693,
            27.822592
          ],
          [
            84.66288,
            27.822737
          ],
          [
            84.663067,
            27.822937
          ],
          [
            84.663198,
            27.823201
          ],
          [
            84.663408,
            27.823557
          ],
          [
            84.663534,
            27.823665
          ],
          [
            84.663706,
            27.823685
          ],
          [
            84.663824,
            27.823661
          ],
          [
            84.663959,
            27.823713
          ],
          [
            84.664081,
            27.823793
          ],
          [
            84.664185,
            27.823888
          ],
          [
            84.66432,
            27.824056
          ],
          [
            84.664541,
            27.824228
          ],
          [
            84.664623,
            27.824336
          ],
          [
            84.664717,
            27.824671
          ],
          [
            84.664867,
            27.824875
          ],
          [
            84.664921,
            27.824999
          ],
          [
            84.66485,
            27.825129
          ],
          [
            84.664805,
            27.825169
          ],
          [
            84.664799,
            27.825228
          ],
          [
            84.664866,
            27.825426
          ],
          [
            84.664956,
            27.825615
          ],
          [
            84.665044,
            27.825778
          ],
          [
            84.665186,
            27.825987
          ]
        ]
      }
    },
    {
      "type": "Feature",
      "properties": {
        "id": "osm-waterway-340517264",
        "name": "Khani Khola",
        "kind": "observed_tributary",
        "waterway": "river",
        "corridorKm": 67.6,
        "classification": "observed",
        "source": "OpenStreetMap",
        "osmType": "way",
        "osmId": 340517264
      },
      "geometry": {
        "type": "LineString",
        "coordinates": [
          [
            84.989949,
            27.862353
          ],
          [
            84.990421,
            27.862042
          ],
          [
            84.990519,
            27.861514
          ],
          [
            84.990436,
            27.860768
          ],
          [
            84.990754,
            27.860249
          ],
          [
            84.991375,
            27.860005
          ],
          [
            84.99148,
            27.859802
          ],
          [
            84.991404,
            27.859651
          ],
          [
            84.990655,
            27.859354
          ],
          [
            84.989989,
            27.859151
          ],
          [
            84.989189,
            27.859193
          ],
          [
            84.9889,
            27.858975
          ],
          [
            84.988834,
            27.858751
          ],
          [
            84.988991,
            27.858463
          ],
          [
            84.98973,
            27.858106
          ],
          [
            84.990473,
            27.858204
          ],
          [
            84.990983,
            27.858092
          ],
          [
            84.991563,
            27.857547
          ],
          [
            84.99176,
            27.857045
          ],
          [
            84.992092,
            27.855256
          ],
          [
            84.992404,
            27.855018
          ],
          [
            84.993647,
            27.855239
          ],
          [
            84.995059,
            27.855421
          ],
          [
            84.99616,
            27.855505
          ],
          [
            84.996846,
            27.85536
          ],
          [
            84.997546,
            27.855402
          ],
          [
            84.998264,
            27.855836
          ],
          [
            84.998622,
            27.855952
          ],
          [
            84.999045,
            27.855913
          ],
          [
            84.999319,
            27.855763
          ],
          [
            84.999478,
            27.855497
          ],
          [
            84.999697,
            27.85521
          ],
          [
            84.999984,
            27.855122
          ],
          [
            85.000364,
            27.855031
          ],
          [
            85.00059,
            27.854852
          ],
          [
            85.000965,
            27.854281
          ],
          [
            85.001172,
            27.854017
          ],
          [
            85.001269,
            27.85372
          ],
          [
            85.001245,
            27.853619
          ],
          [
            85.001063,
            27.85355
          ],
          [
            85.0007,
            27.853521
          ],
          [
            85.000258,
            27.853491
          ],
          [
            84.999767,
            27.853548
          ],
          [
            84.999584,
            27.853542
          ],
          [
            84.999456,
            27.853455
          ],
          [
            84.999445,
            27.853332
          ],
          [
            84.999534,
            27.85323
          ],
          [
            84.999663,
            27.853132
          ],
          [
            84.999915,
            27.853099
          ],
          [
            85.000426,
            27.852853
          ],
          [
            85.001036,
            27.852535
          ],
          [
            85.001962,
            27.852367
          ],
          [
            85.002548,
            27.852398
          ],
          [
            85.002905,
            27.852521
          ],
          [
            85.003137,
            27.852549
          ],
          [
            85.003602,
            27.852601
          ],
          [
            85.003981,
            27.852692
          ],
          [
            85.004216,
            27.852693
          ],
          [
            85.004329,
            27.852661
          ],
          [
            85.004351,
            27.852521
          ],
          [
            85.004577,
            27.851564
          ],
          [
            85.004689,
            27.851257
          ],
          [
            85.004756,
            27.851072
          ],
          [
            85.004973,
            27.851046
          ],
          [
            85.005338,
            27.851106
          ],
          [
            85.005826,
            27.851134
          ],
          [
            85.006417,
            27.850887
          ],
          [
            85.006944,
            27.85049
          ],
          [
            85.006785,
            27.850235
          ],
          [
            85.006111,
            27.849931
          ],
          [
            85.00559,
            27.849416
          ],
          [
            85.005697,
            27.848908
          ],
          [
            85.005422,
            27.848573
          ],
          [
            85.005257,
            27.84817
          ],
          [
            85.005255,
            27.847893
          ],
          [
            85.005301,
            27.847708
          ],
          [
            85.005428,
            27.8476
          ],
          [
            85.00579,
            27.847385
          ],
          [
            85.006229,
            27.84718
          ],
          [
            85.007315,
            27.846237
          ],
          [
            85.007553,
            27.845824
          ],
          [
            85.007983,
            27.845301
          ],
          [
            85.007999,
            27.845055
          ],
          [
            85.007931,
            27.844809
          ],
          [
            85.007429,
            27.84449
          ],
          [
            85.006942,
            27.843755
          ],
          [
            85.005841,
            27.842692
          ],
          [
            85.005764,
            27.842504
          ],
          [
            85.005773,
            27.842268
          ],
          [
            85.005909,
            27.841781
          ]
        ]
      }
    },
    {
      "type": "Feature",
      "properties": {
        "id": "osm-waterway-340573901",
        "name": "Koshi Khola",
        "kind": "observed_tributary",
        "waterway": "stream",
        "corridorKm": 67.6,
        "classification": "observed",
        "source": "OpenStreetMap",
        "osmType": "way",
        "osmId": 340573901
      },
      "geometry": {
        "type": "LineString",
        "coordinates": [
          [
            84.979144,
            27.847169
          ],
          [
            84.979429,
            27.847188
          ],
          [
            84.979709,
            27.847188
          ],
          [
            84.979989,
            27.847326
          ],
          [
            84.980269,
            27.847287
          ],
          [
            84.980535,
            27.846994
          ],
          [
            84.980766,
            27.846695
          ],
          [
            84.980983,
            27.846263
          ],
          [
            84.981134,
            27.845856
          ],
          [
            84.981356,
            27.845692
          ],
          [
            84.98158,
            27.845497
          ],
          [
            84.981896,
            27.845261
          ],
          [
            84.98234,
            27.845015
          ],
          [
            84.982862,
            27.845131
          ],
          [
            84.983186,
            27.845174
          ],
          [
            84.983575,
            27.845354
          ],
          [
            84.983761,
            27.84567
          ],
          [
            84.984201,
            27.846079
          ],
          [
            84.984649,
            27.846179
          ],
          [
            84.985007,
            27.846244
          ],
          [
            84.985291,
            27.846126
          ],
          [
            84.985552,
            27.845921
          ],
          [
            84.985701,
            27.845783
          ],
          [
            84.986126,
            27.845618
          ],
          [
            84.986507,
            27.84544
          ],
          [
            84.986701,
            27.845268
          ],
          [
            84.987223,
            27.845143
          ],
          [
            84.987619,
            27.844885
          ],
          [
            84.988134,
            27.844707
          ],
          [
            84.988641,
            27.844687
          ],
          [
            84.989081,
            27.844783
          ],
          [
            84.989277,
            27.844779
          ],
          [
            84.989376,
            27.844669
          ],
          [
            84.989542,
            27.844567
          ],
          [
            84.989917,
            27.844247
          ],
          [
            84.990197,
            27.84365
          ],
          [
            84.990471,
            27.843373
          ],
          [
            84.990925,
            27.843283
          ],
          [
            84.991326,
            27.843144
          ],
          [
            84.991925,
            27.843149
          ],
          [
            84.992255,
            27.843298
          ],
          [
            84.992311,
            27.843391
          ],
          [
            84.992445,
            27.843535
          ],
          [
            84.992785,
            27.844098
          ],
          [
            84.99292,
            27.844129
          ],
          [
            84.993082,
            27.84406
          ],
          [
            84.993394,
            27.843929
          ],
          [
            84.993684,
            27.843791
          ],
          [
            84.993868,
            27.843754
          ],
          [
            84.994052,
            27.843747
          ],
          [
            84.994293,
            27.84376
          ],
          [
            84.994576,
            27.84386
          ],
          [
            84.994852,
            27.844217
          ],
          [
            84.995206,
            27.844455
          ],
          [
            84.995482,
            27.844473
          ],
          [
            84.995673,
            27.844342
          ],
          [
            84.995701,
            27.84416
          ],
          [
            84.995942,
            27.843847
          ],
          [
            84.996515,
            27.843347
          ],
          [
            84.997032,
            27.843121
          ],
          [
            84.997671,
            27.843084
          ],
          [
            84.998059,
            27.843096
          ],
          [
            84.998799,
            27.843139
          ],
          [
            84.999319,
            27.843286
          ],
          [
            84.999758,
            27.843466
          ],
          [
            84.999961,
            27.843464
          ],
          [
            85.000352,
            27.84317
          ],
          [
            85.000481,
            27.842961
          ],
          [
            85.000523,
            27.842704
          ],
          [
            85.000607,
            27.842318
          ],
          [
            85.00077,
            27.842176
          ],
          [
            85.000883,
            27.842117
          ],
          [
            85.001194,
            27.841984
          ],
          [
            85.001757,
            27.841865
          ],
          [
            85.002283,
            27.841908
          ],
          [
            85.002543,
            27.841927
          ],
          [
            85.00275,
            27.842162
          ],
          [
            85.002994,
            27.842299
          ],
          [
            85.003222,
            27.842337
          ],
          [
            85.003463,
            27.842342
          ],
          [
            85.003774,
            27.842268
          ],
          [
            85.004107,
            27.842114
          ],
          [
            85.004453,
            27.841837
          ],
          [
            85.004634,
            27.841626
          ],
          [
            85.004821,
            27.841418
          ],
          [
            85.005047,
            27.841351
          ],
          [
            85.00517,
            27.841351
          ],
          [
            85.005705,
            27.841648
          ],
          [
            85.005909,
            27.841781
          ]
        ]
      }
    },
    {
      "type": "Feature",
      "properties": {
        "id": "osm-waterway-340607699",
        "name": "Nachhandi Khola",
        "kind": "observed_tributary",
        "waterway": "stream",
        "corridorKm": 0,
        "classification": "observed",
        "source": "OpenStreetMap",
        "osmType": "way",
        "osmId": 340607699
      },
      "geometry": {
        "type": "LineString",
        "coordinates": [
          [
            85.445642,
            28.275891
          ],
          [
            85.444417,
            28.27649
          ],
          [
            85.443501,
            28.276839
          ],
          [
            85.443142,
            28.277144
          ],
          [
            85.44266,
            28.277166
          ],
          [
            85.441892,
            28.277406
          ],
          [
            85.441719,
            28.277743
          ],
          [
            85.441484,
            28.278016
          ],
          [
            85.440915,
            28.278125
          ],
          [
            85.440606,
            28.278234
          ],
          [
            85.439653,
            28.278506
          ],
          [
            85.437747,
            28.278517
          ],
          [
            85.436749,
            28.278773
          ],
          [
            85.435978,
            28.279007
          ],
          [
            85.435532,
            28.279661
          ],
          [
            85.434901,
            28.279868
          ],
          [
            85.434431,
            28.279868
          ],
          [
            85.434382,
            28.279716
          ],
          [
            85.433899,
            28.279618
          ],
          [
            85.43359,
            28.279781
          ],
          [
            85.433132,
            28.279868
          ],
          [
            85.432909,
            28.279629
          ],
          [
            85.431796,
            28.280086
          ],
          [
            85.43135,
            28.280152
          ],
          [
            85.430991,
            28.279803
          ],
          [
            85.430521,
            28.279934
          ],
          [
            85.430038,
            28.279756
          ],
          [
            85.429514,
            28.279506
          ],
          [
            85.429258,
            28.279498
          ],
          [
            85.428923,
            28.279564
          ],
          [
            85.42844,
            28.279858
          ],
          [
            85.428115,
            28.280153
          ],
          [
            85.428012,
            28.280325
          ],
          [
            85.427724,
            28.280382
          ],
          [
            85.42752,
            28.28053
          ],
          [
            85.427418,
            28.28066
          ],
          [
            85.427343,
            28.280947
          ],
          [
            85.427288,
            28.281029
          ],
          [
            85.427167,
            28.281168
          ],
          [
            85.427046,
            28.281193
          ],
          [
            85.426971,
            28.281299
          ],
          [
            85.426823,
            28.281454
          ],
          [
            85.426683,
            28.281463
          ],
          [
            85.426367,
            28.281676
          ],
          [
            85.426079,
            28.281733
          ],
          [
            85.425726,
            28.281831
          ],
          [
            85.425559,
            28.281909
          ],
          [
            85.425428,
            28.281925
          ],
          [
            85.425252,
            28.281925
          ],
          [
            85.425094,
            28.281958
          ],
          [
            85.425019,
            28.282015
          ],
          [
            85.424843,
            28.282073
          ],
          [
            85.424685,
            28.282187
          ],
          [
            85.424452,
            28.282302
          ],
          [
            85.424285,
            28.282261
          ],
          [
            85.423895,
            28.282261
          ],
          [
            85.423532,
            28.282408
          ],
          [
            85.423253,
            28.282416
          ],
          [
            85.423105,
            28.282384
          ],
          [
            85.422844,
            28.282195
          ],
          [
            85.422724,
            28.282163
          ],
          [
            85.422612,
            28.281999
          ],
          [
            85.4225,
            28.281983
          ],
          [
            85.422194,
            28.281983
          ],
          [
            85.422082,
            28.281958
          ],
          [
            85.421961,
            28.281909
          ],
          [
            85.421813,
            28.281794
          ],
          [
            85.421701,
            28.281778
          ],
          [
            85.421441,
            28.281786
          ],
          [
            85.421092,
            28.281969
          ],
          [
            85.420888,
            28.282044
          ],
          [
            85.420579,
            28.28205
          ],
          [
            85.420066,
            28.281842
          ],
          [
            85.419889,
            28.281801
          ],
          [
            85.419744,
            28.28179
          ],
          [
            85.419521,
            28.281743
          ],
          [
            85.419415,
            28.281703
          ],
          [
            85.419291,
            28.281685
          ],
          [
            85.41908,
            28.281685
          ],
          [
            85.418482,
            28.281767
          ],
          [
            85.418232,
            28.281732
          ],
          [
            85.417713,
            28.28172
          ],
          [
            85.417542,
            28.281784
          ],
          [
            85.41743,
            28.281784
          ],
          [
            85.417306,
            28.281876
          ],
          [
            85.417135,
            28.281969
          ],
          [
            85.416964,
            28.282108
          ],
          [
            85.416786,
            28.282201
          ],
          [
            85.416681,
            28.282235
          ],
          [
            85.416596,
            28.282299
          ],
          [
            85.416464,
            28.282334
          ],
          [
            85.416353,
            28.282397
          ],
          [
            85.41628,
            28.282415
          ],
          [
            85.415919,
            28.282426
          ],
          [
            85.415682,
            28.282484
          ],
          [
            85.415459,
            28.282583
          ],
          [
            85.41536,
            28.282565
          ],
          [
            85.415183,
            28.282565
          ],
          [
            85.414992,
            28.282617
          ],
          [
            85.4149,
            28.282698
          ],
          [
            85.414447,
            28.282646
          ],
          [
            85.41419,
            28.282675
          ],
          [
            85.414098,
            28.282733
          ],
          [
            85.413618,
            28.282664
          ],
          [
            85.413507,
            28.282698
          ],
          [
            85.413027,
            28.282716
          ],
          [
            85.412751,
            28.282803
          ],
          [
            85.412567,
            28.282808
          ],
          [
            85.412363,
            28.28278
          ],
          [
            85.412126,
            28.282768
          ],
          [
            85.411903,
            28.282808
          ],
          [
            85.411752,
            28.282762
          ],
          [
            85.411574,
            28.282756
          ],
          [
            85.411489,
            28.282716
          ],
          [
            85.411338,
            28.2826
          ],
          [
            85.410996,
            28.282548
          ],
          [
            85.410726,
            28.282542
          ],
          [
            85.410654,
            28.282513
          ],
          [
            85.410602,
            28.282473
          ],
          [
            85.410188,
            28.28249
          ],
          [
            85.409865,
            28.282583
          ],
          [
            85.409609,
            28.282548
          ],
          [
            85.409294,
            28.282374
          ],
          [
            85.409149,
            28.28223
          ],
          [
            85.408991,
            28.282102
          ],
          [
            85.408906,
            28.282079
          ],
          [
            85.408794,
            28.282015
          ],
          [
            85.408676,
            28.281992
          ],
          [
            85.408551,
            28.28194
          ],
          [
            85.408249,
            28.281888
          ],
          [
            85.408084,
            28.281888
          ],
          [
            85.407992,
            28.281853
          ],
          [
            85.407927,
            28.281796
          ],
          [
            85.407854,
            28.281772
          ],
          [
            85.407749,
            28.28168
          ],
          [
            85.407651,
            28.281662
          ],
          [
            85.407473,
            28.281662
          ],
          [
            85.407388,
            28.28168
          ],
          [
            85.407322,
            28.281738
          ],
          [
            85.407105,
            28.281842
          ],
          [
            85.406974,
            28.281885
          ],
          [
            85.406803,
            28.281995
          ],
          [
            85.406586,
            28.28218
          ],
          [
            85.406375,
            28.282302
          ],
          [
            85.405981,
            28.282603
          ],
          [
            85.405955,
            28.282667
          ],
          [
            85.405639,
            28.28291
          ],
          [
            85.405541,
            28.283176
          ],
          [
            85.405514,
            28.283558
          ],
          [
            85.405442,
            28.283882
          ],
          [
            85.405376,
            28.283986
          ],
          [
            85.405298,
            28.284073
          ],
          [
            85.40512,
            28.284224
          ],
          [
            85.405015,
            28.284244
          ],
          [
            85.404758,
            28.284244
          ],
          [
            85.404292,
            28.28436
          ],
          [
            85.404068,
            28.284464
          ],
          [
            85.403937,
            28.284562
          ],
          [
            85.403694,
            28.284655
          ],
          [
            85.403595,
            28.284742
          ],
          [
            85.403312,
            28.285089
          ],
          [
            85.403155,
            28.285129
          ],
          [
            85.40305,
            28.285182
          ],
          [
            85.402787,
            28.285187
          ],
          [
            85.402543,
            28.285222
          ],
          [
            85.402353,
            28.285274
          ],
          [
            85.402005,
            28.285419
          ],
          [
            85.401913,
            28.285471
          ],
          [
            85.401827,
            28.285494
          ],
          [
            85.401722,
            28.285558
          ],
          [
            85.401604,
            28.285607
          ],
          [
            85.401328,
            28.285607
          ],
          [
            85.40117,
            28.285572
          ],
          [
            85.401019,
            28.285572
          ],
          [
            85.400598,
            28.285682
          ],
          [
            85.400486,
            28.285688
          ],
          [
            85.400223,
            28.285734
          ],
          [
            85.400072,
            28.285804
          ],
          [
            85.399744,
            28.285856
          ],
          [
            85.399632,
            28.285891
          ],
          [
            85.399277,
            28.286047
          ],
          [
            85.399053,
            28.286053
          ],
          [
            85.39881,
            28.286122
          ],
          [
            85.398679,
            28.286139
          ],
          [
            85.398482,
            28.286139
          ],
          [
            85.398317,
            28.286203
          ],
          [
            85.398173,
            28.286215
          ],
          [
            85.397673,
            28.286359
          ],
          [
            85.397424,
            28.28651
          ],
          [
            85.397338,
            28.286539
          ],
          [
            85.39718,
            28.28655
          ],
          [
            85.396845,
            28.286487
          ],
          [
            85.39676,
            28.286446
          ],
          [
            85.396372,
            28.286354
          ],
          [
            85.396162,
            28.286365
          ],
          [
            85.395991,
            28.286429
          ],
          [
            85.395846,
            28.286452
          ],
          [
            85.395642,
            28.286539
          ],
          [
            85.395458,
            28.286637
          ],
          [
            85.395425,
            28.286695
          ],
          [
            85.395208,
            28.286886
          ],
          [
            85.394946,
            28.286973
          ],
          [
            85.3949,
            28.287036
          ],
          [
            85.394762,
            28.287118
          ],
          [
            85.394545,
            28.287198
          ],
          [
            85.394341,
            28.287233
          ],
          [
            85.394078,
            28.287309
          ],
          [
            85.39394,
            28.287332
          ],
          [
            85.393677,
            28.287349
          ],
          [
            85.393552,
            28.287413
          ],
          [
            85.393414,
            28.287609
          ],
          [
            85.393309,
            28.287656
          ],
          [
            85.393059,
            28.28787
          ],
          [
            85.392895,
            28.287986
          ],
          [
            85.392443,
            28.288227
          ],
          [
            85.392258,
            28.288233
          ]
        ]
      }
    },
    {
      "type": "Feature",
      "properties": {
        "id": "osm-waterway-341161944",
        "name": "Phenlun Khola",
        "kind": "observed_tributary",
        "waterway": "stream",
        "corridorKm": 6.7,
        "classification": "observed",
        "source": "OpenStreetMap",
        "osmType": "way",
        "osmId": 341161944
      },
      "geometry": {
        "type": "LineString",
        "coordinates": [
          [
            85.410638,
            28.230907
          ],
          [
            85.410365,
            28.230997
          ],
          [
            85.410016,
            28.231026
          ],
          [
            85.409668,
            28.23095
          ],
          [
            85.409351,
            28.230808
          ],
          [
            85.408868,
            28.230907
          ],
          [
            85.408401,
            28.230936
          ],
          [
            85.408053,
            28.230803
          ],
          [
            85.407608,
            28.230704
          ],
          [
            85.407157,
            28.230902
          ],
          [
            85.406771,
            28.231262
          ],
          [
            85.406433,
            28.231569
          ],
          [
            85.406063,
            28.231602
          ],
          [
            85.405693,
            28.231621
          ],
          [
            85.405376,
            28.23146
          ],
          [
            85.404679,
            28.231295
          ],
          [
            85.404276,
            28.231304
          ],
          [
            85.403751,
            28.231399
          ],
          [
            85.403531,
            28.231375
          ],
          [
            85.402769,
            28.231371
          ],
          [
            85.402496,
            28.231455
          ],
          [
            85.402404,
            28.231508
          ],
          [
            85.402088,
            28.231663
          ],
          [
            85.401734,
            28.231569
          ],
          [
            85.401498,
            28.231573
          ],
          [
            85.401036,
            28.231479
          ],
          [
            85.40073,
            28.231399
          ],
          [
            85.400231,
            28.231233
          ],
          [
            85.399733,
            28.231058
          ],
          [
            85.399089,
            28.230978
          ],
          [
            85.3988,
            28.230855
          ],
          [
            85.398064,
            28.230704
          ],
          [
            85.39762,
            28.230751
          ],
          [
            85.397196,
            28.230671
          ],
          [
            85.396648,
            28.230775
          ],
          [
            85.396418,
            28.230737
          ],
          [
            85.396171,
            28.230808
          ],
          [
            85.39549,
            28.231143
          ],
          [
            85.395184,
            28.231125
          ],
          [
            85.394738,
            28.231375
          ],
          [
            85.393961,
            28.231687
          ],
          [
            85.393488,
            28.231763
          ],
          [
            85.392808,
            28.231782
          ],
          [
            85.392405,
            28.231682
          ],
          [
            85.391901,
            28.231866
          ],
          [
            85.39145,
            28.232093
          ],
          [
            85.391026,
            28.232193
          ],
          [
            85.390527,
            28.232094
          ],
          [
            85.390211,
            28.232098
          ],
          [
            85.389584,
            28.23198
          ],
          [
            85.389111,
            28.232042
          ],
          [
            85.388559,
            28.232051
          ],
          [
            85.388382,
            28.231909
          ],
          [
            85.388098,
            28.231796
          ],
          [
            85.387303,
            28.231541
          ],
          [
            85.386965,
            28.231309
          ],
          [
            85.386327,
            28.231092
          ],
          [
            85.385351,
            28.230888
          ],
          [
            85.384745,
            28.230832
          ],
          [
            85.384412,
            28.230638
          ],
          [
            85.383387,
            28.230364
          ],
          [
            85.382921,
            28.230227
          ],
          [
            85.38254,
            28.229853
          ],
          [
            85.381692,
            28.229537
          ],
          [
            85.381241,
            28.229787
          ],
          [
            85.380968,
            28.229645
          ],
          [
            85.38048,
            28.229414
          ],
          [
            85.380362,
            28.229206
          ],
          [
            85.380094,
            28.229007
          ],
          [
            85.379578,
            28.228762
          ],
          [
            85.379123,
            28.22861
          ],
          [
            85.378784,
            28.228402
          ],
          [
            85.3782,
            28.228293
          ],
          [
            85.377701,
            28.228242
          ],
          [
            85.377101,
            28.228048
          ],
          [
            85.3768,
            28.227892
          ],
          [
            85.376531,
            28.227627
          ],
          [
            85.376092,
            28.227556
          ],
          [
            85.375625,
            28.227311
          ],
          [
            85.375116,
            28.226942
          ],
          [
            85.374681,
            28.226894
          ],
          [
            85.374128,
            28.227008
          ],
          [
            85.373377,
            28.227315
          ],
          [
            85.373012,
            28.227424
          ],
          [
            85.37286,
            28.227405
          ],
          [
            85.372487,
            28.227358
          ],
          [
            85.371907,
            28.226975
          ],
          [
            85.371719,
            28.226968
          ],
          [
            85.371347,
            28.226871
          ],
          [
            85.3712,
            28.226839
          ],
          [
            85.370762,
            28.226743
          ],
          [
            85.370248,
            28.226464
          ],
          [
            85.369658,
            28.226472
          ],
          [
            85.369037,
            28.226427
          ],
          [
            85.368727,
            28.226365
          ],
          [
            85.368185,
            28.226124
          ],
          [
            85.367932,
            28.225694
          ],
          [
            85.367482,
            28.225481
          ],
          [
            85.366806,
            28.225273
          ],
          [
            85.366006,
            28.225207
          ],
          [
            85.365668,
            28.225363
          ],
          [
            85.36539,
            28.225462
          ],
          [
            85.365004,
            28.225368
          ],
          [
            85.364714,
            28.225377
          ],
          [
            85.364231,
            28.225694
          ],
          [
            85.363961,
            28.225893
          ],
          [
            85.363567,
            28.22597
          ],
          [
            85.363299,
            28.226081
          ],
          [
            85.363217,
            28.226372
          ],
          [
            85.363066,
            28.226582
          ],
          [
            85.36269,
            28.226615
          ],
          [
            85.362224,
            28.226519
          ],
          [
            85.361685,
            28.226458
          ],
          [
            85.361439,
            28.226534
          ],
          [
            85.361379,
            28.226493
          ],
          [
            85.36108,
            28.226449
          ]
        ]
      }
    },
    {
      "type": "Feature",
      "properties": {
        "id": "osm-waterway-341943025",
        "name": "Trisuli",
        "kind": "observed_tributary",
        "waterway": "river",
        "corridorKm": 62.6,
        "classification": "observed",
        "source": "OpenStreetMap",
        "osmType": "way",
        "osmId": 341943025
      },
      "geometry": {
        "type": "LineString",
        "coordinates": [
          [
            85.070792,
            27.853702
          ],
          [
            85.070046,
            27.853664
          ],
          [
            85.06984,
            27.853693
          ],
          [
            85.067823,
            27.854285
          ],
          [
            85.067348,
            27.854445
          ],
          [
            85.066625,
            27.854857
          ],
          [
            85.064464,
            27.856087
          ],
          [
            85.063896,
            27.856635
          ],
          [
            85.063711,
            27.857219
          ],
          [
            85.063668,
            27.857442
          ]
        ]
      }
    },
    {
      "type": "Feature",
      "properties": {
        "id": "osm-waterway-341957544",
        "name": "Keurini Khola",
        "kind": "observed_tributary",
        "waterway": "stream",
        "corridorKm": 50.5,
        "classification": "observed",
        "source": "OpenStreetMap",
        "osmType": "way",
        "osmId": 341957544
      },
      "geometry": {
        "type": "LineString",
        "coordinates": [
          [
            85.124126,
            27.936008
          ],
          [
            85.123932,
            27.935498
          ],
          [
            85.123953,
            27.935194
          ],
          [
            85.12406,
            27.935005
          ],
          [
            85.123824,
            27.934559
          ],
          [
            85.123621,
            27.933991
          ],
          [
            85.123513,
            27.933356
          ],
          [
            85.123588,
            27.932711
          ],
          [
            85.123535,
            27.932265
          ],
          [
            85.123739,
            27.932047
          ],
          [
            85.124101,
            27.931859
          ],
          [
            85.124178,
            27.931725
          ],
          [
            85.124157,
            27.931507
          ],
          [
            85.124264,
            27.931062
          ],
          [
            85.124747,
            27.93055
          ],
          [
            85.124903,
            27.93047
          ]
        ]
      }
    },
    {
      "type": "Feature",
      "properties": {
        "id": "osm-waterway-342027020",
        "name": "Briddhim Khola",
        "kind": "observed_tributary",
        "waterway": "stream",
        "corridorKm": 9,
        "classification": "observed",
        "source": "OpenStreetMap",
        "osmType": "way",
        "osmId": 342027020
      },
      "geometry": {
        "type": "LineString",
        "coordinates": [
          [
            85.399633,
            28.200438
          ],
          [
            85.399198,
            28.201037
          ],
          [
            85.398624,
            28.201315
          ],
          [
            85.398434,
            28.201661
          ],
          [
            85.398021,
            28.201955
          ],
          [
            85.397713,
            28.202122
          ],
          [
            85.397214,
            28.202777
          ],
          [
            85.396308,
            28.203208
          ],
          [
            85.395481,
            28.203241
          ],
          [
            85.394823,
            28.203247
          ],
          [
            85.393809,
            28.203385
          ],
          [
            85.393278,
            28.20345
          ],
          [
            85.392562,
            28.203014
          ],
          [
            85.392118,
            28.202689
          ],
          [
            85.391306,
            28.202722
          ],
          [
            85.390711,
            28.202822
          ],
          [
            85.390144,
            28.202609
          ],
          [
            85.38933,
            28.202301
          ],
          [
            85.388867,
            28.202132
          ],
          [
            85.388559,
            28.20232
          ],
          [
            85.387726,
            28.202225
          ],
          [
            85.387369,
            28.201943
          ],
          [
            85.386878,
            28.20203
          ],
          [
            85.386438,
            28.201897
          ],
          [
            85.385872,
            28.202189
          ],
          [
            85.385588,
            28.201816
          ],
          [
            85.384783,
            28.201465
          ],
          [
            85.384371,
            28.201609
          ],
          [
            85.383476,
            28.2014
          ],
          [
            85.383177,
            28.201517
          ],
          [
            85.382746,
            28.201839
          ],
          [
            85.381674,
            28.202196
          ],
          [
            85.380833,
            28.202009
          ],
          [
            85.380073,
            28.201317
          ],
          [
            85.37943,
            28.200875
          ],
          [
            85.378526,
            28.20063
          ],
          [
            85.377625,
            28.200776
          ],
          [
            85.376474,
            28.200975
          ],
          [
            85.375699,
            28.200717
          ],
          [
            85.375152,
            28.200803
          ],
          [
            85.374641,
            28.201139
          ],
          [
            85.374059,
            28.201401
          ],
          [
            85.373431,
            28.202023
          ],
          [
            85.372938,
            28.202051
          ],
          [
            85.372605,
            28.201964
          ],
          [
            85.372067,
            28.201964
          ],
          [
            85.371256,
            28.202138
          ],
          [
            85.370936,
            28.201924
          ],
          [
            85.370595,
            28.202099
          ],
          [
            85.369773,
            28.202213
          ],
          [
            85.369521,
            28.202457
          ],
          [
            85.369362,
            28.202447
          ],
          [
            85.369112,
            28.202476
          ],
          [
            85.368843,
            28.202588
          ],
          [
            85.368724,
            28.202671
          ],
          [
            85.368709,
            28.202686
          ],
          [
            85.368547,
            28.20266
          ],
          [
            85.368314,
            28.202887
          ],
          [
            85.367767,
            28.203198
          ],
          [
            85.367201,
            28.203318
          ],
          [
            85.367068,
            28.20341
          ],
          [
            85.366906,
            28.203682
          ],
          [
            85.366686,
            28.203836
          ],
          [
            85.366467,
            28.203841
          ],
          [
            85.366136,
            28.204058
          ],
          [
            85.365818,
            28.204268
          ],
          [
            85.365713,
            28.204416
          ],
          [
            85.3654,
            28.20452
          ],
          [
            85.364821,
            28.204545
          ],
          [
            85.364668,
            28.204458
          ],
          [
            85.364643,
            28.203967
          ],
          [
            85.364324,
            28.203711
          ],
          [
            85.363528,
            28.20342
          ],
          [
            85.362836,
            28.203322
          ],
          [
            85.362716,
            28.203382
          ],
          [
            85.362443,
            28.203384
          ],
          [
            85.361984,
            28.203272
          ],
          [
            85.361393,
            28.202908
          ],
          [
            85.361026,
            28.202627
          ],
          [
            85.360902,
            28.202428
          ],
          [
            85.360503,
            28.202414
          ],
          [
            85.359967,
            28.202181
          ],
          [
            85.359577,
            28.201905
          ],
          [
            85.358898,
            28.20154
          ],
          [
            85.358669,
            28.201216
          ],
          [
            85.358474,
            28.201025
          ],
          [
            85.357814,
            28.200769
          ],
          [
            85.357091,
            28.200478
          ],
          [
            85.356773,
            28.20052
          ],
          [
            85.355987,
            28.201005
          ],
          [
            85.355766,
            28.201061
          ],
          [
            85.354768,
            28.201005
          ],
          [
            85.354305,
            28.200731
          ],
          [
            85.354161,
            28.200435
          ],
          [
            85.353915,
            28.200507
          ],
          [
            85.35329,
            28.200353
          ],
          [
            85.35291,
            28.200345
          ],
          [
            85.352585,
            28.200351
          ]
        ]
      }
    },
    {
      "type": "Feature",
      "properties": {
        "id": "osm-waterway-342851157",
        "name": "Tadi Khola",
        "kind": "observed_tributary",
        "waterway": "river",
        "corridorKm": 53.6,
        "classification": "observed",
        "source": "OpenStreetMap",
        "osmType": "way",
        "osmId": 342851157
      },
      "geometry": {
        "type": "LineString",
        "coordinates": [
          [
            85.208015,
            27.898626
          ],
          [
            85.205673,
            27.897613
          ],
          [
            85.203032,
            27.897376
          ],
          [
            85.200996,
            27.897603
          ],
          [
            85.200708,
            27.897635
          ],
          [
            85.198868,
            27.897097
          ],
          [
            85.196551,
            27.897448
          ],
          [
            85.196056,
            27.897897
          ],
          [
            85.196032,
            27.899224
          ],
          [
            85.195489,
            27.899744
          ],
          [
            85.193146,
            27.900595
          ],
          [
            85.192707,
            27.90069
          ],
          [
            85.191304,
            27.900994
          ],
          [
            85.190617,
            27.901268
          ],
          [
            85.188276,
            27.902389
          ],
          [
            85.187534,
            27.902564
          ],
          [
            85.186987,
            27.902505
          ],
          [
            85.186564,
            27.902182
          ],
          [
            85.18625,
            27.901572
          ],
          [
            85.185752,
            27.901093
          ],
          [
            85.185248,
            27.900835
          ],
          [
            85.184495,
            27.900786
          ],
          [
            85.183319,
            27.901088
          ],
          [
            85.182365,
            27.901411
          ],
          [
            85.181299,
            27.901684
          ],
          [
            85.180649,
            27.901592
          ],
          [
            85.180136,
            27.901204
          ],
          [
            85.179311,
            27.90023
          ],
          [
            85.178641,
            27.899166
          ],
          [
            85.178212,
            27.899043
          ],
          [
            85.177769,
            27.899032
          ],
          [
            85.177052,
            27.898813
          ],
          [
            85.175724,
            27.89795
          ],
          [
            85.174981,
            27.897098
          ],
          [
            85.173926,
            27.895163
          ],
          [
            85.173053,
            27.89392
          ],
          [
            85.172584,
            27.893356
          ],
          [
            85.171529,
            27.892469
          ],
          [
            85.170239,
            27.891675
          ],
          [
            85.169445,
            27.891007
          ],
          [
            85.168324,
            27.890063
          ],
          [
            85.167569,
            27.889637
          ],
          [
            85.166657,
            27.889372
          ],
          [
            85.166007,
            27.889509
          ],
          [
            85.165302,
            27.890144
          ],
          [
            85.164455,
            27.890915
          ],
          [
            85.164051,
            27.891157
          ],
          [
            85.163491,
            27.891318
          ],
          [
            85.162957,
            27.891214
          ],
          [
            85.162202,
            27.890823
          ],
          [
            85.161225,
            27.890201
          ],
          [
            85.159258,
            27.88943
          ],
          [
            85.156939,
            27.887864
          ],
          [
            85.15505,
            27.886643
          ],
          [
            85.154177,
            27.885722
          ],
          [
            85.153591,
            27.884859
          ],
          [
            85.1535,
            27.88449
          ],
          [
            85.153576,
            27.884029
          ],
          [
            85.153665,
            27.883579
          ],
          [
            85.153679,
            27.883508
          ],
          [
            85.153753,
            27.881643
          ],
          [
            85.15368,
            27.88046
          ],
          [
            85.153745,
            27.878479
          ],
          [
            85.153655,
            27.87802
          ],
          [
            85.153395,
            27.877692
          ],
          [
            85.152322,
            27.876651
          ]
        ]
      }
    },
    {
      "type": "Feature",
      "properties": {
        "id": "osm-waterway-343007943",
        "name": "Adheri Khola",
        "kind": "observed_tributary",
        "waterway": "stream",
        "corridorKm": 36.9,
        "classification": "observed",
        "source": "OpenStreetMap",
        "osmType": "way",
        "osmId": 343007943
      },
      "geometry": {
        "type": "LineString",
        "coordinates": [
          [
            85.166286,
            28.024478
          ],
          [
            85.167184,
            28.023728
          ],
          [
            85.167247,
            28.02374
          ],
          [
            85.167275,
            28.023484
          ],
          [
            85.167421,
            28.023415
          ],
          [
            85.168225,
            28.023033
          ],
          [
            85.169004,
            28.021917
          ],
          [
            85.170142,
            28.021405
          ],
          [
            85.171223,
            28.021074
          ],
          [
            85.172545,
            28.020854
          ],
          [
            85.173637,
            28.020755
          ],
          [
            85.175193,
            28.020644
          ],
          [
            85.176018,
            28.020674
          ],
          [
            85.176613,
            28.020789
          ],
          [
            85.177204,
            28.020977
          ],
          [
            85.177998,
            28.021424
          ],
          [
            85.178387,
            28.021418
          ],
          [
            85.178867,
            28.021375
          ],
          [
            85.179371,
            28.021098
          ],
          [
            85.179785,
            28.021038
          ],
          [
            85.1801,
            28.020905
          ]
        ]
      }
    },
    {
      "type": "Feature",
      "properties": {
        "id": "osm-waterway-343218667",
        "name": "Marsyangdi",
        "kind": "observed_tributary",
        "waterway": "river",
        "corridorKm": 129.5,
        "classification": "observed",
        "source": "OpenStreetMap",
        "osmType": "way",
        "osmId": 343218667
      },
      "geometry": {
        "type": "LineString",
        "coordinates": [
          [
            84.545302,
            27.905145
          ],
          [
            84.545254,
            27.904462
          ],
          [
            84.545153,
            27.904118
          ],
          [
            84.544431,
            27.903462
          ],
          [
            84.543754,
            27.903218
          ],
          [
            84.542789,
            27.903051
          ],
          [
            84.542232,
            27.902828
          ],
          [
            84.541705,
            27.902577
          ],
          [
            84.541178,
            27.902148
          ],
          [
            84.541018,
            27.901779
          ],
          [
            84.540813,
            27.901229
          ],
          [
            84.540763,
            27.900858
          ],
          [
            84.540872,
            27.90026
          ],
          [
            84.540904,
            27.899927
          ],
          [
            84.540802,
            27.898903
          ],
          [
            84.54076,
            27.898492
          ],
          [
            84.540687,
            27.898039
          ],
          [
            84.540442,
            27.897498
          ],
          [
            84.540249,
            27.896801
          ],
          [
            84.540232,
            27.89637
          ],
          [
            84.540852,
            27.894444
          ],
          [
            84.540926,
            27.894033
          ],
          [
            84.540793,
            27.892714
          ],
          [
            84.540593,
            27.89177
          ],
          [
            84.540582,
            27.891322
          ],
          [
            84.540618,
            27.890814
          ],
          [
            84.540652,
            27.890533
          ],
          [
            84.540612,
            27.890226
          ],
          [
            84.540558,
            27.889983
          ],
          [
            84.540622,
            27.889568
          ],
          [
            84.54073,
            27.889284
          ],
          [
            84.540774,
            27.889132
          ],
          [
            84.540765,
            27.888529
          ],
          [
            84.540695,
            27.888229
          ],
          [
            84.540573,
            27.888
          ],
          [
            84.540519,
            27.88789
          ],
          [
            84.540578,
            27.887691
          ],
          [
            84.540551,
            27.887528
          ],
          [
            84.540361,
            27.887329
          ],
          [
            84.540335,
            27.886948
          ],
          [
            84.540298,
            27.88688
          ],
          [
            84.540264,
            27.886582
          ],
          [
            84.540406,
            27.886323
          ],
          [
            84.540503,
            27.885918
          ],
          [
            84.540552,
            27.885489
          ],
          [
            84.54072,
            27.885219
          ],
          [
            84.540921,
            27.885024
          ],
          [
            84.541117,
            27.884918
          ],
          [
            84.541385,
            27.884587
          ],
          [
            84.541916,
            27.884244
          ],
          [
            84.542472,
            27.883832
          ],
          [
            84.542823,
            27.883524
          ],
          [
            84.54315,
            27.883083
          ],
          [
            84.543533,
            27.882826
          ],
          [
            84.543922,
            27.88247
          ],
          [
            84.544211,
            27.882236
          ],
          [
            84.544624,
            27.882023
          ],
          [
            84.544858,
            27.881842
          ],
          [
            84.545002,
            27.88158
          ],
          [
            84.545123,
            27.881358
          ],
          [
            84.545181,
            27.881044
          ],
          [
            84.545085,
            27.880715
          ],
          [
            84.544837,
            27.880367
          ],
          [
            84.544568,
            27.880101
          ],
          [
            84.543727,
            27.879688
          ],
          [
            84.542924,
            27.879155
          ],
          [
            84.541431,
            27.878478
          ],
          [
            84.541056,
            27.878183
          ],
          [
            84.540895,
            27.878001
          ],
          [
            84.540621,
            27.877443
          ],
          [
            84.540565,
            27.877009
          ],
          [
            84.540898,
            27.875906
          ],
          [
            84.541334,
            27.875173
          ],
          [
            84.542252,
            27.873746
          ],
          [
            84.543214,
            27.872325
          ],
          [
            84.543637,
            27.871962
          ],
          [
            84.543864,
            27.871449
          ],
          [
            84.544371,
            27.870335
          ],
          [
            84.544489,
            27.870014
          ],
          [
            84.544869,
            27.869739
          ],
          [
            84.545615,
            27.869506
          ],
          [
            84.54649,
            27.869455
          ],
          [
            84.546781,
            27.869666
          ],
          [
            84.547151,
            27.869763
          ],
          [
            84.547436,
            27.869973
          ],
          [
            84.548079,
            27.870482
          ],
          [
            84.548652,
            27.870645
          ],
          [
            84.549754,
            27.870847
          ],
          [
            84.550795,
            27.870931
          ],
          [
            84.551343,
            27.870778
          ],
          [
            84.552206,
            27.870419
          ],
          [
            84.552541,
            27.870024
          ],
          [
            84.552613,
            27.86958
          ],
          [
            84.552573,
            27.869144
          ],
          [
            84.552447,
            27.868803
          ],
          [
            84.552443,
            27.86861
          ],
          [
            84.552388,
            27.868493
          ],
          [
            84.552198,
            27.86831
          ],
          [
            84.551964,
            27.867918
          ],
          [
            84.551177,
            27.86734
          ],
          [
            84.550732,
            27.866787
          ],
          [
            84.550104,
            27.866271
          ],
          [
            84.549138,
            27.866101
          ],
          [
            84.548283,
            27.865025
          ],
          [
            84.547555,
            27.864007
          ],
          [
            84.54745,
            27.863485
          ],
          [
            84.547517,
            27.863213
          ],
          [
            84.547677,
            27.862836
          ],
          [
            84.54792,
            27.862616
          ],
          [
            84.552391,
            27.860681
          ],
          [
            84.554172,
            27.859969
          ],
          [
            84.555019,
            27.859633
          ],
          [
            84.55573,
            27.859441
          ],
          [
            84.55614,
            27.859362
          ],
          [
            84.556701,
            27.85932
          ],
          [
            84.557251,
            27.859272
          ],
          [
            84.557793,
            27.859173
          ],
          [
            84.558587,
            27.858917
          ],
          [
            84.558879,
            27.858732
          ],
          [
            84.559056,
            27.858492
          ],
          [
            84.559142,
            27.85826
          ],
          [
            84.559195,
            27.857839
          ]
        ]
      }
    },
    {
      "type": "Feature",
      "properties": {
        "id": "osm-waterway-401818844",
        "name": "吉隆藏布",
        "kind": "observed_tributary",
        "waterway": "river",
        "corridorKm": 0,
        "classification": "observed",
        "source": "OpenStreetMap",
        "osmType": "way",
        "osmId": 401818844
      },
      "geometry": {
        "type": "LineString",
        "coordinates": [
          [
            85.347951,
            28.301216
          ],
          [
            85.348052,
            28.300869
          ],
          [
            85.348084,
            28.300702
          ],
          [
            85.348116,
            28.300534
          ],
          [
            85.348099,
            28.300087
          ],
          [
            85.348035,
            28.29947
          ],
          [
            85.34799,
            28.299123
          ],
          [
            85.347919,
            28.298896
          ],
          [
            85.347796,
            28.298717
          ],
          [
            85.347895,
            28.298298
          ],
          [
            85.348324,
            28.297993
          ],
          [
            85.348416,
            28.297783
          ],
          [
            85.348421,
            28.297453
          ],
          [
            85.348011,
            28.296993
          ],
          [
            85.347927,
            28.29639
          ],
          [
            85.348042,
            28.296
          ],
          [
            85.348058,
            28.294634
          ],
          [
            85.348144,
            28.294058
          ],
          [
            85.348305,
            28.293203
          ],
          [
            85.348258,
            28.292754
          ],
          [
            85.347889,
            28.292216
          ],
          [
            85.347281,
            28.29168
          ],
          [
            85.347012,
            28.2913
          ],
          [
            85.347009,
            28.290831
          ],
          [
            85.347185,
            28.289866
          ],
          [
            85.347356,
            28.289451
          ],
          [
            85.347463,
            28.288979
          ],
          [
            85.347536,
            28.288858
          ],
          [
            85.347849,
            28.288641
          ],
          [
            85.348052,
            28.288481
          ],
          [
            85.348211,
            28.28827
          ],
          [
            85.348302,
            28.287881
          ],
          [
            85.348359,
            28.28775
          ],
          [
            85.348535,
            28.287697
          ],
          [
            85.348946,
            28.287734
          ],
          [
            85.349132,
            28.287683
          ],
          [
            85.349462,
            28.287524
          ],
          [
            85.349677,
            28.287459
          ],
          [
            85.349879,
            28.287429
          ],
          [
            85.350171,
            28.287472
          ],
          [
            85.350304,
            28.287431
          ],
          [
            85.35105,
            28.286995
          ],
          [
            85.351508,
            28.286648
          ],
          [
            85.351837,
            28.286507
          ],
          [
            85.352144,
            28.286482
          ],
          [
            85.352968,
            28.286468
          ],
          [
            85.353611,
            28.286486
          ],
          [
            85.35444,
            28.286658
          ],
          [
            85.35524,
            28.286637
          ],
          [
            85.356284,
            28.286424
          ],
          [
            85.357196,
            28.286261
          ],
          [
            85.357756,
            28.286093
          ]
        ]
      }
    },
    {
      "type": "Feature",
      "properties": {
        "id": "osm-waterway-448811220",
        "name": "Archale Small River(Spring)",
        "kind": "observed_tributary",
        "waterway": "stream",
        "corridorKm": 77.9,
        "classification": "observed",
        "source": "OpenStreetMap",
        "osmType": "way",
        "osmId": 448811220
      },
      "geometry": {
        "type": "LineString",
        "coordinates": [
          [
            84.959456,
            27.834845
          ],
          [
            84.959425,
            27.83479
          ],
          [
            84.959424,
            27.834552
          ],
          [
            84.959429,
            27.834516
          ],
          [
            84.959453,
            27.834475
          ],
          [
            84.959471,
            27.834459
          ],
          [
            84.959491,
            27.834453
          ],
          [
            84.959579,
            27.834457
          ],
          [
            84.959655,
            27.834423
          ],
          [
            84.959679,
            27.834413
          ],
          [
            84.959917,
            27.83419
          ],
          [
            84.960046,
            27.834064
          ],
          [
            84.960076,
            27.834022
          ],
          [
            84.960092,
            27.833969
          ],
          [
            84.960116,
            27.833785
          ],
          [
            84.960137,
            27.833709
          ],
          [
            84.96018,
            27.833675
          ],
          [
            84.960266,
            27.833604
          ],
          [
            84.960328,
            27.833502
          ],
          [
            84.960336,
            27.83345
          ],
          [
            84.960336,
            27.833367
          ],
          [
            84.960309,
            27.833074
          ],
          [
            84.960316,
            27.832968
          ],
          [
            84.960331,
            27.832872
          ],
          [
            84.96029,
            27.832129
          ],
          [
            84.960277,
            27.831892
          ],
          [
            84.960216,
            27.831716
          ],
          [
            84.96021,
            27.831695
          ],
          [
            84.960206,
            27.831643
          ],
          [
            84.960207,
            27.831616
          ],
          [
            84.960251,
            27.831505
          ],
          [
            84.96043,
            27.831334
          ],
          [
            84.960424,
            27.831159
          ],
          [
            84.960381,
            27.831035
          ],
          [
            84.960301,
            27.830869
          ],
          [
            84.960215,
            27.830727
          ],
          [
            84.960124,
            27.830443
          ],
          [
            84.96014,
            27.830342
          ],
          [
            84.960215,
            27.829816
          ],
          [
            84.960233,
            27.8297
          ],
          [
            84.960279,
            27.829389
          ]
        ]
      }
    },
    {
      "type": "Feature",
      "properties": {
        "id": "osm-waterway-538656220",
        "name": "Thopal Khola",
        "kind": "observed_tributary",
        "waterway": "river",
        "corridorKm": 92.2,
        "classification": "observed",
        "source": "OpenStreetMap",
        "osmType": "way",
        "osmId": 538656220
      },
      "geometry": {
        "type": "LineString",
        "coordinates": [
          [
            84.882664,
            27.910964
          ],
          [
            84.88311,
            27.910661
          ],
          [
            84.883743,
            27.910467
          ],
          [
            84.88443,
            27.910241
          ],
          [
            84.884624,
            27.910038
          ],
          [
            84.884758,
            27.909888
          ],
          [
            84.884816,
            27.909467
          ],
          [
            84.884811,
            27.909169
          ],
          [
            84.884735,
            27.909063
          ],
          [
            84.88432,
            27.90888
          ],
          [
            84.883725,
            27.90861
          ],
          [
            84.883513,
            27.908402
          ],
          [
            84.883454,
            27.908297
          ],
          [
            84.883426,
            27.908157
          ],
          [
            84.883495,
            27.907896
          ],
          [
            84.883523,
            27.907663
          ],
          [
            84.883935,
            27.907584
          ],
          [
            84.884228,
            27.907503
          ],
          [
            84.884873,
            27.907288
          ],
          [
            84.885792,
            27.90716
          ],
          [
            84.886189,
            27.907004
          ],
          [
            84.886388,
            27.906919
          ],
          [
            84.886742,
            27.906719
          ],
          [
            84.886983,
            27.906465
          ],
          [
            84.887185,
            27.906065
          ],
          [
            84.887031,
            27.905353
          ],
          [
            84.886786,
            27.904873
          ],
          [
            84.886592,
            27.904401
          ],
          [
            84.886444,
            27.903984
          ],
          [
            84.886111,
            27.903361
          ],
          [
            84.886036,
            27.903273
          ],
          [
            84.885944,
            27.903188
          ],
          [
            84.885451,
            27.902732
          ],
          [
            84.88507,
            27.902427
          ],
          [
            84.884813,
            27.902296
          ],
          [
            84.884456,
            27.902133
          ],
          [
            84.884217,
            27.902135
          ],
          [
            84.884013,
            27.902149
          ],
          [
            84.883839,
            27.902273
          ],
          [
            84.88359,
            27.902567
          ],
          [
            84.883282,
            27.902942
          ],
          [
            84.883163,
            27.903064
          ],
          [
            84.882962,
            27.903178
          ],
          [
            84.882697,
            27.90324
          ],
          [
            84.882538,
            27.90324
          ],
          [
            84.882418,
            27.903183
          ],
          [
            84.882308,
            27.902984
          ],
          [
            84.882192,
            27.90278
          ],
          [
            84.882053,
            27.902555
          ],
          [
            84.881771,
            27.902185
          ],
          [
            84.88139,
            27.90181
          ],
          [
            84.881133,
            27.901678
          ],
          [
            84.880763,
            27.901573
          ],
          [
            84.880076,
            27.901411
          ],
          [
            84.879273,
            27.901362
          ],
          [
            84.879078,
            27.901361
          ],
          [
            84.878761,
            27.901371
          ],
          [
            84.878388,
            27.901373
          ],
          [
            84.87794,
            27.901249
          ],
          [
            84.877568,
            27.901114
          ],
          [
            84.877375,
            27.900881
          ],
          [
            84.877276,
            27.900699
          ],
          [
            84.877217,
            27.900429
          ],
          [
            84.877295,
            27.900175
          ],
          [
            84.877413,
            27.899957
          ],
          [
            84.877533,
            27.899767
          ],
          [
            84.877681,
            27.899506
          ],
          [
            84.877895,
            27.899215
          ],
          [
            84.878118,
            27.898937
          ],
          [
            84.878249,
            27.898598
          ],
          [
            84.878263,
            27.898335
          ],
          [
            84.878201,
            27.897762
          ],
          [
            84.877853,
            27.896922
          ],
          [
            84.877705,
            27.896465
          ],
          [
            84.877622,
            27.896067
          ],
          [
            84.877364,
            27.89556
          ],
          [
            84.877179,
            27.89513
          ],
          [
            84.877168,
            27.894908
          ],
          [
            84.877101,
            27.894327
          ],
          [
            84.877185,
            27.893917
          ],
          [
            84.877252,
            27.893597
          ],
          [
            84.877254,
            27.893374
          ],
          [
            84.877252,
            27.893213
          ],
          [
            84.877182,
            27.892926
          ],
          [
            84.877032,
            27.892651
          ],
          [
            84.876801,
            27.892378
          ],
          [
            84.876525,
            27.892193
          ],
          [
            84.876139,
            27.891949
          ],
          [
            84.875884,
            27.8917
          ],
          [
            84.875715,
            27.89157
          ],
          [
            84.875613,
            27.891371
          ],
          [
            84.875369,
            27.891096
          ],
          [
            84.875099,
            27.890896
          ],
          [
            84.874805,
            27.890661
          ],
          [
            84.872692,
            27.88968
          ],
          [
            84.872341,
            27.889429
          ],
          [
            84.872263,
            27.889339
          ],
          [
            84.87222,
            27.889247
          ],
          [
            84.872212,
            27.889185
          ],
          [
            84.872217,
            27.889109
          ],
          [
            84.872314,
            27.888936
          ],
          [
            84.872437,
            27.888865
          ],
          [
            84.872697,
            27.888825
          ],
          [
            84.873357,
            27.888773
          ],
          [
            84.874081,
            27.888838
          ],
          [
            84.874824,
            27.888846
          ],
          [
            84.875062,
            27.888871
          ],
          [
            84.875374,
            27.888863
          ],
          [
            84.875658,
            27.888765
          ],
          [
            84.875933,
            27.888522
          ],
          [
            84.876189,
            27.888158
          ],
          [
            84.876327,
            27.887712
          ],
          [
            84.876437,
            27.88725
          ],
          [
            84.876498,
            27.887048
          ],
          [
            84.876575,
            27.886797
          ],
          [
            84.877069,
            27.885627
          ],
          [
            84.877342,
            27.885145
          ],
          [
            84.877548,
            27.884755
          ],
          [
            84.877668,
            27.88439
          ],
          [
            84.877727,
            27.884121
          ],
          [
            84.877528,
            27.883669
          ],
          [
            84.877216,
            27.883297
          ],
          [
            84.8766,
            27.882897
          ],
          [
            84.876243,
            27.882514
          ],
          [
            84.876104,
            27.882165
          ],
          [
            84.875945,
            27.881691
          ],
          [
            84.875787,
            27.8812
          ],
          [
            84.875666,
            27.880797
          ],
          [
            84.875471,
            27.880297
          ],
          [
            84.87516,
            27.879723
          ],
          [
            84.874162,
            27.878881
          ],
          [
            84.873586,
            27.878695
          ],
          [
            84.873275,
            27.878589
          ],
          [
            84.873,
            27.878524
          ],
          [
            84.872523,
            27.878338
          ],
          [
            84.872129,
            27.878217
          ],
          [
            84.871707,
            27.878071
          ],
          [
            84.871461,
            27.877902
          ],
          [
            84.87126,
            27.87772
          ],
          [
            84.871139,
            27.87758
          ],
          [
            84.871021,
            27.877414
          ],
          [
            84.870967,
            27.877234
          ],
          [
            84.870946,
            27.876799
          ],
          [
            84.871139,
            27.876426
          ],
          [
            84.871533,
            27.876013
          ],
          [
            84.872294,
            27.875559
          ],
          [
            84.87228,
            27.875296
          ],
          [
            84.872175,
            27.875228
          ],
          [
            84.871856,
            27.875099
          ],
          [
            84.871414,
            27.875
          ],
          [
            84.870989,
            27.874815
          ],
          [
            84.870828,
            27.874725
          ],
          [
            84.870597,
            27.87454
          ],
          [
            84.870358,
            27.874256
          ],
          [
            84.870216,
            27.873952
          ],
          [
            84.870149,
            27.87376
          ],
          [
            84.87008,
            27.873582
          ],
          [
            84.870061,
            27.873362
          ],
          [
            84.870085,
            27.873201
          ],
          [
            84.870114,
            27.872693
          ],
          [
            84.870144,
            27.872567
          ],
          [
            84.870198,
            27.872323
          ],
          [
            84.870214,
            27.872131
          ],
          [
            84.870184,
            27.871927
          ],
          [
            84.870066,
            27.87161
          ],
          [
            84.869739,
            27.870687
          ],
          [
            84.869621,
            27.870498
          ],
          [
            84.869438,
            27.870199
          ],
          [
            84.869331,
            27.870087
          ],
          [
            84.869143,
            27.869952
          ],
          [
            84.868779,
            27.869867
          ],
          [
            84.868508,
            27.869773
          ],
          [
            84.868139,
            27.869691
          ],
          [
            84.867619,
            27.869328
          ],
          [
            84.867472,
            27.869166
          ],
          [
            84.867177,
            27.868821
          ],
          [
            84.867121,
            27.868703
          ],
          [
            84.867046,
            27.868392
          ],
          [
            84.867011,
            27.868164
          ],
          [
            84.867057,
            27.867851
          ],
          [
            84.867108,
            27.867626
          ],
          [
            84.867213,
            27.867386
          ],
          [
            84.867395,
            27.866922
          ],
          [
            84.867391,
            27.866652
          ],
          [
            84.867359,
            27.86648
          ],
          [
            84.867068,
            27.866191
          ],
          [
            84.866879,
            27.865991
          ],
          [
            84.866743,
            27.865779
          ],
          [
            84.866552,
            27.865475
          ],
          [
            84.866402,
            27.865148
          ],
          [
            84.866332,
            27.864959
          ],
          [
            84.86618,
            27.864631
          ],
          [
            84.866,
            27.864406
          ],
          [
            84.865593,
            27.864098
          ],
          [
            84.865098,
            27.863931
          ],
          [
            84.864677,
            27.863893
          ],
          [
            84.86447,
            27.86383
          ],
          [
            84.864226,
            27.863714
          ],
          [
            84.863848,
            27.863281
          ],
          [
            84.863492,
            27.86269
          ],
          [
            84.863439,
            27.862108
          ],
          [
            84.863454,
            27.861676
          ],
          [
            84.863907,
            27.861022
          ],
          [
            84.863769,
            27.860754
          ],
          [
            84.863549,
            27.860511
          ],
          [
            84.862889,
            27.860325
          ],
          [
            84.861483,
            27.859956
          ],
          [
            84.861067,
            27.859824
          ],
          [
            84.860672,
            27.85961
          ],
          [
            84.860534,
            27.859288
          ],
          [
            84.860445,
            27.859146
          ],
          [
            84.860379,
            27.859014
          ],
          [
            84.860288,
            27.858738
          ],
          [
            84.860242,
            27.858376
          ],
          [
            84.860419,
            27.85785
          ],
          [
            84.860784,
            27.856694
          ],
          [
            84.860941,
            27.855995
          ],
          [
            84.860892,
            27.855578
          ],
          [
            84.860781,
            27.855134
          ],
          [
            84.860579,
            27.854838
          ],
          [
            84.860185,
            27.854838
          ],
          [
            84.858985,
            27.854523
          ],
          [
            84.858471,
            27.854093
          ],
          [
            84.858215,
            27.853647
          ],
          [
            84.858086,
            27.853056
          ],
          [
            84.857958,
            27.852424
          ],
          [
            84.857811,
            27.85201
          ],
          [
            84.856904,
            27.851435
          ],
          [
            84.855804,
            27.85073
          ],
          [
            84.855086,
            27.850135
          ],
          [
            84.854075,
            27.849691
          ],
          [
            84.852971,
            27.849579
          ],
          [
            84.852412,
            27.849668
          ],
          [
            84.851752,
            27.849848
          ],
          [
            84.851322,
            27.84981
          ],
          [
            84.850733,
            27.849569
          ],
          [
            84.849871,
            27.849279
          ],
          [
            84.849272,
            27.849018
          ],
          [
            84.848922,
            27.848781
          ],
          [
            84.848421,
            27.848345
          ],
          [
            84.84814,
            27.847988
          ],
          [
            84.848034,
            27.847507
          ],
          [
            84.848104,
            27.846781
          ],
          [
            84.848095,
            27.846092
          ],
          [
            84.84792,
            27.845549
          ],
          [
            84.847599,
            27.844813
          ],
          [
            84.847324,
            27.844203
          ],
          [
            84.846995,
            27.843703
          ],
          [
            84.846781,
            27.843506
          ],
          [
            84.846628,
            27.843346
          ],
          [
            84.846295,
            27.843143
          ],
          [
            84.845856,
            27.843037
          ],
          [
            84.845448,
            27.842938
          ],
          [
            84.844883,
            27.842548
          ],
          [
            84.844443,
            27.842219
          ],
          [
            84.844054,
            27.84193
          ],
          [
            84.843777,
            27.841561
          ],
          [
            84.843562,
            27.841099
          ],
          [
            84.843668,
            27.840747
          ],
          [
            84.844117,
            27.840291
          ],
          [
            84.84474,
            27.839788
          ],
          [
            84.844869,
            27.839521
          ],
          [
            84.844942,
            27.839285
          ],
          [
            84.845043,
            27.83901
          ],
          [
            84.845198,
            27.838734
          ],
          [
            84.845895,
            27.837972
          ],
          [
            84.846051,
            27.837802
          ],
          [
            84.846243,
            27.837405
          ],
          [
            84.846253,
            27.835897
          ],
          [
            84.846243,
            27.835638
          ],
          [
            84.846418,
            27.835265
          ],
          [
            84.847022,
            27.834941
          ],
          [
            84.847178,
            27.834852
          ],
          [
            84.8472,
            27.834683
          ],
          [
            84.847215,
            27.834568
          ],
          [
            84.846876,
            27.834163
          ],
          [
            84.845978,
            27.833539
          ],
          [
            84.84518,
            27.832404
          ],
          [
            84.844905,
            27.831942
          ],
          [
            84.844758,
            27.830466
          ],
          [
            84.84485,
            27.829162
          ],
          [
            84.844667,
            27.828626
          ],
          [
            84.844649,
            27.828018
          ],
          [
            84.844786,
            27.827346
          ],
          [
            84.844951,
            27.827159
          ],
          [
            84.845198,
            27.826957
          ],
          [
            84.845629,
            27.826478
          ],
          [
            84.845648,
            27.825587
          ],
          [
            84.845409,
            27.824946
          ],
          [
            84.844978,
            27.824095
          ],
          [
            84.84474,
            27.82322
          ],
          [
            84.844667,
            27.822757
          ],
          [
            84.844685,
            27.822287
          ],
          [
            84.84452,
            27.821841
          ],
          [
            84.844447,
            27.821582
          ],
          [
            84.844364,
            27.821387
          ],
          [
            84.844273,
            27.821217
          ],
          [
            84.84408,
            27.821006
          ],
          [
            84.843879,
            27.820917
          ],
          [
            84.843588,
            27.820879
          ],
          [
            84.843152,
            27.820847
          ],
          [
            84.842268,
            27.820786
          ],
          [
            84.841907,
            27.820785
          ],
          [
            84.841031,
            27.820692
          ],
          [
            84.840913,
            27.820618
          ],
          [
            84.840837,
            27.820541
          ],
          [
            84.840852,
            27.820422
          ],
          [
            84.840985,
            27.820144
          ],
          [
            84.841175,
            27.819695
          ],
          [
            84.841257,
            27.819394
          ],
          [
            84.841356,
            27.819091
          ],
          [
            84.841634,
            27.818184
          ],
          [
            84.841631,
            27.818057
          ],
          [
            84.841563,
            27.817851
          ],
          [
            84.841384,
            27.817491
          ],
          [
            84.841245,
            27.817159
          ],
          [
            84.8412,
            27.816695
          ],
          [
            84.841272,
            27.815617
          ],
          [
            84.84133,
            27.815365
          ],
          [
            84.841285,
            27.815135
          ],
          [
            84.841239,
            27.814917
          ],
          [
            84.841006,
            27.814722
          ],
          [
            84.840772,
            27.814642
          ],
          [
            84.840416,
            27.814568
          ],
          [
            84.840047,
            27.814568
          ],
          [
            84.83947,
            27.814533
          ],
          [
            84.838543,
            27.814671
          ],
          [
            84.838005,
            27.814895
          ],
          [
            84.837136,
            27.815118
          ],
          [
            84.836239,
            27.8148
          ],
          [
            84.835235,
            27.814058
          ]
        ]
      }
    },
    {
      "type": "Feature",
      "properties": {
        "id": "osm-waterway-539219218",
        "name": "Dharne Khola",
        "kind": "observed_tributary",
        "waterway": "river",
        "corridorKm": 53.6,
        "classification": "observed",
        "source": "OpenStreetMap",
        "osmType": "way",
        "osmId": 539219218
      },
      "geometry": {
        "type": "LineString",
        "coordinates": [
          [
            85.161789,
            27.862834
          ],
          [
            85.161612,
            27.863057
          ],
          [
            85.161462,
            27.86346
          ],
          [
            85.161162,
            27.86381
          ],
          [
            85.160898,
            27.864128
          ],
          [
            85.16063,
            27.864555
          ],
          [
            85.160308,
            27.864759
          ],
          [
            85.159906,
            27.86484
          ],
          [
            85.159476,
            27.864707
          ],
          [
            85.159139,
            27.864475
          ],
          [
            85.159059,
            27.864347
          ],
          [
            85.158887,
            27.864071
          ],
          [
            85.158683,
            27.863934
          ],
          [
            85.158087,
            27.863825
          ],
          [
            85.157642,
            27.863934
          ],
          [
            85.157234,
            27.864233
          ],
          [
            85.157074,
            27.864607
          ],
          [
            85.156768,
            27.865229
          ],
          [
            85.156644,
            27.86576
          ],
          [
            85.156494,
            27.866054
          ],
          [
            85.156338,
            27.866144
          ],
          [
            85.156124,
            27.866158
          ],
          [
            85.155845,
            27.866115
          ],
          [
            85.155029,
            27.865973
          ],
          [
            85.154638,
            27.865774
          ],
          [
            85.154289,
            27.865651
          ],
          [
            85.153978,
            27.865594
          ],
          [
            85.153828,
            27.865703
          ],
          [
            85.153758,
            27.865935
          ],
          [
            85.153753,
            27.866528
          ],
          [
            85.15364,
            27.866775
          ],
          [
            85.153323,
            27.867064
          ],
          [
            85.152953,
            27.86724
          ],
          [
            85.15253,
            27.867268
          ],
          [
            85.151945,
            27.867292
          ],
          [
            85.151703,
            27.867372
          ],
          [
            85.151526,
            27.867557
          ],
          [
            85.151275,
            27.867851
          ],
          [
            85.151081,
            27.867965
          ],
          [
            85.150867,
            27.86796
          ],
          [
            85.150572,
            27.86806
          ],
          [
            85.150201,
            27.868297
          ],
          [
            85.149933,
            27.868662
          ],
          [
            85.149853,
            27.869051
          ],
          [
            85.149939,
            27.869392
          ],
          [
            85.149987,
            27.869857
          ],
          [
            85.149879,
            27.870255
          ],
          [
            85.149345,
            27.870465
          ],
          [
            85.148919,
            27.870417
          ],
          [
            85.148594,
            27.870535
          ],
          [
            85.148405,
            27.87096
          ],
          [
            85.148555,
            27.871654
          ],
          [
            85.148522,
            27.872217
          ],
          [
            85.148269,
            27.872659
          ],
          [
            85.148023,
            27.872817
          ],
          [
            85.147952,
            27.872926
          ],
          [
            85.147912,
            27.87309
          ],
          [
            85.147886,
            27.873291
          ],
          [
            85.147949,
            27.873563
          ],
          [
            85.147972,
            27.873663
          ],
          [
            85.148386,
            27.874508
          ],
          [
            85.148684,
            27.87489
          ],
          [
            85.148758,
            27.875043
          ],
          [
            85.148792,
            27.875492
          ]
        ]
      }
    },
    {
      "type": "Feature",
      "properties": {
        "id": "osm-waterway-809865765",
        "name": "Chilime Khola",
        "kind": "observed_tributary",
        "waterway": "river",
        "corridorKm": 11.3,
        "classification": "observed",
        "source": "OpenStreetMap",
        "osmType": "way",
        "osmId": 809865765
      },
      "geometry": {
        "type": "LineString",
        "coordinates": [
          [
            85.342719,
            28.181215
          ],
          [
            85.342756,
            28.181158
          ]
        ]
      }
    },
    {
      "type": "Feature",
      "properties": {
        "id": "osm-waterway-849300217",
        "name": "Simlun Khola",
        "kind": "observed_tributary",
        "waterway": "stream",
        "corridorKm": 3.3,
        "classification": "observed",
        "source": "OpenStreetMap",
        "osmType": "way",
        "osmId": 849300217
      },
      "geometry": {
        "type": "LineString",
        "coordinates": [
          [
            85.310125,
            28.244995
          ],
          [
            85.310769,
            28.24508
          ],
          [
            85.312614,
            28.245912
          ],
          [
            85.314546,
            28.24663
          ],
          [
            85.316048,
            28.246857
          ],
          [
            85.316648,
            28.247689
          ],
          [
            85.317292,
            28.24905
          ],
          [
            85.318108,
            28.250675
          ],
          [
            85.31903,
            28.251734
          ],
          [
            85.319695,
            28.252566
          ],
          [
            85.321219,
            28.253719
          ],
          [
            85.323257,
            28.255231
          ],
          [
            85.324352,
            28.256081
          ],
          [
            85.325081,
            28.255741
          ],
          [
            85.325618,
            28.255703
          ],
          [
            85.326154,
            28.256781
          ],
          [
            85.32697,
            28.257348
          ],
          [
            85.327785,
            28.258614
          ],
          [
            85.328579,
            28.258633
          ],
          [
            85.329436,
            28.258441
          ],
          [
            85.329845,
            28.258349
          ],
          [
            85.33124,
            28.258425
          ],
          [
            85.332291,
            28.258784
          ],
          [
            85.333428,
            28.258954
          ],
          [
            85.33493,
            28.258614
          ],
          [
            85.335746,
            28.258349
          ],
          [
            85.337655,
            28.258236
          ],
          [
            85.339265,
            28.258236
          ],
          [
            85.341046,
            28.258066
          ],
          [
            85.342526,
            28.258047
          ],
          [
            85.34407,
            28.258009
          ],
          [
            85.345417,
            28.256784
          ],
          [
            85.348092,
            28.256891
          ],
          [
            85.348653,
            28.256699
          ],
          [
            85.350657,
            28.256015
          ],
          [
            85.351643,
            28.255078
          ],
          [
            85.351692,
            28.25469
          ],
          [
            85.352817,
            28.254753
          ],
          [
            85.353892,
            28.254983
          ],
          [
            85.353895,
            28.254243
          ],
          [
            85.354172,
            28.254019
          ],
          [
            85.355118,
            28.254102
          ],
          [
            85.357522,
            28.253124
          ],
          [
            85.358263,
            28.252984
          ],
          [
            85.358464,
            28.252986
          ],
          [
            85.35881,
            28.253173
          ],
          [
            85.359011,
            28.253395
          ],
          [
            85.359129,
            28.253636
          ],
          [
            85.359194,
            28.254019
          ],
          [
            85.359288,
            28.254283
          ],
          [
            85.359368,
            28.254274
          ],
          [
            85.359486,
            28.254184
          ],
          [
            85.359601,
            28.254068
          ],
          [
            85.359752,
            28.253931
          ],
          [
            85.360049,
            28.253728
          ],
          [
            85.36043,
            28.253694
          ],
          [
            85.360862,
            28.253589
          ],
          [
            85.361256,
            28.253513
          ],
          [
            85.361519,
            28.253273
          ],
          [
            85.361586,
            28.253242
          ],
          [
            85.361683,
            28.253292
          ],
          [
            85.361868,
            28.25317
          ],
          [
            85.362023,
            28.253045
          ],
          [
            85.362328,
            28.252801
          ],
          [
            85.362576,
            28.252577
          ],
          [
            85.363078,
            28.252341
          ],
          [
            85.363349,
            28.252357
          ],
          [
            85.363587,
            28.252401
          ],
          [
            85.364097,
            28.252197
          ],
          [
            85.364362,
            28.251962
          ],
          [
            85.364746,
            28.251772
          ]
        ]
      }
    },
    {
      "type": "Feature",
      "properties": {
        "id": "osm-waterway-886701669",
        "name": "Palpuchhe Khola",
        "kind": "observed_tributary",
        "waterway": "stream",
        "corridorKm": 7.8,
        "classification": "observed",
        "source": "OpenStreetMap",
        "osmType": "way",
        "osmId": 886701669
      },
      "geometry": {
        "type": "LineString",
        "coordinates": [
          [
            85.323838,
            28.224855
          ],
          [
            85.3252,
            28.224439
          ],
          [
            85.32686,
            28.223766
          ],
          [
            85.327848,
            28.223183
          ],
          [
            85.328885,
            28.222969
          ],
          [
            85.329649,
            28.222388
          ],
          [
            85.330737,
            28.221634
          ],
          [
            85.331584,
            28.221149
          ],
          [
            85.331951,
            28.21999
          ],
          [
            85.333243,
            28.219609
          ],
          [
            85.334059,
            28.219285
          ],
          [
            85.334694,
            28.218951
          ],
          [
            85.335319,
            28.218712
          ],
          [
            85.335399,
            28.218734
          ],
          [
            85.335852,
            28.218855
          ],
          [
            85.336301,
            28.218922
          ],
          [
            85.336591,
            28.218854
          ],
          [
            85.336609,
            28.21885
          ],
          [
            85.336917,
            28.21882
          ],
          [
            85.337463,
            28.218467
          ],
          [
            85.338137,
            28.218029
          ],
          [
            85.338588,
            28.217645
          ],
          [
            85.339329,
            28.216992
          ],
          [
            85.339747,
            28.216631
          ],
          [
            85.341282,
            28.216609
          ],
          [
            85.342655,
            28.216382
          ],
          [
            85.345327,
            28.215635
          ],
          [
            85.347369,
            28.215991
          ],
          [
            85.348962,
            28.21684
          ],
          [
            85.350719,
            28.21656
          ],
          [
            85.351981,
            28.215993
          ],
          [
            85.353984,
            28.216319
          ],
          [
            85.354333,
            28.21637
          ],
          [
            85.354433,
            28.216384
          ],
          [
            85.354701,
            28.216075
          ]
        ]
      }
    },
    {
      "type": "Feature",
      "properties": {
        "id": "osm-waterway-887693318",
        "name": "Kalphu River",
        "kind": "observed_tributary",
        "waterway": "river",
        "corridorKm": 71,
        "classification": "observed",
        "source": "OpenStreetMap",
        "osmType": "way",
        "osmId": 887693318
      },
      "geometry": {
        "type": "LineString",
        "coordinates": [
          [
            85.016089,
            27.810005
          ],
          [
            85.015626,
            27.809964
          ],
          [
            85.01531,
            27.809989
          ],
          [
            85.014999,
            27.810133
          ],
          [
            85.014828,
            27.810149
          ],
          [
            85.013874,
            27.809662
          ],
          [
            85.013734,
            27.809476
          ],
          [
            85.01357,
            27.809252
          ]
        ]
      }
    },
    {
      "type": "Feature",
      "properties": {
        "id": "osm-waterway-887693319",
        "name": "Kalphu River",
        "kind": "observed_tributary",
        "waterway": "river",
        "corridorKm": 71,
        "classification": "observed",
        "source": "OpenStreetMap",
        "osmType": "way",
        "osmId": 887693319
      },
      "geometry": {
        "type": "LineString",
        "coordinates": [
          [
            85.016207,
            27.810038
          ],
          [
            85.016089,
            27.810005
          ]
        ]
      }
    },
    {
      "type": "Feature",
      "properties": {
        "id": "osm-waterway-887693320",
        "name": "Kalphu River",
        "kind": "observed_tributary",
        "waterway": "river",
        "corridorKm": 71,
        "classification": "observed",
        "source": "OpenStreetMap",
        "osmType": "way",
        "osmId": 887693320
      },
      "geometry": {
        "type": "LineString",
        "coordinates": [
          [
            85.026837,
            27.816019
          ],
          [
            85.026796,
            27.815771
          ],
          [
            85.026761,
            27.81553
          ],
          [
            85.02671,
            27.815384
          ],
          [
            85.02665,
            27.815262
          ],
          [
            85.026567,
            27.815114
          ],
          [
            85.026441,
            27.815029
          ],
          [
            85.026205,
            27.814981
          ],
          [
            85.02525,
            27.814844
          ],
          [
            85.025155,
            27.814794
          ],
          [
            85.025128,
            27.814721
          ],
          [
            85.025173,
            27.814508
          ],
          [
            85.025251,
            27.814308
          ],
          [
            85.025328,
            27.814149
          ],
          [
            85.025349,
            27.814059
          ],
          [
            85.025237,
            27.813529
          ],
          [
            85.025105,
            27.813383
          ],
          [
            85.024924,
            27.813313
          ],
          [
            85.024674,
            27.813325
          ],
          [
            85.024384,
            27.81352
          ],
          [
            85.024272,
            27.813772
          ],
          [
            85.024222,
            27.813953
          ],
          [
            85.024154,
            27.814095
          ],
          [
            85.023869,
            27.814801
          ],
          [
            85.023818,
            27.81503
          ],
          [
            85.023743,
            27.815116
          ],
          [
            85.023622,
            27.815151
          ],
          [
            85.023296,
            27.815084
          ],
          [
            85.023143,
            27.814998
          ],
          [
            85.022978,
            27.814878
          ],
          [
            85.022716,
            27.81475
          ],
          [
            85.02255,
            27.814661
          ],
          [
            85.022344,
            27.814487
          ],
          [
            85.022013,
            27.814142
          ],
          [
            85.021498,
            27.813933
          ],
          [
            85.021254,
            27.813939
          ],
          [
            85.021157,
            27.813996
          ],
          [
            85.021024,
            27.81421
          ],
          [
            85.020943,
            27.814265
          ],
          [
            85.020785,
            27.814268
          ],
          [
            85.020551,
            27.814172
          ],
          [
            85.020422,
            27.814025
          ],
          [
            85.020406,
            27.813775
          ],
          [
            85.020399,
            27.813508
          ],
          [
            85.020372,
            27.813292
          ],
          [
            85.020321,
            27.813044
          ],
          [
            85.020198,
            27.812791
          ],
          [
            85.02005,
            27.812608
          ],
          [
            85.019701,
            27.812502
          ],
          [
            85.018762,
            27.812355
          ],
          [
            85.018138,
            27.812317
          ],
          [
            85.017935,
            27.812287
          ],
          [
            85.017815,
            27.812198
          ],
          [
            85.017752,
            27.812059
          ],
          [
            85.017765,
            27.811927
          ],
          [
            85.017877,
            27.81184
          ],
          [
            85.018124,
            27.811592
          ],
          [
            85.018265,
            27.811456
          ],
          [
            85.018328,
            27.811306
          ],
          [
            85.018397,
            27.810655
          ],
          [
            85.018314,
            27.810477
          ],
          [
            85.018169,
            27.810419
          ],
          [
            85.017961,
            27.810378
          ],
          [
            85.017242,
            27.810216
          ],
          [
            85.016565,
            27.810099
          ],
          [
            85.016207,
            27.810038
          ]
        ]
      }
    },
    {
      "type": "Feature",
      "properties": {
        "id": "osm-waterway-887693321",
        "name": "Kalphu River",
        "kind": "observed_tributary",
        "waterway": "river",
        "corridorKm": 69.8,
        "classification": "observed",
        "source": "OpenStreetMap",
        "osmType": "way",
        "osmId": 887693321
      },
      "geometry": {
        "type": "LineString",
        "coordinates": [
          [
            85.026939,
            27.816161
          ],
          [
            85.026837,
            27.816019
          ]
        ]
      }
    },
    {
      "type": "Feature",
      "properties": {
        "id": "osm-waterway-904894054",
        "name": "吉隆藏布",
        "kind": "observed_tributary",
        "waterway": "river",
        "corridorKm": 0,
        "classification": "observed",
        "source": "OpenStreetMap",
        "osmType": "way",
        "osmId": 904894054
      },
      "geometry": {
        "type": "LineString",
        "coordinates": [
          [
            85.357756,
            28.286093
          ],
          [
            85.358385,
            28.285817
          ],
          [
            85.358964,
            28.285626
          ],
          [
            85.359894,
            28.285561
          ],
          [
            85.36081,
            28.285666
          ],
          [
            85.36125,
            28.285768
          ],
          [
            85.361518,
            28.285706
          ],
          [
            85.361662,
            28.285586
          ],
          [
            85.36181,
            28.285347
          ],
          [
            85.36191,
            28.285254
          ],
          [
            85.36221,
            28.285218
          ],
          [
            85.362465,
            28.285286
          ],
          [
            85.362819,
            28.285428
          ],
          [
            85.363273,
            28.285463
          ],
          [
            85.363711,
            28.285439
          ],
          [
            85.364111,
            28.285467
          ],
          [
            85.364507,
            28.285604
          ],
          [
            85.36498,
            28.285785
          ],
          [
            85.365236,
            28.285807
          ],
          [
            85.365882,
            28.285723
          ],
          [
            85.366439,
            28.285812
          ],
          [
            85.367244,
            28.285994
          ],
          [
            85.367763,
            28.285953
          ],
          [
            85.368406,
            28.285775
          ],
          [
            85.368652,
            28.285735
          ],
          [
            85.369084,
            28.285665
          ],
          [
            85.369581,
            28.285573
          ],
          [
            85.370151,
            28.285479
          ],
          [
            85.371015,
            28.285121
          ],
          [
            85.371319,
            28.284922
          ],
          [
            85.371736,
            28.284647
          ],
          [
            85.372101,
            28.284516
          ],
          [
            85.372527,
            28.284454
          ],
          [
            85.372884,
            28.284348
          ],
          [
            85.375098,
            28.283066
          ],
          [
            85.375904,
            28.282305
          ],
          [
            85.376552,
            28.280944
          ],
          [
            85.376729,
            28.279915
          ],
          [
            85.37701,
            28.279286
          ],
          [
            85.377113,
            28.278946
          ],
          [
            85.377125,
            28.278683
          ],
          [
            85.376997,
            28.278054
          ]
        ]
      }
    },
    {
      "type": "Feature",
      "properties": {
        "id": "osm-waterway-934964391",
        "name": "Langtang Khola",
        "kind": "observed_tributary",
        "waterway": "river",
        "corridorKm": 13.5,
        "classification": "observed",
        "source": "OpenStreetMap",
        "osmType": "way",
        "osmId": 934964391
      },
      "geometry": {
        "type": "LineString",
        "coordinates": [
          [
            85.398786,
            28.155585
          ],
          [
            85.398264,
            28.155508
          ],
          [
            85.397377,
            28.155329
          ],
          [
            85.397117,
            28.155061
          ],
          [
            85.396171,
            28.154687
          ],
          [
            85.395455,
            28.15478
          ],
          [
            85.394427,
            28.1547
          ],
          [
            85.392329,
            28.154654
          ],
          [
            85.389624,
            28.154433
          ],
          [
            85.387061,
            28.153925
          ],
          [
            85.386228,
            28.153747
          ],
          [
            85.385635,
            28.153668
          ],
          [
            85.385078,
            28.153477
          ],
          [
            85.384409,
            28.153419
          ],
          [
            85.383694,
            28.153421
          ],
          [
            85.382767,
            28.153776
          ],
          [
            85.382644,
            28.153823
          ],
          [
            85.381812,
            28.153798
          ],
          [
            85.381456,
            28.153787
          ],
          [
            85.380649,
            28.153503
          ],
          [
            85.379663,
            28.15302
          ],
          [
            85.378208,
            28.152547
          ],
          [
            85.37802,
            28.152486
          ],
          [
            85.37688,
            28.15182
          ],
          [
            85.376615,
            28.151643
          ],
          [
            85.376244,
            28.151524
          ],
          [
            85.37585,
            28.151709
          ],
          [
            85.375451,
            28.151902
          ],
          [
            85.375238,
            28.152015
          ],
          [
            85.374733,
            28.152013
          ],
          [
            85.374295,
            28.151713
          ],
          [
            85.37403,
            28.151678
          ],
          [
            85.373603,
            28.151855
          ],
          [
            85.373038,
            28.151835
          ],
          [
            85.371989,
            28.151622
          ],
          [
            85.371129,
            28.151249
          ],
          [
            85.370808,
            28.15113
          ],
          [
            85.370497,
            28.15122
          ],
          [
            85.369156,
            28.1518
          ],
          [
            85.368638,
            28.151839
          ],
          [
            85.368145,
            28.151819
          ],
          [
            85.367248,
            28.151526
          ],
          [
            85.366674,
            28.151417
          ],
          [
            85.36604,
            28.151059
          ],
          [
            85.365736,
            28.151038
          ],
          [
            85.365442,
            28.151143
          ],
          [
            85.365015,
            28.151863
          ],
          [
            85.364348,
            28.152085
          ],
          [
            85.363597,
            28.152061
          ],
          [
            85.362791,
            28.151924
          ],
          [
            85.362247,
            28.151925
          ],
          [
            85.361569,
            28.151735
          ],
          [
            85.361021,
            28.151767
          ],
          [
            85.359077,
            28.152611
          ],
          [
            85.358427,
            28.152364
          ],
          [
            85.357648,
            28.152969
          ],
          [
            85.357081,
            28.153249
          ],
          [
            85.356971,
            28.153315
          ],
          [
            85.355682,
            28.153297
          ],
          [
            85.355217,
            28.153838
          ],
          [
            85.354051,
            28.154534
          ],
          [
            85.35347,
            28.155156
          ],
          [
            85.352636,
            28.15548
          ],
          [
            85.352294,
            28.156008
          ],
          [
            85.351331,
            28.156727
          ],
          [
            85.350993,
            28.157539
          ],
          [
            85.350603,
            28.157731
          ],
          [
            85.349661,
            28.157981
          ],
          [
            85.349402,
            28.158188
          ],
          [
            85.349035,
            28.158969
          ],
          [
            85.348456,
            28.159709
          ],
          [
            85.348233,
            28.159795
          ],
          [
            85.34819,
            28.159905
          ],
          [
            85.348231,
            28.160202
          ],
          [
            85.347819,
            28.160854
          ],
          [
            85.346851,
            28.161409
          ],
          [
            85.346479,
            28.161895
          ],
          [
            85.34562,
            28.162665
          ],
          [
            85.345233,
            28.162829
          ],
          [
            85.345007,
            28.16294
          ],
          [
            85.344786,
            28.162969
          ],
          [
            85.343458,
            28.163594
          ],
          [
            85.342045,
            28.163983
          ],
          [
            85.341306,
            28.164423
          ]
        ]
      }
    },
    {
      "type": "Feature",
      "properties": {
        "id": "osm-waterway-937405875",
        "name": "东林藏布",
        "kind": "observed_tributary",
        "waterway": "river",
        "corridorKm": 0,
        "classification": "observed",
        "source": "OpenStreetMap",
        "osmType": "way",
        "osmId": 937405875
      },
      "geometry": {
        "type": "LineString",
        "coordinates": [
          [
            85.431109,
            28.330637
          ],
          [
            85.430892,
            28.330507
          ],
          [
            85.429558,
            28.330149
          ],
          [
            85.429039,
            28.33005
          ],
          [
            85.428214,
            28.330278
          ],
          [
            85.427696,
            28.330243
          ],
          [
            85.426304,
            28.330511
          ],
          [
            85.425733,
            28.330472
          ],
          [
            85.425307,
            28.330242
          ],
          [
            85.424897,
            28.330126
          ],
          [
            85.424415,
            28.330167
          ],
          [
            85.423763,
            28.330007
          ],
          [
            85.42333,
            28.329826
          ],
          [
            85.422931,
            28.329659
          ],
          [
            85.422033,
            28.329593
          ],
          [
            85.421434,
            28.329211
          ],
          [
            85.420727,
            28.3289
          ],
          [
            85.420398,
            28.328413
          ],
          [
            85.420054,
            28.328118
          ],
          [
            85.419761,
            28.328096
          ],
          [
            85.419448,
            28.328192
          ],
          [
            85.419223,
            28.328121
          ],
          [
            85.418717,
            28.327735
          ],
          [
            85.418052,
            28.327394
          ],
          [
            85.417314,
            28.327102
          ],
          [
            85.416923,
            28.327052
          ],
          [
            85.416552,
            28.327278
          ],
          [
            85.416218,
            28.327384
          ],
          [
            85.415691,
            28.327376
          ],
          [
            85.415338,
            28.327204
          ],
          [
            85.415191,
            28.327067
          ],
          [
            85.414594,
            28.326511
          ],
          [
            85.413691,
            28.325363
          ],
          [
            85.413625,
            28.324754
          ],
          [
            85.413283,
            28.323944
          ],
          [
            85.413177,
            28.323487
          ],
          [
            85.413073,
            28.322945
          ],
          [
            85.413289,
            28.322635
          ],
          [
            85.413312,
            28.322257
          ],
          [
            85.413318,
            28.321797
          ],
          [
            85.413548,
            28.320935
          ],
          [
            85.413623,
            28.320313
          ],
          [
            85.413821,
            28.319636
          ],
          [
            85.413961,
            28.31916
          ],
          [
            85.413981,
            28.318787
          ],
          [
            85.413951,
            28.318579
          ],
          [
            85.413968,
            28.317983
          ],
          [
            85.41431,
            28.31764
          ],
          [
            85.41446,
            28.31726
          ],
          [
            85.414377,
            28.316884
          ],
          [
            85.414233,
            28.316206
          ],
          [
            85.413902,
            28.314647
          ],
          [
            85.413836,
            28.314125
          ],
          [
            85.413721,
            28.313402
          ],
          [
            85.413703,
            28.312879
          ],
          [
            85.413342,
            28.3121
          ],
          [
            85.412949,
            28.311115
          ],
          [
            85.412755,
            28.310509
          ],
          [
            85.412685,
            28.310339
          ],
          [
            85.412468,
            28.309817
          ],
          [
            85.412389,
            28.309357
          ],
          [
            85.412009,
            28.308446
          ],
          [
            85.411939,
            28.308276
          ],
          [
            85.411541,
            28.307882
          ],
          [
            85.4111,
            28.30758
          ],
          [
            85.41069,
            28.307487
          ],
          [
            85.410415,
            28.307494
          ],
          [
            85.409664,
            28.307352
          ],
          [
            85.40915,
            28.307021
          ],
          [
            85.409019,
            28.30682
          ],
          [
            85.408992,
            28.306361
          ],
          [
            85.408941,
            28.306035
          ],
          [
            85.40879,
            28.305917
          ],
          [
            85.408812,
            28.305763
          ],
          [
            85.408593,
            28.305478
          ],
          [
            85.408566,
            28.305281
          ],
          [
            85.408441,
            28.305117
          ],
          [
            85.407838,
            28.304788
          ],
          [
            85.407444,
            28.30474
          ],
          [
            85.407163,
            28.304669
          ],
          [
            85.406891,
            28.304534
          ],
          [
            85.406597,
            28.304025
          ],
          [
            85.406033,
            28.303529
          ],
          [
            85.404549,
            28.302342
          ],
          [
            85.404199,
            28.302135
          ],
          [
            85.403758,
            28.301637
          ],
          [
            85.403576,
            28.301496
          ],
          [
            85.403375,
            28.301472
          ],
          [
            85.402943,
            28.301549
          ],
          [
            85.402733,
            28.301509
          ],
          [
            85.402569,
            28.301303
          ],
          [
            85.402216,
            28.301145
          ],
          [
            85.401773,
            28.300754
          ],
          [
            85.401132,
            28.300567
          ],
          [
            85.400781,
            28.300223
          ],
          [
            85.400834,
            28.299874
          ],
          [
            85.400709,
            28.299655
          ],
          [
            85.399919,
            28.299159
          ],
          [
            85.399567,
            28.299136
          ],
          [
            85.39882,
            28.298851
          ],
          [
            85.398366,
            28.298702
          ],
          [
            85.397983,
            28.298449
          ],
          [
            85.39767,
            28.29814
          ],
          [
            85.397427,
            28.297792
          ],
          [
            85.397377,
            28.297441
          ],
          [
            85.39734,
            28.297182
          ],
          [
            85.397383,
            28.296548
          ],
          [
            85.397401,
            28.29625
          ],
          [
            85.397311,
            28.295878
          ],
          [
            85.397414,
            28.295421
          ],
          [
            85.397296,
            28.295017
          ],
          [
            85.397092,
            28.294648
          ],
          [
            85.397184,
            28.294323
          ],
          [
            85.397085,
            28.294048
          ],
          [
            85.396816,
            28.293904
          ],
          [
            85.396648,
            28.293803
          ],
          [
            85.396213,
            28.293541
          ],
          [
            85.395565,
            28.292835
          ],
          [
            85.395145,
            28.292429
          ],
          [
            85.394529,
            28.291933
          ],
          [
            85.394359,
            28.291468
          ],
          [
            85.393919,
            28.29084
          ],
          [
            85.393275,
            28.290292
          ],
          [
            85.393402,
            28.289944
          ],
          [
            85.393279,
            28.289361
          ],
          [
            85.392872,
            28.288939
          ],
          [
            85.392258,
            28.288233
          ],
          [
            85.391837,
            28.288272
          ],
          [
            85.391655,
            28.28819
          ],
          [
            85.391419,
            28.288085
          ],
          [
            85.390903,
            28.288181
          ],
          [
            85.390595,
            28.288088
          ],
          [
            85.390281,
            28.287858
          ],
          [
            85.389623,
            28.287377
          ],
          [
            85.387395,
            28.286342
          ],
          [
            85.386986,
            28.285951
          ],
          [
            85.386797,
            28.28543
          ],
          [
            85.386477,
            28.28464
          ],
          [
            85.385926,
            28.284168
          ],
          [
            85.384923,
            28.283757
          ],
          [
            85.383869,
            28.282919
          ],
          [
            85.383533,
            28.282743
          ],
          [
            85.383215,
            28.282658
          ],
          [
            85.383027,
            28.282566
          ],
          [
            85.382539,
            28.282061
          ],
          [
            85.382141,
            28.281901
          ],
          [
            85.38167,
            28.281845
          ],
          [
            85.38141,
            28.281686
          ],
          [
            85.380776,
            28.280374
          ],
          [
            85.380417,
            28.28002
          ],
          [
            85.379659,
            28.279744
          ],
          [
            85.379235,
            28.279603
          ],
          [
            85.378955,
            28.27944
          ],
          [
            85.378506,
            28.279029
          ],
          [
            85.378305,
            28.278821
          ],
          [
            85.377759,
            28.278514
          ],
          [
            85.376997,
            28.278054
          ]
        ]
      }
    },
    {
      "type": "Feature",
      "properties": {
        "id": "osm-waterway-1235631876",
        "name": "Koshi Khola",
        "kind": "observed_tributary",
        "waterway": "river",
        "corridorKm": 68.7,
        "classification": "observed",
        "source": "OpenStreetMap",
        "osmType": "way",
        "osmId": 1235631876
      },
      "geometry": {
        "type": "LineString",
        "coordinates": [
          [
            85.005909,
            27.841781
          ],
          [
            85.006486,
            27.841171
          ],
          [
            85.007092,
            27.840628
          ],
          [
            85.007238,
            27.840354
          ],
          [
            85.007354,
            27.839866
          ],
          [
            85.007648,
            27.839159
          ],
          [
            85.008466,
            27.838966
          ],
          [
            85.010584,
            27.838236
          ],
          [
            85.012364,
            27.837242
          ],
          [
            85.012689,
            27.836695
          ],
          [
            85.012239,
            27.835634
          ],
          [
            85.01266,
            27.834315
          ],
          [
            85.012945,
            27.833419
          ],
          [
            85.013958,
            27.832547
          ],
          [
            85.015381,
            27.832531
          ],
          [
            85.017413,
            27.834062
          ],
          [
            85.019092,
            27.834008
          ],
          [
            85.020523,
            27.834352
          ],
          [
            85.021954,
            27.833773
          ],
          [
            85.022039,
            27.833731
          ],
          [
            85.022318,
            27.833547
          ],
          [
            85.022895,
            27.832966
          ]
        ]
      }
    }
  ]
}